filename,Building
tyrol-w27-63-_png_jpg.rf.28c6faa2f1bd8f419bb2e946d478532c.jpg,1
Mykolaiv_2022_A_1_R3C4_500_1000_14000_14500_jpg.rf.a63de5f045d5a7081b12a2243327f57b.jpg,1
tyrol-w27-60-_png_jpg.rf.b173e0510b3ded1498e81a4992a59cc6.jpg,0
Mykolaiv_2022_A_1_R3C4_7500_8000_15500_16000_jpg.rf.828d066c849ebafade632106319a532a.jpg,1
Mykolaiv_2022_A_1_R3C4_500_1000_4500_5000_jpg.rf.ba5286a7d458a5382370de7d56d0a7cb.jpg,1
Mykolaiv_2022_A_1_R3C4_500_1000_7500_8000_jpg.rf.c64d66b58421bbb4e2eb45277361341a.jpg,1
Mykolaiv_2022_A_1_R3C4_5500_6000_12500_13000_jpg.rf.e4142fcf9fc0fa5e3e4e969c20bdc624.jpg,1
tyrol-w27-72-_png_jpg.rf.82ab426e52cee7cb8af7166ad7a9c4dc.jpg,1
tyrol-w27-70-_png_jpg.rf.545cacd00d05d8b74d5d41653fbee098.jpg,0
Mykolaiv_2022_A_1_R3C4_5500_6000_14000_14500_jpg.rf.842f993bb1caa3cdcd86827c9040fe10.jpg,1
Mykolaiv_2022_A_1_R4C2_5000_5500_16000_16500_jpg.rf.50315c4ba0f3dda694ea96b5a1ca4fa7.jpg,1
tyrol-w27-79-_png_jpg.rf.538c7b63a1fc24ede0f7182c023cb86d.jpg,0
Mykolaiv_2022_A_1_R4C4_10500_11000_15000_15500_jpg.rf.046a5558a3e62a42d301d2061c951c7f.jpg,1
tyrol-w27-73-_png_jpg.rf.148c7f6f67161aeae96ed0ed20da6a52.jpg,1
tyrol-w27-81-_png_jpg.rf.12c3610f9678850ce59420c0e01f12ee.jpg,0
Mykolaiv_2022_A_1_R4C4_11000_11500_14000_14500_jpg.rf.e4e114615b5f00f13ffd0c87145d4d6e.jpg,1
Mykolaiv_2022_A_1_R4C4_12500_13000_10500_11000_jpg.rf.e706405485b21b2337abd90963f6bb41.jpg,1
tyrol-w27-8-_png_jpg.rf.fdd2d437b26dacdc8647025e797b0ce1.jpg,0
tyrol-w27-82-_png_jpg.rf.8d5b9319d16cea6c0e9214a55f5122a6.jpg,1
Mykolaiv_2022_A_1_R4C2_5000_5500_13000_13500_jpg.rf.fd1d3b94725a0a80725ff70b9a83e5a0.jpg,1
Mykolaiv_2022_A_1_R4C4_12500_13000_11500_12000_jpg.rf.d59a5e8a7190f15536a4b4f173e04ec4.jpg,1
tyrol-w27-76-_png_jpg.rf.4480d273d49aa4d9ab39047952db9433.jpg,0
Mykolaiv_2022_A_1_R4C3_9000_9500_16000_16500_jpg.rf.88c7108bb413b8ea7aae63ec4f559027.jpg,1
tyrol-w27-80-_png_jpg.rf.68269c7fd3c75904c9b317a240eb32ac.jpg,0
Mykolaiv_2022_A_1_R4C4_1000_1500_3500_4000_jpg.rf.8a8203e0e5835790a90d65d9aba25bf3.jpg,1
Mykolaiv_2022_A_1_R4C4_12500_13000_12500_13000_jpg.rf.44052c094f97e28ba3a426945bc0083d.jpg,1
tyrol-w27-86-_png_jpg.rf.5ad3aa60cab08226135b74cd99aea438.jpg,1
Mykolaiv_2022_A_1_R4C4_12500_13000_13000_13500_jpg.rf.8e0bd8a51f60b5b944154f6c44d9dca2.jpg,1
tyrol-w27-78-_png_jpg.rf.f0b9eac9e28ebeb6d00b907be5e2ea7f.jpg,0
Mykolaiv_2022_A_1_R4C3_13000_13500_11500_12000_jpg.rf.72c68bd2903b281f7971b5463194f0c1.jpg,1
tyrol-w27-75-_png_jpg.rf.c37def0f3399048e9663f82d94268187.jpg,1
Mekele_2022_R4C1_5500_6000_11000_11500_jpg.rf.58f12b3cf9a8dc1fc62982cacffda209.jpg,1
tyrol-w22-54-_png_jpg.rf.d98ad4dda3f602fb5203469a2a593eb4.jpg,0
Mekele_2022_R4C2_8500_9000_5500_6000_jpg.rf.3330d4a3f0f4c106ae88a40a46532f81.jpg,1
tyrol-w22-55-_png_jpg.rf.740fa6a541fb95b9fd8053be8977b9b4.jpg,0
Mekele_2022_R4C2_9000_9500_6000_6500_jpg.rf.6e61969364039a391c45c5310a1ab2a1.jpg,1
tyrol-w22-59-_png_jpg.rf.06a028a5b52176c699f66450c777075b.jpg,0
tyrol-w22-68-_png_jpg.rf.7bc9a9d6b0c43c93041f97a3e9504185.jpg,1
tyrol-w22-57-_png_jpg.rf.d0189c5b88b9aab5f0ec397beed1f8b4.jpg,1
tyrol-w22-65-_png_jpg.rf.e6bf1112f22ce74503f4da4a7f73266e.jpg,1
tyrol-w22-58-_png_jpg.rf.f0508e09e673ccff1f259ff4353f7d36.jpg,1
Mekele_2022_R4C2_9500_10000_0_500_jpg.rf.3c24b10864ecb89ad7c7af9980067d15.jpg,1
tyrol-w22-63-_png_jpg.rf.5f2aecb8687e4fde0b2f2f44146970d0.jpg,0
tyrol-w22-64-_png_jpg.rf.90e2c4a11ebf2774ea8fdb13fdf1ee35.jpg,0
tyrol-w22-6-_png_jpg.rf.697d37b4889ab5ae0d8a9423711521f2.jpg,1
Mekele_2022_R4C2_9500_10000_4500_5000_jpg.rf.a46179f7453b750d3fa312cb7d9403e3.jpg,1
chicago9-24-_png_jpg.rf.c6363578a84ad71da47a30d1ad75be59.jpg,1
Kherson_2022_V2_R4C4_14500_15000_9500_10000_jpg.rf.d067c07862c53d8ca9935aa770dd0243.jpg,1
Mekele_2022_R4C3_10500_11000_6000_6500_jpg.rf.6e60542ad266b3ce2d2200c4ce4ee1ac.jpg,1
Kherson_2022_V2_R5C5_11000_11500_2000_2500_jpg.rf.2b70632c1e38bd818c5bc634c757e761.jpg,1
Mekele_2022_R4C3_10500_11000_9000_9500_jpg.rf.75792804fd036d4e072184faaf88e829.jpg,1
tyrol-w22-7-_png_jpg.rf.6d8a260ff4d059ea7bd187bdfc47e383.jpg,1
tyrol-w22-69-_png_jpg.rf.8b86bd423afb8f2a9ce9e9945be4ab6c.jpg,1
Kherson_2022_V2_R4C9_6000_6500_500_1000_jpg.rf.2fab3a3e95dd8e8d5ed4945311172699.jpg,1
tyrol-w1-98-_png_jpg.rf.601acb20a850a78182edec55871ce0c2.jpg,1
Kherson_2022_V2_R5C3_0_500_8000_8500-Copy-Copy_jpg.rf.5d211c3bf0f3a074fcfc12560741fdc8.jpg,1
tyrol-w11-76-_png_jpg.rf.8e9d6f8b17188fa95f409cc3108dd789.jpg,0
tyrol-w1-12-_png_jpg.rf.f3cc059f82e77accfe024f2c6a2263e8.jpg,0
Kherson_2022_V2_R5C3_1000_1500_7000_7500-Copy_jpg.rf.3805f4f91656b385e4c71a216e3cc2fe.jpg,1
Mekele_2021_V3_1_R2C2_6000_6500_1000_1500_jpg.rf.6d2dd8d3d778f1efa47990a66472ae50.jpg,1
Mekele_2022_R4C2_9000_9500_6500_7000_jpg.rf.8371eb995d8721bbb9fe1e7356588c12.jpg,1
chicago9-73-_png_jpg.rf.8be6682e08b597e512d9add1a2e51835.jpg,1
Kherson_2022_V2_R4C8_6500_7000_10500_11000-Copy_jpg.rf.955fa898977bccba0392845abddfeef7.jpg,1
tyrol-w11-7-_png_jpg.rf.269691e5eff48ab220cf250d76c6f81e.jpg,0
tyrol-w10-63-_png_jpg.rf.6698575f0563785562afc7f24f4851db.jpg,0
Mekele_2021_V3_1_R2C1_1500_2000_500_1000_jpg.rf.ebadacc94feccbfdf4ce723a3165173e.jpg,1
Mekele_2021_V3_1_R1C1_14000_14500_3000_3500_jpg.rf.5a08b5083e498689b21769b906e4596b.jpg,1
Mekele_2022_R2C2_13000_13500_1500_2000_jpg.rf.923755542199b57ae86517f83418ce9d.jpg,1
tyrol-w12-41-_png_jpg.rf.98c970e2fbdee63cad1048d270bf116f.jpg,1
tyrol-w12-90-_png_jpg.rf.a7c5adaf5b25dbeabeb6bc0ebbe1ebfa.jpg,1
Mekele_2022_R3C2_5000_5500_15000_15500-Copy_jpg.rf.0eb163503c8b4c190a4121f34a979ba4.jpg,1
tyrol-w13-23-_png_jpg.rf.87188200c882b6d6600b2704c62f3cc6.jpg,0
Mekele_2022_R4C2_14500_15000_9000_9500_jpg.rf.a3250d34dc75f846ced171800e0bf87e.jpg,1
tyrol-w13-89-_png_jpg.rf.ce5ac900ce0f6b3241b66189405fd8c0.jpg,1
tyrol-w16-16-_png_jpg.rf.87ef037d1a66b53c4301d9284d7805b8.jpg,1
Mykolaiv_2022_A_1_R1C4_11500_12000_13500_14000_jpg.rf.8a91f209e27b2677ae41b1ed6ae9c976.jpg,1
tyrol-w14-64-_png_jpg.rf.b4f948b306de88e4532af3b147207a38.jpg,1
Mykolaiv_2022_A_1_R3C3_500_1000_10500_11000_jpg.rf.13812c96dbe12dc14c4086191d6bca03.jpg,1
tyrol-w15-17-_png_jpg.rf.1ace5ce709cfc8cdb524179a0edb7d73.jpg,0
tyrol-w14-44-_png_jpg.rf.859649aa740922be3c8334f842f16566.jpg,1
Mykolaiv_2022_A_1_R2C4_6500_7000_6000_6500_jpg.rf.096c66f50dc035c89ee7a3e29e2185ef.jpg,1
Mykolaiv_2022_A_1_R2C3_6000_6500_8500_9000_jpg.rf.ff969104685b8d3d0e232ee619d5cf09.jpg,1
Mekele_2021_V3_1_R1C1_11000_11500_14500_15000_jpg.rf.aff11ac554fbcd00a1b88a40e71fb8c6.jpg,1
tyrol-w17-99-_png_jpg.rf.c6b595d26360c1ebfccefce7190089ae.jpg,0
Mekele_2021_V3_1_R1C1_11000_11500_7500_8000_jpg.rf.7475e098a3c9a880830121690a929a51.jpg,1
Kherson_2022_V2_R4C4_7000_7500_14000_14500-Copy-Copy_jpg.rf.db88400b171ee589b5318938efca0158.jpg,1
tyrol-w14-13-_png_jpg.rf.0cba60c08fae87862393761a26405144.jpg,0
Kherson_2022_V2_R4C5_4000_4500_9000_9500-Copy_jpg.rf.8a069b22354a26ddc5456142dffe88e7.jpg,1
tyrol-w14-18-_png_jpg.rf.ef73748e6c8bc94a75889db19c9067b8.jpg,1
Kherson_2022_V2_R4C5_4000_4500_9500_10000-Copy_jpg.rf.3d11c35a327dafedf0eea1f35f515f3a.jpg,1
tyrol-w14-25-_png_jpg.rf.97184be72260837d71b0f935593782ba.jpg,0
Kherson_2022_V2_R4C5_5000_5500_15500_16000-Copy_jpg.rf.8ff9c28901ffe5678b250ac14f95cea5.jpg,1
tyrol-w14-19-_png_jpg.rf.c45578b9a843e9021b74716922e92b03.jpg,1
tyrol-w14-24-_png_jpg.rf.653166040c5cbf600b9625e0c2611f78.jpg,0
tyrol-w14-27-_png_jpg.rf.9a9cea4cd8c8192b6aab920636704c4b.jpg,0
Kherson_2022_V2_R4C5_3500_4000_9000_9500-Copy_jpg.rf.dcb1bc640045f33f0cdc009b5d175e99.jpg,1
tyrol-w14-14-_png_jpg.rf.2830dbe0151a0546abe7727fa8172973.jpg,0
Kherson_2022_V2_R4C5_9500_10000_6500_7000_jpg.rf.4bf833f74dfc37635cfca6d27fd11b4e.jpg,1
tyrol-w14-28-_png_jpg.rf.70fb8e37945e30cc8efc9ff273ac70fc.jpg,1
Kherson_2022_V2_R4C5_5500_6000_7000_7500_jpg.rf.98e1d5ac315362889c2bd6fd916a1081.jpg,1
tyrol-w14-26-_png_jpg.rf.aa24ffc2a751040cc8ab7140a88f798f.jpg,1
tyrol-w14-29-_png_jpg.rf.bac0b68269359b7d1f0bed2b044bae90.jpg,1
Kherson_2022_V2_R4C5_5500_6000_6000_6500_jpg.rf.bd9ecef9adc6a355fef33ec165a9d3f5.jpg,1
Kherson_2022_V2_R4C5_11000_11500_5000_5500_jpg.rf.d6364937c94a492a4ee56b220532c01c.jpg,1
tyrol-w14-16-_png_jpg.rf.06e964dd69101574430f144985d0d3d6.jpg,1
Kherson_2022_V2_R4C4_8500_9000_8500_9000-Copy-Copy_jpg.rf.4f12029d139820523df517650d6834ea.jpg,1
Kherson_2022_V2_R4C5_2500_3000_11000_11500-Copy_jpg.rf.62c13aeb59cc5e68c506cc7c5463f3b6.jpg,1
tyrol-w14-30-_png_jpg.rf.1e2f1c2eabcd3b216cb12769d0fcedf1.jpg,1
tyrol-w14-3-_png_jpg.rf.7db3b1228e48e725bc49ef374bd15d69.jpg,0
Kherson_2022_V2_R4C4_7000_7500_13000_13500-Copy-Copy_jpg.rf.c5e1ad84bae8c74708c98c07cafb1cb9.jpg,1
Kherson_2022_V2_R4C5_9000_9500_6500_7000_jpg.rf.e29751f477f1815b95d5085b8c87619c.jpg,1
Kherson_2022_V2_R4C4_7000_7500_14500_15000-Copy-Copy_jpg.rf.a366a1c5bcfc7b5c5f913e80994a627f.jpg,1
tyrol-w14-33-_png_jpg.rf.0f4bd29880d2c5db382387e879d1b2e6.jpg,0
Kherson_2022_V2_R4C5_3000_3500_10500_11000-Copy_jpg.rf.adb4e4f3af1d37796ce8d8d6a0296137.jpg,1
tyrol-w14-22-_png_jpg.rf.122cd201f37829c16c7fba6a4e69daeb.jpg,0
tyrol-w14-2-_png_jpg.rf.a2407bdca83b2212b73d4a068bb1a6ec.jpg,0
tyrol-w14-32-_png_jpg.rf.dcd993f3f21b54af7e00bf1d7ffae774.jpg,0
tyrol-w14-38-_png_jpg.rf.50ed0f332e8b60dfdb62b3a9255308c8.jpg,1
Kherson_2022_V2_R4C6_2500_3000_13000_13500_jpg.rf.197aeefee4fc8b702c1ac58287f7f61f.jpg,1
tyrol-w14-35-_png_jpg.rf.39045fbec7a26a87bacecd9d0741d7c5.jpg,1
Kherson_2022_V2_R4C6_3000_3500_8500_9000_jpg.rf.4f35d20fd457d2f534deb938f612e79c.jpg,1
Kherson_2022_V2_R4C6_2000_2500_13000_13500_jpg.rf.b3263b0892c8d6e83e72c3c491ae0485.jpg,1
Kherson_2022_V2_R4C5_3000_3500_10000_10500-Copy_jpg.rf.16a2477a43410330e5ceedd53eeb01df.jpg,1
Kherson_2022_V2_R4C5_11500_12000_5000_5500_jpg.rf.379ebdaf171703561009a94dc2f9725d.jpg,1
Kherson_2022_V2_R4C5_11500_12000_5500_6000_jpg.rf.7df127648120c7a80a7b467a7d37aa2c.jpg,1
Kherson_2022_V2_R4C5_9500_10000_7000_7500_jpg.rf.7831543b65d3d43b12ad1e93784b06a2.jpg,1
tyrol-w14-37-_png_jpg.rf.c17a535c0b8c48ab346dd18a398efeed.jpg,1
tyrol-w14-23-_png_jpg.rf.7fd86e226299d1e1e3e1e3040478a3a2.jpg,0
tyrol-w14-41-_png_jpg.rf.40f2f8ec962fb5047fe1e9b069454262.jpg,0
tyrol-w14-21-_png_jpg.rf.1ca162ffc7aeda23e1ba4927228ddfd1.jpg,1
Kherson_2022_V2_R4C6_7000_7500_6500_7000_jpg.rf.960d8f667d7b224c8894d69abe9b6dc9.jpg,1
tyrol-w14-39-_png_jpg.rf.e106168818850aba98371914fa75c548.jpg,1
Kherson_2022_V2_R4C7_14500_15000_2000_2500_jpg.rf.e21f5e7f4f11266c2c0e05cb36ac698d.jpg,1
Kherson_2022_V2_R4C7_15500_16000_13000_13500_jpg.rf.93166c3191196497572de3665fd139ee.jpg,1
Kherson_2022_V2_R4C6_6000_6500_15000_15500_jpg.rf.6a2a7233ba1fdd180a332c9bc0428e05.jpg,1
Kherson_2022_V2_R4C7_14500_15000_7500_8000_jpg.rf.ba785d3459f64b4e10df442666a7df9c.jpg,1
tyrol-w14-42-_png_jpg.rf.d8dcb47b6a1531d64c71e8f8a1bb9569.jpg,0
Kherson_2022_V2_R4C7_15000_15500_8500_9000_jpg.rf.5d2313c08cd2486b395052b2c731dc34.jpg,1
Kherson_2022_V2_R4C6_6500_7000_6500_7000_jpg.rf.064eef6c3bee66ff31aea4c7a3691b1c.jpg,1
tyrol-w14-48-_png_jpg.rf.d26fd59053799aaafdea3d853dc7b884.jpg,1
Kherson_2022_V2_R4C7_14500_15000_10500_11000_jpg.rf.cc38063d94ccc55a86d30a943d37d990.jpg,1
Kherson_2022_V2_R4C7_15000_15500_9000_9500_jpg.rf.3bfb81a2e3b9bbee650f3900171e1cff.jpg,1
Kherson_2022_V2_R4C7_15500_16000_10000_10500_jpg.rf.d1bce67c719316a6c599f807ef980080.jpg,1
Kherson_2022_V2_R4C7_14500_15000_2500_3000_jpg.rf.563ec2b216caf475954b66ae0a418902.jpg,1
tyrol-w14-40-_png_jpg.rf.36ad1bbbb86f9cd703cc9cf7faf546a7.jpg,1
Kherson_2022_V2_R4C7_15000_15500_10000_10500_jpg.rf.7704fcf04f1ba717c1614279edd997ca.jpg,1
tyrol-w14-5-_png_jpg.rf.83d50d22630091fc1144380d27300da4.jpg,0
tyrol-w14-45-_png_jpg.rf.d5727eb48fc05e64a0c15de5bb888107.jpg,1
Kherson_2022_V2_R4C7_15500_16000_10500_11000_jpg.rf.97d7438f8487d3efcf91dac04f9294ff.jpg,1
Kherson_2022_V2_R4C7_15500_16000_14500_15000_jpg.rf.1099a11359a3db1f7e37c1617dd9378e.jpg,1
tyrol-w14-51-_png_jpg.rf.209681eb42ccf97216d84ecd624f800a.jpg,1
Kherson_2022_V2_R4C7_15000_15500_7000_7500_jpg.rf.c1d25b312493b3623bd024509913c012.jpg,1
Kherson_2022_V2_R4C7_15500_16000_13500_14000_jpg.rf.fc0fbba75da7489e8387b481b1f96697.jpg,1
tyrol-w14-50-_png_jpg.rf.81ddba23a7e5e17f46cf6e0812b39edd.jpg,1
Kherson_2022_V2_R4C7_15500_16000_14000_14500_jpg.rf.41f1b45f47993cd45c8b101b068a9cfd.jpg,1
tyrol-w14-46-_png_jpg.rf.4f6373cc897b1b678c0b0f3280e41f39.jpg,1
Kherson_2022_V2_R4C7_16000_16500_11500_12000_jpg.rf.bd255ec880e0d79701aa733cc1e4be73.jpg,1
Kherson_2022_V2_R4C7_15500_16000_12500_13000_jpg.rf.c0edc69eae475df022646364e4d2e9ed.jpg,1
Kherson_2022_V2_R4C7_15500_16000_15000_15500_jpg.rf.0c0dfc21314863500699a81bc7b0d942.jpg,1
tyrol-w14-52-_png_jpg.rf.aee18c67412cebe37d7e1a2da477e4bf.jpg,0
tyrol-w14-54-_png_jpg.rf.fedf535aab6b7fa0ab60a848ef099e81.jpg,1
tyrol-w14-67-_png_jpg.rf.3c61c926445e2061cb81e44140587fc4.jpg,1
Kherson_2022_V2_R4C7_16000_16500_10500_11000_jpg.rf.7f83df33ad121f0343290b4f14253b91.jpg,1
Kherson_2022_V2_R4C7_8000_8500_9500_10000_jpg.rf.f947fac77d01a8bc09a5e341b9adf87d.jpg,1
Kherson_2022_V2_R4C7_16000_16500_15000_15500_jpg.rf.1316c90f606b6b44fe205ec16ab98251.jpg,1
Kherson_2022_V2_R4C7_15500_16000_9500_10000_jpg.rf.8958014e839ef25657ec2602a9a17226.jpg,1
tyrol-w14-61-_png_jpg.rf.ce84690cad734756f0b290385f8cccbb.jpg,1
tyrol-w14-53-_png_jpg.rf.99430e8493e14acca9a9dc7504de7ec6.jpg,1
Kherson_2022_V2_R4C7_16000_16500_11000_11500_jpg.rf.07422438130620708b7f80bd161e9d9e.jpg,1
Kherson_2022_V2_R4C8_5000_5500_12500_13000-Copy-Copy_jpg.rf.102a1fdf9d1b76a389073fadec0a3395.jpg,1
tyrol-w14-68-_png_jpg.rf.ce6c05379ae592c48ed945fa60a3ee6d.jpg,1
Kherson_2022_V2_R4C7_6500_7000_11500_12000_jpg.rf.48fa7847dc2c11a965e10ae8d365ab25.jpg,1
tyrol-w14-69-_png_jpg.rf.0ae937a48bf2278fc51373d14119993e.jpg,1
Kherson_2022_V2_R4C8_5000_5500_15500_16000-Copy_jpg.rf.24120ce82e48b76a7c14fe33528b23eb.jpg,1
Kherson_2022_V2_R4C7_6500_7000_12000_12500_jpg.rf.1cff100bafb1976ff282066d2d41a7cf.jpg,1
Kherson_2022_V2_R4C8_5000_5500_16000_16500-Copy_jpg.rf.b0df4f48f92b2f0726cb841f80f08144.jpg,1
Kherson_2022_V2_R4C8_5000_5500_9000_9500-Copy-Copy_jpg.rf.000b42c786fd71196bed1472d1eb3052.jpg,1
Kherson_2022_V2_R4C8_5500_6000_5000_5500-Copy_jpg.rf.68668383912a72561fa4ba7d72af1648.jpg,1
tyrol-w14-79-_png_jpg.rf.785af94992bf999cc5baddd9ece214c2.jpg,1
tyrol-w14-65-_png_jpg.rf.9e42e49e7ee7f733ea8cb8c4b8c2a14c.jpg,1
Kherson_2022_V2_R4C8_5500_6000_10000_10500-Copy_jpg.rf.abaea0af9dc1f445f4d55a713c71dfb1.jpg,1
tyrol-w14-73-_png_jpg.rf.2f4fc7a8169a5cf0e24332394d6a1507.jpg,1
tyrol-w14-82-_png_jpg.rf.8908b921322b7649be16de57a111105e.jpg,1
tyrol-w14-63-_png_jpg.rf.a8d4cb851354c523f529a77bfad03aaf.jpg,1
Kherson_2022_V2_R4C8_5500_6000_13500_14000-Copy_jpg.rf.4665a8fa8b41e964f65f727ddbce87ff.jpg,1
tyrol-w14-80-_png_jpg.rf.495dcfce4a50d302725dc74a83b67059.jpg,1
tyrol-w14-77-_png_jpg.rf.7c42d3e514c578e081be8e9a5e7ae1bb.jpg,1
Kherson_2022_V2_R4C8_5500_6000_15500_16000-Copy_jpg.rf.2d50df8bb42e534fee91e87af8d17c26.jpg,1
tyrol-w14-78-_png_jpg.rf.7ae5a4477dce643ea4d5d301ae1b3eb9.jpg,1
Kherson_2022_V2_R4C8_5500_6000_12500_13000-Copy_jpg.rf.b84683620f8eb3a9027a8cc944e829e7.jpg,1
Kherson_2022_V2_R4C8_5500_6000_7500_8000-Copy_jpg.rf.0782f1a57192283c8fb33864af692d32.jpg,1
Kherson_2022_V2_R4C8_5500_6000_13000_13500-Copy_jpg.rf.1111e3d9d743e15e8aa3687c148892e1.jpg,1
Kherson_2022_V2_R4C8_5500_6000_11000_11500-Copy_jpg.rf.3537e684d2ac9687d951aaa8b0d01e69.jpg,1
Kherson_2022_V2_R4C8_5500_6000_10500_11000-Copy_jpg.rf.5371c5e2b8fd099bdd51cda24a451fc1.jpg,1
Kherson_2022_V2_R4C8_5500_6000_15000_15500-Copy_jpg.rf.7002a1e013920ef75f1f21ff5d12bb40.jpg,1
tyrol-w14-83-_png_jpg.rf.ddf5a33410da247170539f8fad6b00bb.jpg,1
Kherson_2022_V2_R4C8_6500_7000_10000_10500-Copy_jpg.rf.15f6d1a0b75ec83a7b85fe416543e15e.jpg,1
tyrol-w14-81-_png_jpg.rf.2cfe84125b1d60c4e863c5c8f029d6c4.jpg,1
Kherson_2022_V2_R4C8_6000_6500_12000_12500-Copy_jpg.rf.94a2a2a889366379868124c0e2d0e407.jpg,1
Kherson_2022_V2_R4C8_6500_7000_11000_11500-Copy_jpg.rf.d6146d4c46687ef752108aef56e2f6fa.jpg,1
Kherson_2022_V2_R4C8_5500_6000_9500_10000-Copy_jpg.rf.99bb6b80d32008093e8428324cc9a4f4.jpg,1
tyrol-w15-13-_png_jpg.rf.a3b4f5f04dea3ea41dac21077afa6126.jpg,1
Kherson_2022_V2_R4C8_5500_6000_7000_7500-Copy_jpg.rf.bd17e5e7faa30c83591e0d17834706f3.jpg,1
tyrol-w15-10-_png_jpg.rf.5b852a8f8ef9b70d559863b900eeded2.jpg,1
tyrol-w14-87-_png_jpg.rf.88d43bdd4e81f840683ae396f9325147.jpg,1
Kherson_2022_V2_R4C8_6500_7000_13000_13500-Copy_jpg.rf.899c9985803903f25012095b87758959.jpg,1
tyrol-w15-12-_png_jpg.rf.3d1e9a4f370dd4761a77c3d6c2fa407c.jpg,1
Kherson_2022_V2_R4C8_6500_7000_11500_12000-Copy_jpg.rf.f62348df317dd340ad5f51107c2fe966.jpg,1
Kherson_2022_V2_R4C8_6000_6500_10000_10500-Copy_jpg.rf.57d41bdadf91ffc5fb79100cd9c158a5.jpg,1
tyrol-w14-92-_png_jpg.rf.97369c0fd05446dd63bbda35b2d57180.jpg,1
tyrol-w14-98-_png_jpg.rf.9d57fcd1025242c60ecd31713b41171a.jpg,1
tyrol-w14-84-_png_jpg.rf.a981dd54d660dbf108ee62c300808c38.jpg,1
Kherson_2022_V2_R4C8_6000_6500_6500_7000-Copy_jpg.rf.aa8e3429cddacf9fde6fb121640442e7.jpg,1
Kherson_2022_V2_R4C8_6000_6500_10500_11000-Copy_jpg.rf.e8da30e0d9920c2738288da2c42320fc.jpg,1
Kherson_2022_V2_R4C8_6000_6500_14000_14500-Copy_jpg.rf.fe5f96267a3b4f236b699ab84489744a.jpg,1
Kherson_2022_V2_R4C8_6500_7000_13500_14000-Copy_jpg.rf.f520344a0413f419d0d875aed57aeb6d.jpg,1
Kherson_2022_V2_R4C8_6000_6500_16000_16500-Copy_jpg.rf.3438f527bcfe5b8f507ab3267f8e7fba.jpg,1
Kherson_2022_V2_R4C8_6000_6500_15000_15500-Copy_jpg.rf.fe6929f6906e819ad32afc88703c220c.jpg,1
Kherson_2022_V2_R4C8_6000_6500_13500_14000-Copy_jpg.rf.a14b0de512267fce0fc533564ad7ba0a.jpg,1
Kherson_2022_V2_R4C8_6000_6500_8500_9000-Copy_jpg.rf.d6610557ad955ec735cc2e2b2d1002b1.jpg,1
Kherson_2022_V2_R4C8_6000_6500_9000_9500-Copy_jpg.rf.9c97ceed2e10db3898166c156a9b9345.jpg,1
tyrol-w15-1-_png_jpg.rf.fd0a2f3bb80f65aa0aee62adb421282f.jpg,1
tyrol-w15-75-_png_jpg.rf.913ceaffe5b7a6793642510558418013.jpg,0
tyrol-w15-64-_png_jpg.rf.9b65210d8e8bc48ebd522a98ab0ef7d1.jpg,0
tyrol-w15-76-_png_jpg.rf.464c53abe596181c5c359a4ae774748e.jpg,1
tyrol-w15-73-_png_jpg.rf.d3ce918112e2ea23927eb941a824df54.jpg,0
tyrol-w15-74-_png_jpg.rf.6a8bacf33a7922c71c353cc215e1949a.jpg,1
Kherson_2022_V2_R4C9_5500_6000_1500_2000_jpg.rf.2614de3e081e4fbd56b8143e9de8c564.jpg,1
Kherson_2022_V2_R4C9_5500_6000_1000_1500_jpg.rf.933843018a724b67f47a3dc313cb05c3.jpg,1
Kherson_2022_V2_R4C9_6000_6500_0_500_jpg.rf.af4c35ee89bbc7a54f29471c3f8ebc86.jpg,1
Kherson_2022_V2_R4C9_4000_4500_4500_5000-Copy_jpg.rf.2d72030a2618477ce164aad5db5b55bd.jpg,1
Kherson_2022_V2_R4C9_6500_7000_3500_4000_jpg.rf.25577c370ad26638083219a847d8cd07.jpg,1
Kherson_2022_V2_R4C9_5500_6000_500_1000_jpg.rf.7b8f6cff05a256d9d26dee9639fdb041.jpg,1
Kherson_2022_V2_R4C9_6000_6500_3500_4000_jpg.rf.b6dd50ad737b3b936d9d3b9fcb56d9a1.jpg,1
tyrol-w15-77-_png_jpg.rf.b87f5acf363177da25a9a7077f9ca1ce.jpg,1
tyrol-w15-78-_png_jpg.rf.cc45c23aaebe4e15682fa9a0ff7217ac.jpg,0
Kherson_2022_V2_R4C9_7000_7500_0_500_jpg.rf.99f470d9c46d9e5bafb5b4e8fad29517.jpg,1
tyrol-w15-82-_png_jpg.rf.a75603c1d681beb7e635b38cdc096a7b.jpg,0
Kherson_2022_V2_R5C1_4000_4500_12500_13000_jpg.rf.7fa54f1f8c252eec358413e7d9451451.jpg,1
tyrol-w15-67-_png_jpg.rf.b478ff1b0ad878d9f75b6b1f5d2d21ba.jpg,0
Kherson_2022_V2_R5C1_4500_5000_13500_14000_jpg.rf.4fcbb47da0dea79f4c4a38b1d30ea708.jpg,1
tyrol-w15-8-_png_jpg.rf.b0cc705a794ce28614a34944706f00db.jpg,0
tyrol-w15-66-_png_jpg.rf.ae8bebb61cfaa3bcd53ef6343eafb281.jpg,1
Kherson_2022_V2_R4C9_4000_4500_5500_6000-Copy_jpg.rf.0b72d5542610ba36871dc4e6231abf74.jpg,1
Kherson_2022_V2_R4C9_4500_5000_1000_1500_jpg.rf.04de40c1d1de1fc9158d25993a10b745.jpg,1
tyrol-w15-83-_png_jpg.rf.ffebf0a4e69afac4e54d16b8c26fd9bb.jpg,1
Kherson_2022_V2_R5C1_5500_6000_11000_11500_jpg.rf.16059e283ace589aa010cb768bb6980e.jpg,1
Kherson_2022_V2_R5C1_4500_5000_7000_7500_jpg.rf.4414e235cea9265c14ab7fb7cb3d1c9a.jpg,1
tyrol-w15-86-_png_jpg.rf.495be6c2f572043bda02ddb1af88a99d.jpg,0
tyrol-w15-87-_png_jpg.rf.57af7003f182f52c9243d3bab8ba5f97.jpg,0
tyrol-w15-7-_png_jpg.rf.39e911f1217bc61c4de2c426f3996251.jpg,0
Kherson_2022_V2_R5C1_5500_6000_4500_5000_jpg.rf.421e41f856487a9d566ba4522b5c3dff.jpg,1
Kherson_2022_V2_R5C1_2500_3000_4500_5000_jpg.rf.67e0e6fa58c15983e01adef979dd0275.jpg,1
Kherson_2022_V2_R4C9_5000_5500_1500_2000_jpg.rf.4e2823469d4a9911ce1a6a5bcd0447d4.jpg,1
Kherson_2022_V2_R4C9_4000_4500_6000_6500-Copy_jpg.rf.698d1810e0f36205c74a88ab676f6062.jpg,1
tyrol-w15-85-_png_jpg.rf.f8fc087c2312f2df55130943a1fffb8f.jpg,1
Kherson_2022_V2_R4C9_5000_5500_1000_1500_jpg.rf.1a896bdb661c7c96af4935786453c15b.jpg,1
tyrol-w15-71-_png_jpg.rf.70c45a7442691970e5a3c7328b25b867.jpg,1
Kherson_2022_V2_R4C9_5000_5500_2000_2500_jpg.rf.4385cb03b08ed4f023c3a57ee00de93d.jpg,1
Kherson_2022_V2_R4C9_4500_5000_2000_2500_jpg.rf.06fb676471af6ec117a9044c510ee81c.jpg,1
Kherson_2022_V2_R5C2_3000_3500_4500_5000_jpg.rf.53634fcfedc1ce976bcabea0b905ad10.jpg,1
Kherson_2022_V2_R5C1_4500_5000_7500_8000_jpg.rf.07c0d182004cce124ff89bbf80f48535.jpg,1
Kherson_2022_V2_R5C2_0_500_4500_5000_jpg.rf.0f821324724352a63d1b91b1fd759c4b.jpg,0
tyrol-w15-93-_png_jpg.rf.1b433b8d97df32632529581935269028.jpg,1
tyrol-w15-89-_png_jpg.rf.413a05663f5b68dea1c1863d186fbdca.jpg,1
Kherson_2022_V2_R4C9_5000_5500_2500_3000_jpg.rf.c731624c82417a902a45deb9707aa9ed.jpg,1
okutama_hs_90_015_png_jpg.rf.1bf94cace7a4eb5a59b37ad022d37c9f.jpg,1
Kherson_2022_V2_R5C1_6000_6500_6500_7000_jpg.rf.575becbbfd60f8da25e87a2f792a00ab.jpg,1
tyrol-w15-9-_png_jpg.rf.a0f82d0fddf2c46739e0fe8526648c08.jpg,0
Kherson_2022_V2_R5C2_7000_7500_16000_16500_jpg.rf.e2e62eaca05935a613f8d01e6093e296.jpg,1
tyrol-w15-91-_png_jpg.rf.cbce6b854112263499a9da2d7c60618c.jpg,0
Kherson_2022_V2_R5C1_6500_7000_6000_6500_jpg.rf.10ce867cc7a8c52c208055780a348109.jpg,1
Kherson_2022_V2_R5C2_2500_3000_4500_5000_jpg.rf.1b125dcf8b0af4b2115476b9ceaabecf.jpg,1
Kherson_2022_V2_R5C3_0_500_10000_10500-Copy-Copy_jpg.rf.3f90a59d01a8e3eefbddaae8d4ccdaa6.jpg,1
tyrol-w15-90-_png_jpg.rf.b54fee486641fe0e5ca5980c5052b4f5.jpg,1
tyrol-w15-96-_png_jpg.rf.3a8a28e228228f14e3bde0418927752f.jpg,0
tyrol-w15-95-_png_jpg.rf.40e7a7b9b1d8985f55eaf9a97b160d18.jpg,1
tyrol-w15-92-_png_jpg.rf.5692beedd48adee4a782228737ca5a62.jpg,1
Kherson_2022_V2_R5C3_0_500_11500_12000-Copy-Copy_jpg.rf.4c865f08426171f8a7d41c094c4e32d3.jpg,1
Kherson_2022_V2_R5C3_0_500_11000_11500-Copy-Copy_jpg.rf.1ca6ad311f4126d1a9114ebf290d8d40.jpg,1
Kherson_2022_V2_R5C3_0_500_12000_12500-Copy-Copy_jpg.rf.7cf165133672d083c6cc24834d1323c9.jpg,1
Kherson_2022_V2_R5C3_0_500_14500_15000-Copy-Copy_jpg.rf.6ad4778fbd91890e983fba5c28623713.jpg,1
Kherson_2022_V2_R5C3_0_500_15000_15500-Copy-Copy_jpg.rf.59401b071d2aa70e2897770b59b6d6cb.jpg,1
Kherson_2022_V2_R5C3_0_500_3000_3500-Copy-Copy_jpg.rf.de270c485452735461fdc172ce40a9c7.jpg,1
tyrol-w16-100-_png_jpg.rf.05264e3f72a43b857058e4c694ddeb5c.jpg,1
tyrol-w16-1-_png_jpg.rf.740c9819b309935e60f2fe94dfa1843e.jpg,1
tyrol-w16-15-_png_jpg.rf.7cdd16f3d9cb876164215509678a9f91.jpg,1
tyrol-w16-17-_png_jpg.rf.ca38ee5c5c212a6d8906d80f3c1e2799.jpg,1
Kherson_2022_V2_R5C3_0_500_14000_14500-Copy-Copy_jpg.rf.0cb1c6c6ec42d78c14cc7bab1688fcdd.jpg,1
Kherson_2022_V2_R5C3_0_500_15500_16000-Copy-Copy_jpg.rf.1d1b0a97c9fcdf2c92944867ec29cb72.jpg,1
tyrol-w15-69-_png_jpg.rf.c3a009cdde5039155b8674399d7eb666.jpg,0
Kherson_2022_V2_R5C3_8500_9000_12000_12500_jpg.rf.72515d2d8bd515aab2e2eedf5f54d652.jpg,1
Kherson_2022_V2_R5C3_0_500_1500_2000-Copy-Copy_jpg.rf.525e299fba11fbae28246187269fb7be.jpg,1
Kherson_2022_V2_R5C3_0_500_2000_2500-Copy-Copy_jpg.rf.7801f057b7f0da95eb7c7215a7fbb7f1.jpg,1
Mekele_2021_V3_1_R1C1_1000_1500_14500_15000_jpg.rf.34e0da8d380ddf503cc3404258d31f94.jpg,1
Kherson_2022_V2_R5C3_0_500_2500_3000-Copy-Copy_jpg.rf.6e7e91060e1242bc8657e4f02e94ba2d.jpg,1
tyrol-w16-70-_png_jpg.rf.4ea4abe035989b642d05defcb5fc7402.jpg,1
Kherson_2022_V2_R5C3_7500_8000_1500_2000_jpg.rf.ae55a63c191d4bfacd6fa4f1e56858e9.jpg,1
tyrol-w17-71-_png_jpg.rf.71e4e3596564efcc138ec61c6ca25169.jpg,0
tyrol-w17-70-_png_jpg.rf.7aef8ec04cebbcfe272b0aba757c896c.jpg,1
tyrol-w16-69-_png_jpg.rf.f16b144753ff879678986a7c8b30090e.jpg,1
tyrol-w16-68-_png_jpg.rf.12b1eb07abc7db0334861d589a131e74.jpg,1
Kherson_2022_V2_R7C3_0_500_3000_3500_jpg.rf.c54d92778391da2b2fb445a38e7a14d8.jpg,1
tyrol-w17-73-_png_jpg.rf.ec78acd7932212931c021a9c8a53db0e.jpg,0
tyrol-w17-74-_png_jpg.rf.f54aee528bb8626719416025b5fe2f6f.jpg,0
tyrol-w17-82-_png_jpg.rf.b6c5232fa31ab17b0c92dee1da0599d4.jpg,1
Kherson_2022_V2_R5C3_7500_8000_0_500_jpg.rf.c9282609fd52d7940132e91284662ead.jpg,1
tyrol-w17-88-_png_jpg.rf.e263c281089acdf7a40da4e3a2cbb57c.jpg,1
Kherson_2022_V2_R5C3_7500_8000_1000_1500_jpg.rf.b56b5a98d7522313ca586deb44888328.jpg,1
Kherson_2022_V2_R6C4_6000_6500_6500_7000_jpg.rf.2431f843a33eadaee0f1e0ea0018d1f1.jpg,1
tyrol-w17-72-_png_jpg.rf.78e688ad6c2ebf432323a74610359062.jpg,1
Kherson_2022_V2_R6C4_6000_6500_7500_8000_jpg.rf.dd70caa696e9378885f0021056694764.jpg,1
tyrol-w17-89-_png_jpg.rf.1cb9b8814a7a356fd4f6f6ad10c0319a.jpg,0
tyrol-w16-11-_png_jpg.rf.2660bb37e2e0dbfeb678522ac3c7be0d.jpg,1
Mekele_2021_V3_1_R1C1_1000_1500_15000_15500_jpg.rf.4407b805930aeae474be955f67c4e932.jpg,1
Luhansk_2022_A_1_R1C5_2000_2500_6500_7000_jpg.rf.7391916a0b9f53a5425a8a7f6f32776d.jpg,1
Kherson_2022_V2_R6C4_7000_7500_1000_1500_jpg.rf.535e5fd4450c8a3909cec57c0ed2fdb4.jpg,1
Kherson_2022_V2_R6C4_7000_7500_2500_3000_jpg.rf.0933103b2b479441c6791ea96a08b80d.jpg,1
Mekele_2021_V3_1_R1C1_0_500_15000_15500_jpg.rf.5bc12edf42480325f1b2e74bef33ebcd.jpg,1
tyrol-w17-81-_png_jpg.rf.2471e25169f5f22ef17d2b87db6327f2.jpg,1
Kherson_2022_V2_R6C5_2000_2500_0_500_jpg.rf.b8b69fed01fd8c80971afc5065b5e709.jpg,1
tyrol-w17-80-_png_jpg.rf.bdba0f25131830656da9ece61b96a58d.jpg,0
tyrol-w17-9-_png_jpg.rf.254ee4dedd340172258c063556eed01d.jpg,1
tyrol-w17-83-_png_jpg.rf.42fd74a33af5e1276be311c7ba071804.jpg,1
Mekele_2021_V3_1_R1C1_0_500_15500_16000_jpg.rf.c0722eb263c2b883325400f4507669c7.jpg,1
tyrol-w17-76-_png_jpg.rf.add49f79c04459fcd7fddb4e75e39729.jpg,0
Kherson_2022_V2_R6C4_7000_7500_2000_2500_jpg.rf.d57384bbeff35ccdce39bb6c70b63a0c.jpg,1
tyrol-w17-87-_png_jpg.rf.e77b2942e1acd25a0769a887c7721651.jpg,1
tyrol-w17-84-_png_jpg.rf.058aa44638d547c8e9934953f3d5baad.jpg,0
tyrol-w17-29-_png_jpg.rf.9e26da8e143fce2f66ed441425ca4dc1.jpg,1
Kherson_2022_V2_R6C5_3000_3500_1000_1500_jpg.rf.2734d494cffbd1360b80b5616f3c6ea0.jpg,1
Kherson_2022_V2_R6C4_8000_8500_0_500_jpg.rf.a8691ea1a7bb04151505dd2a89ebe073.jpg,1
Kherson_2022_V2_R6C4_8000_8500_1000_1500_jpg.rf.4ed0830a7b71c067f6a82de84cb8b296.jpg,1
tyrol-w17-78-_png_jpg.rf.f34b1633295aa2f6806c82136c0e90f8.jpg,1
Kherson_2022_V2_R5C3_8500_9000_8000_8500_jpg.rf.b9456948c260d20ef5c82fc252f460bc.jpg,1
Kherson_2022_V2_R6C4_8500_9000_2500_3000_jpg.rf.dd6901a28007f9cb0e52e5ef9d0fae67.jpg,1
Kherson_2022_V2_R5C7_2500_3000_0_500_jpg.rf.c97907ad7edd79f2883c6ea83f3a6c30.jpg,1
tyrol-w16-2-_png_jpg.rf.eaa75149c7c3c153e9b4fb93bf9ec853.jpg,1
Kherson_2022_V2_R5C3_7500_8000_500_1000_jpg.rf.06bc1402379e40d7de58476277897d8d.jpg,1
tyrol-w17-23-_png_jpg.rf.e7237e9ed726dfa2628ac2d81df28291.jpg,1
tyrol-w17-26-_png_jpg.rf.22c629b02362a6e588cf363141bc669b.jpg,1
Mekele_2021_V3_1_R1C1_1000_1500_13500_14000_jpg.rf.679b20ba18902cd5598b5a724408283c.jpg,1
Kherson_2022_V2_R5C7_500_1000_10000_10500_jpg.rf.d30e549e911968cb6fe116808b465a82.jpg,1
tyrol-w16-72-_png_jpg.rf.dbc55c268e551f50cfd6a06e4d260b29.jpg,1
Mekele_2021_V3_1_R1C1_1000_1500_10500_11000_jpg.rf.ace922870b9760dd818b93bd268482d2.jpg,1
tyrol-w17-22-_png_jpg.rf.172443e6464dd25bc4aa21b09ffafa74.jpg,1
Kherson_2022_V2_R5C7_0_500_12000_12500_jpg.rf.030be5043de1398ab1762e51b4e1d714.jpg,1
tyrol-w16-73-_png_jpg.rf.44f5cec85b6f2130b1caad31bfa71b68.jpg,1
tyrol-w17-27-_png_jpg.rf.ddcd412d7f9e203b0f52f16c09c98055.jpg,1
tyrol-w17-28-_png_jpg.rf.571b1f8e892561f49a6e6015cab6675f.jpg,1
Kherson_2022_V2_R5C7_1000_1500_500_1000_jpg.rf.a5f9a73295df701c8926717f199fc2f3.jpg,1
tyrol-w17-95-_png_jpg.rf.089ee140a73f48c5a35d687d508f1545.jpg,1
Kherson_2022_V2_R5C3_8000_8500_11500_12000_jpg.rf.0c33376b2e7b51d527b36571cd617067.jpg,1
Kherson_2022_V2_R5C3_9000_9500_11500_12000_jpg.rf.89623800b649686a56413cdd35eab887.jpg,1
Mekele_2021_V3_1_R1C1_11000_11500_14000_14500_jpg.rf.d5971f9eb82f12201490510f692a4d3b.jpg,1
tyrol-w16-22-_png_jpg.rf.2a8cd45113a4b951904ecab41323c479.jpg,1
tyrol-w16-20-_png_jpg.rf.6266cfcb81e7c11bff251ebb1a17adc0.jpg,1
tyrol-w16-71-_png_jpg.rf.7a44e78b82462d25812195f4bec2005c.jpg,1
Kherson_2022_V2_R5C3_10000_10500_7500_8000_jpg.rf.8eb1ea1a0ce2c51554bd7028beb2347f.jpg,1
Kherson_2022_V2_R5C3_1000_1500_14500_15000-Copy_jpg.rf.b3ae7580ae924d8b8ee1c29732f603cc.jpg,1
tyrol-w16-21-_png_jpg.rf.bfe716cb2dea1ba05a43ff741d4d7c72.jpg,1
Kherson_2022_V2_R5C6_9000_9500_5500_6000_jpg.rf.c23056888b6b7e1ae8144f658c0a419f.jpg,1
Kherson_2022_V2_R5C3_0_500_8500_9000-Copy-Copy_jpg.rf.ebcce78c09373f92b3ad6ddffb546594.jpg,1
tyrol-w16-64-_png_jpg.rf.e38ce5719de5a3dd5f97e0e7dc639981.jpg,1
Kherson_2022_V2_R5C3_6500_7000_500_1000_jpg.rf.a84680f7c7f2446d1b73a269e095f035.jpg,1
tyrol-w16-25-_png_jpg.rf.b366a8f42d1c612d35946732d9219422.jpg,1
Kherson_2022_V2_R5C3_1000_1500_14000_14500-Copy_jpg.rf.29992b8cebba075358b03230ac72791b.jpg,1
Kherson_2022_V2_R5C3_7000_7500_1000_1500_jpg.rf.4ac4c1a775d500f77a083da0edf9361d.jpg,1
tyrol-w16-65-_png_jpg.rf.4af27a9b22691c7c6c470cb33b372a9f.jpg,1
tyrol-w17-90-_png_jpg.rf.5a0d40f28ec25563d5f4f2fc66ecd323.jpg,0
Mekele_2021_V3_1_R1C1_1000_1500_5500_6000_jpg.rf.658c8dac7d212b25d4ed3d5e445e8d62.jpg,1
Kherson_2022_V2_R5C3_7000_7500_2500_3000_jpg.rf.a39d649ef14704da5db55de91ea7c9ee.jpg,1
Kherson_2022_V2_R5C3_7000_7500_15000_15500_jpg.rf.a9df275f0b8888156601c52f929cf6f1.jpg,1
Kherson_2022_V2_R5C3_7000_7500_2000_2500_jpg.rf.cc1d3ab489af1ddd0af07acf74bdd248.jpg,1
Kherson_2022_V2_R5C3_1000_1500_15000_15500-Copy_jpg.rf.38b6189f6fa15787b96fd0a14952344c.jpg,1
Mekele_2021_V3_1_R1C1_1000_1500_6500_7000_jpg.rf.88e4ceb11acb12759708665c75fe6f1c.jpg,1
Kherson_2022_V2_R5C3_7000_7500_1500_2000_jpg.rf.9853b7018d7bc50090bdcb25e46cf77c.jpg,1
Mekele_2021_V3_1_R1C1_1000_1500_6000_6500_jpg.rf.896435d3a64df62874ffc1e12151172d.jpg,1
tyrol-w16-29-_png_jpg.rf.2d43a71b6124ca5a0668f7ea9594e979.jpg,1
Kherson_2022_V2_R5C3_1000_1500_6500_7000-Copy_jpg.rf.bfe622cea4c4569c22afda40922754c9.jpg,1
tyrol-w16-28-_png_jpg.rf.c0e3c246a0ee676d7810c37095108c90.jpg,1
Mekele_2021_V3_1_R1C1_1000_1500_16000_16500_jpg.rf.b9800b9a9ff8b0e32b0e7f95a513e703.jpg,1
Kherson_2022_V2_R5C3_1000_1500_6000_6500-Copy_jpg.rf.3d8d9af7373ae0ef27bf1f1fc93bc13a.jpg,1
Kherson_2022_V2_R5C3_1000_1500_7500_8000-Copy_jpg.rf.bc724a5b86f30280186188d5751c1ea9.jpg,1
Kherson_2022_V2_R5C3_6500_7000_1000_1500_jpg.rf.d6ed55e0648a9f7cdc288b281159e9c0.jpg,1
tyrol-w16-82-_png_jpg.rf.0bff51a1550cc8c43d1d06c99ee16ec1.jpg,0
Kherson_2022_V2_R5C3_10500_11000_5000_5500_jpg.rf.79add570fa5514f36847a9531ed2b22d.jpg,1
tyrol-w16-80-_png_jpg.rf.9b532527b9c2558cc044f5b5b6a6b496.jpg,1
tyrol-w16-3-_png_jpg.rf.a21fcbb6a7f14a59eda2e1d638df8491.jpg,1
tyrol-w17-93-_png_jpg.rf.c252230e4cb585025c816d8ca4f9927f.jpg,1
Kherson_2022_V2_R5C4_15000_15500_14000_14500_jpg.rf.7a21977487a1e4be87f8c7419497f5d1.jpg,1
tyrol-w16-63-_png_jpg.rf.20c6a2edd9c78c73b5925184f160dbf0.jpg,1
Mekele_2021_V3_1_R1C1_10500_11000_9500_10000_jpg.rf.34b0d4ff37ee5d9d0bf69f9c24626c89.jpg,1
Kherson_2022_V2_R5C3_1000_1500_12500_13000-Copy_jpg.rf.da4fca8ccc32a405a8fbbd8231b415c3.jpg,1
tyrol-w16-91-_png_jpg.rf.4119f5c0cd71644f170750c245a50069.jpg,0
Kherson_2022_V2_R5C3_10500_11000_5500_6000_jpg.rf.19a3843a44b5778c36aa255cd54f10a3.jpg,1
tyrol-w16-90-_png_jpg.rf.5272e884cc56161895c11ac8750dc0e8.jpg,1
tyrol-w16-93-_png_jpg.rf.5e8aec5654dafd6f40470af281b01fa2.jpg,0
Mekele_2021_V3_1_R1C1_10500_11000_9000_9500_jpg.rf.5041380ad0e7eed6c7c86544ab3e57fa.jpg,1
Kherson_2022_V2_R5C5_12500_13000_0_500_jpg.rf.9e75fed8f690adec1e57c9ad2399267a.jpg,1
Kherson_2022_V2_R5C4_16000_16500_11500_12000_jpg.rf.280642b409772041b0557a0819554978.jpg,1
Kherson_2022_V2_R5C5_12000_12500_500_1000_jpg.rf.57f00a2fa8d9ee6b7cf0311f7063f16d.jpg,1
tyrol-w16-88-_png_jpg.rf.3874e969c96c34f18e97b013a40ae87e.jpg,1
Kherson_2022_V2_R5C3_1000_1500_13500_14000-Copy_jpg.rf.ad3389e32d1d9f245421d5eaeeabad9a.jpg,1
tyrol-w16-83-_png_jpg.rf.f826ebe251fa585a6410d3efee71f059.jpg,0
Kherson_2022_V2_R5C5_8500_9000_14500_15000_jpg.rf.ce443f32ab06072597fa308187bfa2d5.jpg,1
Kherson_2022_V2_R5C5_8500_9000_14000_14500_jpg.rf.75ab9881b725487ba8e7845c07bfa5af.jpg,1
Kherson_2022_V2_R5C4_16000_16500_12000_12500_jpg.rf.04ec12531a0a1d4bfffe630a955e6f98.jpg,1
tyrol-w16-86-_png_jpg.rf.14024e98c8e9db4ac5bd05057043676d.jpg,1
Kherson_2022_V2_R5C4_3500_4000_0_500-Copy_jpg.rf.a3cf8ad127341b2b5444a46dbb295a78.jpg,1
Kherson_2022_V2_R5C5_8000_8500_14000_14500_jpg.rf.6b4fc0de291b4c07adc7e15e9422fe01.jpg,1
Kherson_2022_V2_R5C4_3500_4000_500_1000-Copy_jpg.rf.220dc6c9c32d807f6eecad52f81b84fb.jpg,1
Kherson_2022_V2_R5C4_10500_11000_15000_15500_jpg.rf.3b10edb48fe6bcb106680a920155794f.jpg,1
tyrol-w17-11-_png_jpg.rf.d406e82924a3a310fb56234ad2717365.jpg,0
tyrol-w16-23-_png_jpg.rf.400c5133b12fd283124598ef71e092f2.jpg,1
Kherson_2022_V2_R5C5_7000_7500_13000_13500_jpg.rf.5f8d94a5c1d99ad3f07d202e02775aca.jpg,1
tyrol-w16-89-_png_jpg.rf.97ad12914082146aa0a936a6b9b6d1d7.jpg,1
tyrol-w16-99-_png_jpg.rf.54f0dea8967e53887ec6f6a3f2bc9643.jpg,0
Kherson_2022_V2_R5C3_1000_1500_13000_13500-Copy_jpg.rf.5630162cfd18e9c9a82853f746137e0f.jpg,1
Kherson_2022_V2_R5C4_10500_11000_15500_16000_jpg.rf.cb5c908e31f9bd46be444e1da23260e5.jpg,1
Kherson_2022_V2_R6C3_12500_13000_10500_11000_jpg.rf.da4acf88cc9bdaef6e27d274d8878d6a.jpg,1
tyrol-w17-30-_png_jpg.rf.43c752df0ead0c854e66a0fd13836bf5.jpg,1
Kherson_2022_V2_R5C5_7500_8000_14500_15000_jpg.rf.c4615a393f49d865658eda0a1331fb6d.jpg,1
tyrol-w17-19-_png_jpg.rf.01cdcf1ed3b879307cbdb67e7bb50965.jpg,1
tyrol-w17-31-_png_jpg.rf.9de501a61de207d702ced1470ca363af.jpg,1
Kherson_2022_V2_R5C5_13500_14000_5000_5500_jpg.rf.13a3d0fbe564fc5f5a91aadb93fc5e78.jpg,1
Kherson_2022_V2_R5C5_7500_8000_12500_13000_jpg.rf.27fba49a2a4760fc38124d6f63746183.jpg,1
Kherson_2022_V2_R5C5_7500_8000_13500_14000_jpg.rf.864d8753d70e7e221a56b45be1c54efd.jpg,1
Kherson_2022_V2_R5C5_7000_7500_13500_14000_jpg.rf.cfec4e2a8ef8e8e30e62fcf8d4a678f3.jpg,1
Kherson_2022_V2_R5C5_6500_7000_14000_14500_jpg.rf.f91a76a64e297480c7961b8ea6622bc4.jpg,1
Kherson_2022_V2_R5C6_6000_6500_12500_13000_jpg.rf.9436c0dfd7c5a57db19f54cd551a3c62.jpg,1
Kherson_2022_V2_R5C5_6500_7000_12000_12500_jpg.rf.5ba673ca47835499b4eb735df0c1a3e5.jpg,1
Kherson_2022_V2_R5C6_8000_8500_4000_4500_jpg.rf.3401e6f93029cb514e85b10185b21ee3.jpg,1
tyrol-w17-18-_png_jpg.rf.df49e29393d63ff336358fd0d2707fd1.jpg,1
Kherson_2022_V2_R5C6_7500_8000_3500_4000_jpg.rf.c2ea73c8601ed60cc4247dd0718eab91.jpg,1
tyrol-w16-97-_png_jpg.rf.10bbdf7145a3c44b91b8bb74a327f843.jpg,0
tyrol-w17-15-_png_jpg.rf.78b148b2e07a7b3829c48b89a46e8222.jpg,1
tyrol-w17-20-_png_jpg.rf.914bc6f1eeea5178205b88623bad6b48.jpg,1
Kherson_2022_V2_R5C6_8500_9000_3000_3500_jpg.rf.e2e941d39f92dc134723e2b6d53fa618.jpg,1
Kherson_2022_V2_R5C5_13000_13500_0_500_jpg.rf.6451e1c10b441424edaade95f9f37a21.jpg,1
Kherson_2022_V2_R5C6_8000_8500_0_500_jpg.rf.fd650498e1afb5bef7fa52ceca52ecce.jpg,1
tyrol-w16-94-_png_jpg.rf.530abbdf0646150666c23e09fbecd463.jpg,0
Kherson_2022_V2_R5C5_12500_13000_500_1000_jpg.rf.2862f92735ce906b251426ecfce4d65f.jpg,1
Kherson_2022_V2_R6C4_4500_5000_8500_9000_jpg.rf.9c9ee624a28f7375d6361e3aa4dc5170.jpg,1
Kherson_2022_V2_R6C4_3000_3500_10000_10500_jpg.rf.c72ab8c0d672640fdae86ee6a8adbd46.jpg,1
Kherson_2022_V2_R5C6_8500_9000_3500_4000_jpg.rf.a7d8a8f952874e27111731f3c4b22137.jpg,1
tyrol-w17-68-_png_jpg.rf.6c3b5a43846331607c0cec97a09d987e.jpg,1
tyrol-w17-13-_png_jpg.rf.7e2d0b37a2719ddf970c871cac74c219.jpg,1
Kherson_2022_V2_R5C6_8000_8500_8000_8500_jpg.rf.aee0e9d0ed385d960519837d94ad64d8.jpg,1
tyrol-w17-62-_png_jpg.rf.e48256dca428fb937422cdded8cfbf5a.jpg,1
tyrol-w17-21-_png_jpg.rf.f0b987a510762e0414041f3b55558d7c.jpg,1
tyrol-w17-65-_png_jpg.rf.d0bf6463ec95b0d6c74b89ef9d212770.jpg,1
Kherson_2022_V2_R6C4_3500_4000_9500_10000_jpg.rf.f4b041f4452b16c1f21347787ff2759a.jpg,1
Kherson_2022_V2_R6C4_4000_4500_8500_9000_jpg.rf.c9b55c1eb55d444c0c96a9ae7ef7a2ee.jpg,1
Kherson_2022_V2_R6C1_1000_1500_1000_1500_jpg.rf.3f21f9da7db22692382dc61df888a0b4.jpg,1
Kherson_2022_V2_R6C4_3500_4000_9000_9500_jpg.rf.2b93dfe545670c753e1623ae7160f035.jpg,1
tyrol-w17-64-_png_jpg.rf.8bed81b69c0390d6b97ff50bba12aad0.jpg,1
Kherson_2022_V2_R5C3_11500_12000_7500_8000_jpg.rf.ba38e68369fb03ca2ff52499c685db84.jpg,1
Kherson_2022_V2_R5C3_500_1000_9500_10000-Copy_jpg.rf.1c40c083f63f58bae54bbcda8c713364.jpg,1
Kherson_2022_V2_R5C3_10500_11000_8500_9000_jpg.rf.203232a02e0a0aaafbe9f7b17629bc06.jpg,1
tyrol-w16-36-_png_jpg.rf.46bcd6e8abf8ea51eecc23d3c2af7fcc.jpg,0
tyrol-w16-34-_png_jpg.rf.542462c85d8f0f2bb2076a85c9892422.jpg,1
Kherson_2022_V2_R5C3_11000_11500_7000_7500_jpg.rf.57377b0dce8a547289f98d828fd6109d.jpg,1
Kherson_2022_V2_R5C3_12000_12500_7500_8000_jpg.rf.654b58bccc89317984b6d7f4489bb31b.jpg,1
Kherson_2022_V2_R5C3_12000_12500_6000_6500_jpg.rf.89717d06fd5edf19418d5e4b55286d58.jpg,1
tyrol-w16-60-_png_jpg.rf.8fc8e17202115f4269676c5bf1d51bfe.jpg,1
tyrol-w16-31-_png_jpg.rf.990f4c0944119fc6bb3d2bac512127c6.jpg,1
tyrol-w16-61-_png_jpg.rf.9d8265e9442e648ae320a931f02204d7.jpg,1
tyrol-w16-30-_png_jpg.rf.a2273cdd86793471057e4d2e57e0fee0.jpg,1
tyrol-w16-32-_png_jpg.rf.b4a818d76cd7a435c0f6d4f67d7b30f2.jpg,1
Kherson_2022_V2_R5C3_11500_12000_6000_6500_jpg.rf.b7762ab4b6c27953623ff9771851ed51.jpg,1
Kherson_2022_V2_R5C3_5500_6000_1500_2000_jpg.rf.d73797d87636c50f6934dfa41bfe368c.jpg,1
tyrol-w16-33-_png_jpg.rf.df85fe458218b1321d81bad1e8f4c4b1.jpg,1
Kherson_2022_V2_R5C3_6000_6500_13500_14000_jpg.rf.f9a771aa83334c1e4a883311ddf082dc.jpg,1
Kherson_2022_V2_R5C3_500_1000_14500_15000-Copy_jpg.rf.71f53d9e34b55bff6a6c13bc699d49c3.jpg,1
tyrol-w16-78-_png_jpg.rf.c0deaa35f448f33df23cac60d75c98a1.jpg,1
Kherson_2022_V2_R5C3_9500_10000_8000_8500_jpg.rf.a95cfc1ea4843df775c9ae062e09f564.jpg,1
tyrol-w16-79-_png_jpg.rf.da398f761509d5df712948a05a6cd556.jpg,1
Kherson_2022_V2_R4C4_12500_13000_4500_5000_jpg.rf.9a9634a6704ebba032efc163c65482eb.jpg,1
tyrol-w16-56-_png_jpg.rf.b2efc43cd561e7ce46da9f237347df75.jpg,1
tyrol-w15-18-_png_jpg.rf.8aae76c41f84d464f14dab671c10d22a.jpg,0
tyrol-w16-53-_png_jpg.rf.9a0abf0d2a0cdcd518cd5dea65f92dbd.jpg,1
tyrol-w16-52-_png_jpg.rf.9f93b1194f437752f15ab1bb4990e3d2.jpg,1
tyrol-w16-57-_png_jpg.rf.cf20d6a3d415817147e8dcaac94a4a4f.jpg,1
tyrol-w16-58-_png_jpg.rf.41b82f2df411cc457bbc92636cbb45de.jpg,1
tyrol-w13-59-_png_jpg.rf.9219cbec142e6c785c07116f775803a2.jpg,0
tyrol-w17-40-_png_jpg.rf.b861ddca2aee77a09ccbe61f014c8ed5.jpg,1
Kherson_2022_V2_R5C3_500_1000_16000_16500-Copy_jpg.rf.9f80e1c492bd9a65e9cca8020be8930a.jpg,1
tyrol-w17-45-_png_jpg.rf.03491047a561252d913fdce83690712a.jpg,1
Kherson_2022_V2_R6C3_5000_5500_15000_15500_jpg.rf.228a0d0543be3d8baf5671a9898c05e5.jpg,1
tyrol-w17-42-_png_jpg.rf.3198f57a2f61c64707471827f5677b23.jpg,0
tyrol-w17-44-_png_jpg.rf.3e7ffb04c4c1f19627fb4cdbb9ddc0b8.jpg,1
tyrol-w17-46-_png_jpg.rf.55c72299bd3161690519bb6f69b7f030.jpg,1
Kherson_2022_V2_R6C3_7000_7500_10500_11000_jpg.rf.738762fea811855e756485bb25961e88.jpg,1
Kherson_2022_V2_R6C3_6500_7000_12500_13000_jpg.rf.778a0e1efedc607d9da4e6c60e915893.jpg,1
Kherson_2022_V2_R6C3_6500_7000_12000_12500_jpg.rf.7fa846b94741dd483071d6a68bf30517.jpg,1
Kherson_2022_V2_R6C3_5500_6000_12000_12500_jpg.rf.89754e5b7952b1fe15488aa1f34bebf0.jpg,1
Kherson_2022_V2_R6C3_6500_7000_11500_12000_jpg.rf.8c65c452c5271898ffd430dda0d3c1fd.jpg,1
Kherson_2022_V2_R6C3_6500_7000_13000_13500_jpg.rf.9213f58bac94c383b220da8b0a4bd0b6.jpg,1
Kherson_2022_V2_R6C3_7000_7500_11000_11500_jpg.rf.aa2ede1a445b3f6789ab2d7d66ab46fc.jpg,1
Kherson_2022_V2_R6C3_6500_7000_14500_15000_jpg.rf.ab6477d4cca8a338905ff1532b261fe9.jpg,1
Kherson_2022_V2_R6C3_6500_7000_8000_8500_jpg.rf.ba03fa9163ea5faac3623f3f4893cdf9.jpg,1
Kherson_2022_V2_R6C3_6000_6500_11000_11500_jpg.rf.bad3a1f9f37d1728095221638f9df9d0.jpg,1
tyrol-w17-5-_png_jpg.rf.e829a939aac6ada36f83c107af9f2e4f.jpg,1
Kherson_2022_V2_R5C3_500_1000_2000_2500-Copy-Copy_jpg.rf.880ffc21d6b63f4a5cc2865766d04f00.jpg,1
Kherson_2022_V2_R4C8_6500_7000_15000_15500_jpg.rf.0a576d90c02817c6e52154e5c92a10ae.jpg,1
tyrol-w15-16-_png_jpg.rf.a0f0be8e6404fc2dd850604a638651e3.jpg,0
Kherson_2022_V2_R5C3_1500_2000_10000_10500-Copy_jpg.rf.704f801a6f2f9895eb3882ec5930257c.jpg,1
Kherson_2022_V2_R5C3_1500_2000_10500_11000-Copy_jpg.rf.d56312ca913c886988ebf0079175a4f9.jpg,1
Kherson_2022_V2_R4C8_6500_7000_16000_16500_jpg.rf.1bab56ee7fbc719e3e2e929b7f159892.jpg,1
tyrol-w15-2-_png_jpg.rf.1bd45c48be86718a596a8554eaeb89fb.jpg,1
Kherson_2022_V2_R5C3_500_1000_2500_3000-Copy-Copy_jpg.rf.0f99cd675f37337c7dfbacf2b78a383e.jpg,1
Kherson_2022_V2_R5C3_1500_2000_7000_7500-Copy_jpg.rf.78dbae9afcdd2acd8601b19b68fe870d.jpg,1
tyrol-w16-38-_png_jpg.rf.f971f7f0e7feba40e0f65dba0f30879b.jpg,1
Kherson_2022_V2_R4C8_6500_7000_15500_16000_jpg.rf.6b0497f6bc0dfc389ed0afc772952924.jpg,1
Kherson_2022_V2_R5C3_2000_2500_7500_8000_jpg.rf.cf906cde141d119c33b6749a54825e4b.jpg,1
tyrol-w16-41-_png_jpg.rf.73337870eb5ca1e9d5019b0d518587ad.jpg,1
Kherson_2022_V2_R5C3_2000_2500_8000_8500_jpg.rf.fe61c8468bf32b5173923e0e9ec4def8.jpg,1
Kherson_2022_V2_R6C3_7500_8000_13500_14000_jpg.rf.6e1561bd2b6d8fec3f3c69ca2008753e.jpg,1
Kherson_2022_V2_R5C3_2000_2500_10500_11000_jpg.rf.4f0405ca43e1ae6234f40c611084cdf1.jpg,1
Kherson_2022_V2_R5C3_3500_4000_10500_11000_jpg.rf.d3e40fe08f3144d5010c046f3b8e7d6e.jpg,1
Kherson_2022_V2_R6C3_12500_13000_11000_11500_jpg.rf.c4a359a4706f33cbab7e301b6a2373a7.jpg,1
Kherson_2022_V2_R5C3_2000_2500_9500_10000_jpg.rf.64b20a557e21dc0d6637045fb6fb2e08.jpg,1
tyrol-w16-45-_png_jpg.rf.8d9b8ee95926faa20dd516396c64d3a3.jpg,1
Kherson_2022_V2_R6C3_7500_8000_14000_14500_jpg.rf.e6cb938e72968ee06b982b374849d33c.jpg,1
Kherson_2022_V2_R6C3_14000_14500_500_1000_jpg.rf.e876eb19e6a57ddb81ce4a9ba6f992e0.jpg,1
tyrol-w16-40-_png_jpg.rf.dcd4ee4e7ad05d30c67dfdb1266dbcf4.jpg,1
Kherson_2022_V2_R6C3_7500_8000_15500_16000_jpg.rf.9d0f17eb3640ed49edc83e7e25ad79ea.jpg,1
tyrol-w17-51-_png_jpg.rf.d13d61546c5e55022d721aa3b6a382cf.jpg,1
tyrol-w17-50-_png_jpg.rf.db05a7094270afc289f7134535337db6.jpg,1
Kherson_2022_V2_R5C3_4500_5000_12500_13000_jpg.rf.a537b79c07479f415452b51e0cc4d863.jpg,1
Kherson_2022_V2_R6C3_14500_15000_0_500_jpg.rf.488da0581364f683d5e85267487b9bee.jpg,1
tyrol-w17-52-_png_jpg.rf.803a8ae3a832345c63ff20c8064ee4ef.jpg,1
Kherson_2022_V2_R5C3_500_1000_10500_11000-Copy-2-_jpg.rf.f70e21f44174cbabd7e0154cab6d1ddc.jpg,1
tyrol-w16-46-_png_jpg.rf.e0db313e0b66247036e659bb4c135831.jpg,1
tyrol-w17-34-_png_jpg.rf.3568f6c38aa5ab148a656f1716cc8a67.jpg,1
tyrol-w17-32-_png_jpg.rf.bc50e834617539650a74072f23cc3fad.jpg,1
Kherson_2022_V2_R5C3_500_1000_12500_13000-Copy_jpg.rf.1d2ba0dbab791a4d46964c39f838cd72.jpg,1
tyrol-w16-47-_png_jpg.rf.98714cc1657cbfc4313ef9c3cada0d65.jpg,1
tyrol-w16-48-_png_jpg.rf.e0a27e41cad55160563ba7dce11c35ae.jpg,0
Kherson_2022_V2_R5C3_500_1000_12000_12500-Copy_jpg.rf.ee71ae358361aa515cc4af8cba814651.jpg,1
Kherson_2022_V2_R6C3_15500_16000_1500_2000_jpg.rf.54216ec1f5ca1dbef78abfb50ae06e15.jpg,1
Kherson_2022_V2_R6C3_16000_16500_4000_4500_jpg.rf.bcb9813281c428fff12b3df772bdec61.jpg,1
Kherson_2022_V2_R5C3_500_1000_13000_13500-Copy_jpg.rf.91dc3493127c05bc455b24688032dd34.jpg,1
Kherson_2022_V2_R6C3_5000_5500_14000_14500_jpg.rf.33280144f106667422c112f0e73143a6.jpg,1
tyrol-w17-36-_png_jpg.rf.38147088b03a097e6aa3004a9242b55b.jpg,1
Kherson_2022_V2_R5C3_500_1000_11000_11500-Copy-Copy_jpg.rf.097d626e002754c64a0edf11eac8ea06.jpg,1
Kherson_2022_V2_R6C3_5000_5500_14500_15000_jpg.rf.fd038402b5ad55ebe84fe0b9d7e4ddfc.jpg,1
Kherson_2022_V2_R6C3_8000_8500_14500_15000_jpg.rf.0ada5ceec2eb88b381d659ce3ff87634.jpg,1
tyrol-w17-39-_png_jpg.rf.623af014a5e370e8c35a3b9029bd078e.jpg,1
tyrol-w16-49-_png_jpg.rf.cffa5c54c028cbf078b6c6fbc6cdbec4.jpg,0
Kherson_2022_V2_R6C3_9000_9500_14000_14500_jpg.rf.7e0e55d4f4e3a45fb5e3c3c163e97e0d.jpg,1
tyrol-w17-58-_png_jpg.rf.44f4cf93c3b6766d6ca0da2f41e242bd.jpg,1
Kherson_2022_V2_R6C4_0_500_12500_13000_jpg.rf.6e6704a9cec99d2efab0ebb030e1427a.jpg,1
tyrol-w17-56-_png_jpg.rf.f8fc75b02c0a73b4d7052e97e9718b82.jpg,1
Kherson_2022_V2_R6C4_2500_3000_15500_16000_jpg.rf.a574095cea96d1df7831969a37a86ade.jpg,1
tyrol-w17-6-_png_jpg.rf.782e0b02b014bec95dd4a4ef30702264.jpg,1
Kherson_2022_V2_R6C4_4500_5000_9000_9500_jpg.rf.b79e38f35a3dc34fb83a3d682c1ee44d.jpg,1
Kherson_2022_V2_R6C4_2000_2500_16000_16500_jpg.rf.e3e02969523012773e07c572695f4fbc.jpg,1
tyrol-w17-61-_png_jpg.rf.549d4b97a5ab1190e22c642500a830f0.jpg,1
Kherson_2022_V2_R6C4_1500_2000_11000_11500_jpg.rf.57f559ff7f497de5d3861fed135d2605.jpg,1
tyrol-w13-61-_png_jpg.rf.b28d65fa8b8d5391c18e082f96e1c460.jpg,0
okutama_hs_90_016_png_jpg.rf.f4ec16160fdaadb10dbd0dd845cd3c6c.jpg,1
Kherson_2022_V2_R4C8_6500_7000_9000_9500-Copy_jpg.rf.264a62601216533291c6fd91e34ac46d.jpg,1
Kherson_2022_V2_R4C8_6500_7000_8500_9000-Copy_jpg.rf.8a260c2d4cfd3baf9dae34ceb9b3928e.jpg,1
Kherson_2022_V2_R4C4_12500_13000_6000_6500_jpg.rf.ccb071beea50a6e7d607f164f9071cbf.jpg,1
tyrol-w15-22-_png_jpg.rf.0cef979aca936f047234734753d958f5.jpg,1
Kherson_2022_V2_R4C8_6500_7000_9500_10000-Copy_jpg.rf.9ab490488e0f2af3427b31b21584ce04.jpg,1
Kherson_2022_V2_R4C3_16000_16500_1500_2000_jpg.rf.a1cae2569007b089c2bc0618445ceee5.jpg,1
tyrol-w13-2-_png_jpg.rf.34a8c40b49b0873ff50cff15ebf94270.jpg,0
Kherson_2022_V2_R4C3_16000_16500_14500_15000_jpg.rf.ff1a619ed30e29f6c9146ed3be3695b6.jpg,1
Kherson_2022_V2_R4C4_10500_11000_7000_7500-Copy-2-_jpg.rf.7ccd49bcfdf2a67e626c4ee51302a342.jpg,1
Kherson_2022_V2_R4C3_16000_16500_12000_12500_jpg.rf.e9a753799f0c318573fe542cfc88ef3f.jpg,1
tyrol-w13-30-_png_jpg.rf.29cb75f388c6f56c4d9099ac4bb4f1c2.jpg,1
tyrol-w13-29-_png_jpg.rf.cfff0c803dea3ca3488762843e3ee6a1.jpg,1
tyrol-w13-31-_png_jpg.rf.289dbd0302f7c6414ca184f4586f6ae3.jpg,0
tyrol-w13-26-_png_jpg.rf.75b0bcf6a41ca3fe385b90206467196c.jpg,1
Kherson_2022_V2_R4C3_3500_4000_7500_8000-Copy_jpg.rf.fa0dfba8c781ce612b2c343e803fa7d9.jpg,1
tyrol-w13-35-_png_jpg.rf.27ada4fe352cb34bdc8e6278fc9a1b93.jpg,1
Kherson_2022_V2_R4C3_7500_8000_7500_8000-Copy_jpg.rf.a50ade2b324255fd98dbba0b31c72eb3.jpg,1
Kherson_2022_V2_R4C3_4500_5000_15500_16000-Copy_jpg.rf.af97fcba26bf9746886ae3c4ff41dd90.jpg,1
tyrol-w13-36-_png_jpg.rf.09f0539d67f3e8d575ba18d75c63b1f0.jpg,1
Kherson_2022_V2_R4C3_2000_2500_13000_13500-Copy_jpg.rf.8681483dbfbb7248a7f43557cf2bcd45.jpg,1
Kherson_2022_V2_R4C3_6500_7000_1500_2000-Copy_jpg.rf.ccf045fcbd8d6f620d09710a5c4d2355.jpg,1
Kherson_2022_V2_R4C3_9500_10000_10500_11000-Copy_jpg.rf.bb7a84e0ee8bb932dbba80861cfbf8dd.jpg,1
tyrol-w13-21-_png_jpg.rf.6b0b78140c878b18c91bb51c02684e9f.jpg,0
Kherson_2022_V2_R4C3_7000_7500_2500_3000-Copy_jpg.rf.9a2cd0d0af886d951bdd7879cece691c.jpg,1
tyrol-w13-32-_png_jpg.rf.d2eaa72c08fd2446e6fe6d13802e37b6.jpg,0
Kherson_2022_V2_R4C3_7000_7500_6500_7000-Copy_jpg.rf.2306f3c9f42fbe4f1706e3bc9e634e57.jpg,1
tyrol-w13-28-_png_jpg.rf.db45c5b2b97d5a2964e32ef79645356b.jpg,0
Kherson_2022_V2_R4C3_4500_5000_16000_16500-Copy_jpg.rf.0a5be381bee81af798cc9244a50108e5.jpg,1
Kherson_2022_V2_R4C3_16000_16500_13000_13500_jpg.rf.86aa436dd3eb0ed4e79a80c18714be29.jpg,1
tyrol-w13-38-_png_jpg.rf.2a218e90d5f1cf17d70719ae1717ae39.jpg,1
Kherson_2022_V2_R4C3_15500_16000_5500_6000_jpg.rf.992533e793d20f930676b30361951433.jpg,1
tyrol-w13-64-_png_jpg.rf.c14ff9e489db23c199135c3744c0fbb0.jpg,1
Kherson_2022_V2_R4C3_16000_16500_8000_8500_jpg.rf.72df04356aeddaebbe9d9c0b4fd6e100.jpg,1
tyrol-w13-53-_png_jpg.rf.c85ca7862efa8b7bc2c64eaaea1d0c61.jpg,0
Kherson_2022_V2_R4C3_9500_10000_12000_12500-Copy_jpg.rf.516227585a5b8ddd93aec0d5755a0cfc.jpg,1
Kherson_2022_V2_R4C4_13500_14000_2000_2500_jpg.rf.c49f731162f757b3ae201c52b8737372.jpg,1
Kherson_2022_V2_R4C3_16000_16500_5000_5500_jpg.rf.beaf0ea4e3f571ccb704534fd1f607ce.jpg,1
Kherson_2022_V2_R4C4_11500_12000_5500_6000-Copy_jpg.rf.ee35f7dacd8c1f952581d76790dbadee.jpg,1
tyrol-w13-65-_png_jpg.rf.09ec1bedaba2df7f495f9de415622ca8.jpg,1
Kherson_2022_V2_R4C3_9500_10000_11000_11500-Copy_jpg.rf.273f11d0b1cac15414c223a598624264.jpg,1
Kherson_2022_V2_R4C4_14000_14500_11000_11500_jpg.rf.4e5b9dea287bc374fa046d55a2a7372d.jpg,1
Kherson_2022_V2_R4C4_14000_14500_1000_1500_jpg.rf.c468ea26e3c8e63f5eba5146289b5329.jpg,1
tyrol-w28-90-_png_jpg.rf.0474e2a7cf0ff9e9df4d88cd073f303a.jpg,1
Tripoli_2022_R1C1_14000_14500_9500_10000_jpg.rf.3ef12d604bfb7bf679166b2b5570b9d2.jpg,1
austin19-94-_png_jpg.rf.a522a8598c3c494e65ea9507ec8139e1.jpg,1
austin19-95-_png_jpg.rf.b1daf360abc14ae1d9c7960731391ebb.jpg,1
Tripoli_2022_R1C1_14000_14500_9000_9500_jpg.rf.93c9d3b71d952f565017dff9b71dd530.jpg,1
tyrol-w29-43-_png_jpg.rf.a3c96810d1141f8e0f1daab679a60814.jpg,1
tyrol-w29-45-_png_jpg.rf.49dd0fa32874f83496b74427700b67be.jpg,1
tyrol-w29-62-_png_jpg.rf.73b6c847c0f9023987cf57c260946cce.jpg,1
Tripoli_2022_R1C2_9500_10000_2000_2500_jpg.rf.7eafd661492f7bf88bc7968ea1a9148b.jpg,1
Tripoli_2022_R1C3_7000_7500_5500_6000_jpg.rf.ae9cdba3924e401c6103238ca250f2cf.jpg,1
tyrol-w3-98-_png_jpg.rf.007fb691fa3ed1865aeaa4a3f40ccf47.jpg,1
Tripoli_2022_R2C2_13500_14000_6000_6500_jpg.rf.fa0bb79b9e7018921c26cb1e417943c0.jpg,1
Tripoli_2022_R2C2_13500_14000_7000_7500_jpg.rf.fc1db35b0cdeee35fb2b0e185b87be0d.jpg,1
Tripoli_2022_R1C3_7000_7500_5000_5500_jpg.rf.cc13a20dd3c8038547683de525e6fc2a.jpg,1
austin19-99-_png_jpg.rf.8b87a68f7afcbbc0efc5ffde2b74f8d4.jpg,0
Donetsk_2022_R5C7_12000_12500_11000_11500_jpg.rf.bf5d41b62a869ee1cfc8bf05408656d8.jpg,1
austin19-90-_png_jpg.rf.c0a4fdcd4c3cafc4d6848274411860db.jpg,1
Donetsk_2022_R5C6_7000_7500_14500_15000_jpg.rf.114b7fe0602062d4bb8237bbad88b847.jpg,1
austin19-98-_png_jpg.rf.202f41e9cc2e05a085fcd57e32dd69d3.jpg,0
Tripoli_2022_R2C2_10000_10500_5000_5500_jpg.rf.7519494865c8e0d95314736bdf7ff9b2.jpg,1
Tripoli_2022_R2C2_10500_11000_5000_5500_jpg.rf.d93e9afe5a9a30a7c50f3183c289d28d.jpg,1
tyrol-w3-99-_png_jpg.rf.93f0392f6ddd9bf9b2134ddb0f8f7d98.jpg,1
tyrol-w3-81-_png_jpg.rf.4388b93e4f34e179b353797bf4ece8d6.jpg,1
Tripoli_2022_R2C2_10500_11000_4000_4500_jpg.rf.d21e895dfa0dcbd81395e47866000f4c.jpg,1
Tripoli_2022_R2C2_12000_12500_4500_5000_jpg.rf.72277e8ce08f6a4fa5ec02912f749514.jpg,1
Tripoli_2022_R2C2_15500_16000_11500_12000_jpg.rf.3b143b3747e281b1d99969dc325e582d.jpg,1
Donetsk_2022_R5C7_12000_12500_11500_12000_jpg.rf.3ad17fcb62b584b7dd2226a819ce5ddf.jpg,1
tyrol-w3-92-_png_jpg.rf.dd3e9ef5631249ebe09088844bfd74a6.jpg,0
tyrol-w3-77-_png_jpg.rf.d7fbffc134be4e40ea26d4231a25e40c.jpg,0
Tripoli_2022_R2C2_15500_16000_1000_1500_jpg.rf.b5d04d2738c7a0907a5df5c51cf0edef.jpg,1
Tripoli_2022_R2C2_12500_13000_6500_7000_jpg.rf.5bfe8433d376b2df2859fadba325e0d4.jpg,1
Tripoli_2022_R2C2_12500_13000_6000_6500_jpg.rf.9e5d784175daebc6c6a98e76a8faa19e.jpg,1
tyrol-w3-88-_png_jpg.rf.183fa69c27b344b9d6b83893b75d7aa6.jpg,0
Tripoli_2022_R2C2_11500_12000_7000_7500_jpg.rf.7cd37caea29fddce02e4d21424b53e41.jpg,1
Tripoli_2022_R2C2_12000_12500_14500_15000_jpg.rf.9bb1be52858ff2992e4045c17bfc7d31.jpg,1
tyrol-w30-18-_png_jpg.rf.ed570e7a1de353e564a5af6c67859015.jpg,1
tyrol-w3-82-_png_jpg.rf.4e140873be677346fe411306da7974a9.jpg,1
tyrol-w30-100-_png_jpg.rf.562bef2af10497f97b227a4bc119c341.jpg,1
Tripoli_2022_R2C2_11500_12000_15000_15500_jpg.rf.8771ff8e6362928b6da8e684722ef4e4.jpg,1
tyrol-w3-83-_png_jpg.rf.e3a997ade54b658270725fc1c266fdd4.jpg,1
tyrol-w3-96-_png_jpg.rf.73a4a0d70e00a351224757d5a29c35a9.jpg,1
Tripoli_2022_R2C2_12000_12500_3500_4000_jpg.rf.9cd94e9f6bfa6735098e35ce58ad2d21.jpg,1
tyrol-w3-89-_png_jpg.rf.da33d19ab48d213f76b0b7545ec4ce67.jpg,0
Tripoli_2022_R2C2_12000_12500_6500_7000_jpg.rf.05229ca678aaf6990a86e70f2441cda0.jpg,1
Tripoli_2022_R2C2_15000_15500_9000_9500_jpg.rf.35672557abfad63d1eb303fd7d81d606.jpg,1
Tripoli_2022_R2C2_12500_13000_7000_7500_jpg.rf.6e914393583b849b1f1e89e102eb0758.jpg,1
Tripoli_2022_R2C2_13500_14000_5500_6000_jpg.rf.4f43e3446a0537dfc37d5734a66ab375.jpg,1
tyrol-w30-15-_png_jpg.rf.05b5e10ef900885445a765dc51a88efe.jpg,1
tyrol-w30-16-_png_jpg.rf.a2d67ed8339cc9d59b485a9db7988b53.jpg,1
tyrol-w3-84-_png_jpg.rf.ef743af1b5f22e0a1739479571f4ee9e.jpg,1
tyrol-w3-93-_png_jpg.rf.08fa0cf7d49f24677f1bae846a98e729.jpg,1
Tripoli_2022_R2C2_13000_13500_5500_6000_jpg.rf.ba07417114c66a367a40e4e864b42185.jpg,1
tyrol-w3-95-_png_jpg.rf.d20055ebed25e1b6e2b41a1835b03d9e.jpg,1
Tripoli_2022_R2C2_14500_15000_13000_13500_jpg.rf.bbe1b61f6fbab0c628cae0bea8e2041b.jpg,1
tyrol-w3-78-_png_jpg.rf.362ff199356d967a2c196fc07ea3bd16.jpg,0
Tripoli_2022_R2C2_15000_15500_14500_15000_jpg.rf.b000bf6e3a2f032423746ee0233d6191.jpg,1
Tripoli_2022_R2C2_13000_13500_7000_7500_jpg.rf.7587f72781707e94bf5d14f6fe4d6209.jpg,1
Tripoli_2022_R2C2_15000_15500_15000_15500_jpg.rf.a079942546090ee85856aceaf48e7d6b.jpg,1
Tripoli_2022_R2C2_10500_11000_3000_3500_jpg.rf.744322c3c490c1827c3f4b69fa0a9525.jpg,1
Tripoli_2022_R2C2_10500_11000_10500_11000_jpg.rf.b98646f09c982ebc53107274f6b505e7.jpg,1
tyrol-w30-14-_png_jpg.rf.4dce2477a50d05cfb9ded2be72a004b5.jpg,1
Tripoli_2022_R2C2_10500_11000_3500_4000_jpg.rf.a78abfadff5839d261087a9363652645.jpg,1
tyrol-w3-90-_png_jpg.rf.aedcb01f786cbbaf04e05ee32b5baf54.jpg,1
tyrol-w3-80-_png_jpg.rf.c56f0f2b87c4e4e3a7cf0d646d7dfd0a.jpg,1
Tripoli_2022_R2C2_15000_15500_500_1000_jpg.rf.a58b4ad8bb69bb0cd7bad132728b0d23.jpg,1
tyrol-w3-91-_png_jpg.rf.2e58fadfa18fefe0b63a3d8ccf2f73dc.jpg,1
tyrol-w30-11-_png_jpg.rf.7198d0c1b5672baecf4ff307aca2c7d3.jpg,1
Tripoli_2022_R2C2_15000_15500_13500_14000_jpg.rf.4978754ed1d85355c29e3b51fc5a05b2.jpg,1
Tripoli_2022_R2C2_15000_15500_13000_13500_jpg.rf.b991c9db9f58ec76a90f6b441d55331b.jpg,1
tyrol-w30-12-_png_jpg.rf.163bfd49a30a8618de80bd9e34902631.jpg,1
tyrol-w3-86-_png_jpg.rf.3e05dbd89daeae0fb75eb41d5ff8c36d.jpg,1
chicago8-4-_png_jpg.rf.a63281d9dd81f8f7d6e2466119b8e4bf.jpg,1
Kharkiv_2022_A_1_R1C4_500_1000_14500_15000_jpg.rf.d8e6dba72682d10dd1672886bd51f170.jpg,1
Kharkiv_2022_A_1_R1C5_10000_10500_4500_5000_jpg.rf.4b19b75728e5861828032c4e3d36b6f5.jpg,1
Kharkiv_2022_A_1_R1C4_3000_3500_0_500_jpg.rf.65c159a27c2d31f1225c0b52dc2965db.jpg,1
Kharkiv_2022_A_1_R1C4_500_1000_15500_16000_jpg.rf.6db5dcf5a36cf143ae780dd605e893f7.jpg,1
Kharkiv_2022_A_1_R1C5_11000_11500_1000_1500_jpg.rf.0bd23dccf33f5d718a66242514cfa83d.jpg,1
chicago8-41-_png_jpg.rf.0531f5466983fb3cdce3e962e6be44fe.jpg,1
chicago8-39-_png_jpg.rf.a35c4a44c7aa9901ad5c83e9e0346122.jpg,1
Kharkiv_2022_A_1_R1C4_8500_9000_16000_16500_jpg.rf.8eebdc68730737e559fb633d935bedbd.jpg,1
chicago8-47-_png_jpg.rf.12f7ec472e328609f8a622bbd0bc0b5e.jpg,1
Kharkiv_2022_A_1_R1C4_16000_16500_8000_8500_jpg.rf.422b00ad91fc72b514785ae0c964cf08.jpg,1
chicago8-29-_png_jpg.rf.4da07bcb97769425c4fead3dd91e54d3.jpg,1
chicago8-37-_png_jpg.rf.b83c6d4921730d196ae90b49d12b4a6c.jpg,1
chicago8-38-_png_jpg.rf.f557d09bf2b3d5030b0061981f4c70fb.jpg,1
Kharkiv_2022_A_1_R1C4_7500_8000_0_500_jpg.rf.3fb46890d0f05016e75c71e05aaeb53b.jpg,1
Kharkiv_2022_A_1_R1C4_2500_3000_14000_14500_jpg.rf.3f7995dfe7d8df36a2c64c8212c6907e.jpg,1
Kharkiv_2022_A_1_R1C5_10000_10500_3500_4000_jpg.rf.67d6631b400e7c84fb0404b01613133e.jpg,1
Kharkiv_2022_A_1_R1C4_1500_2000_13000_13500_jpg.rf.757f60a45dc004fc05b8c2883ab72520.jpg,1
chicago8-42-_png_jpg.rf.52d06334ea05d0e0e8c5c2c9e38aa7a5.jpg,1
Kharkiv_2022_A_1_R1C5_11500_12000_6000_6500_jpg.rf.5fb6c2e808b5555b7486d07c66a38525.jpg,1
Kharkiv_2022_A_1_R1C4_2000_2500_500_1000_jpg.rf.3f02c523b35a529ed023baf23ac17bf9.jpg,1
Kharkiv_2022_A_1_R1C4_2500_3000_10500_11000_jpg.rf.64148c8b3ff40d08c9c0a52ebb009d75.jpg,1
Kharkiv_2022_A_1_R1C5_11500_12000_6500_7000_jpg.rf.c5eae41dd375347811e64c11e211380e.jpg,1
chicago8-49-_png_jpg.rf.284cbe8021735d4fa233b11b75ebda2d.jpg,1
chicago8-35-_png_jpg.rf.6d88e94f2450f138695d1db3953e8a19.jpg,1
Kharkiv_2022_A_1_R1C5_11500_12000_5500_6000_jpg.rf.ae2e16676315901db2356f84877dc3c8.jpg,1
chicago8-36-_png_jpg.rf.d820e5d268d2e3ea6bb983f0f3b909e3.jpg,1
Kharkiv_2022_A_1_R1C4_500_1000_14000_14500_jpg.rf.f4f6c8dfc6f724f378ce18879a5eab20.jpg,1
Kharkiv_2022_A_1_R1C5_14000_14500_8500_9000_jpg.rf.eb2991aa93969def37d52af687074e46.jpg,1
Kharkiv_2022_A_1_R1C4_16000_16500_2500_3000_jpg.rf.1ae959f7661c27c2ecef77c84a1002ee.jpg,1
chicago8-56-_png_jpg.rf.31069b30cb2b8ff9f53eee5caa21a424.jpg,1
chicago8-55-_png_jpg.rf.5a5fd79e24e629ee2ed507d24a3e0a6a.jpg,1
Kharkiv_2022_A_1_R1C5_10000_10500_2000_2500_jpg.rf.5aa409ed9f98abec3536f47103356311.jpg,1
chicago8-52-_png_jpg.rf.ceadcc4f4707f3f598755fe84c63b340.jpg,1
Kharkiv_2022_A_1_R1C5_14000_14500_9000_9500_jpg.rf.5414635b3f7ec8b723756679b9c1b7d7.jpg,1
Kharkiv_2022_A_1_R1C4_2000_2500_12000_12500_jpg.rf.19992b41836ef7c1f5a6e10a2371874c.jpg,1
Kharkiv_2022_A_1_R1C5_11500_12000_15500_16000_jpg.rf.cad702c703ef8d1ebb37459a5efba2dc.jpg,1
Kharkiv_2022_A_1_R1C5_13000_13500_8000_8500_jpg.rf.e2dd6e2d39c6def08db96f2a544060e0.jpg,1
Kharkiv_2022_A_1_R1C5_12000_12500_14500_15000_jpg.rf.135070316a7cff881477a7758d5d62d5.jpg,1
Kharkiv_2022_A_1_R1C5_12500_13000_6500_7000_jpg.rf.bb53bec82ec1efa701974748096e3779.jpg,1
Kharkiv_2022_A_1_R1C5_15000_15500_1500_2000_jpg.rf.33edbc53b596a5e68ff8c6bbb31adbce.jpg,1
chicago8-24-_png_jpg.rf.557edfe2330fb28834caaf74100bc7b5.jpg,1
chicago8-57-_png_jpg.rf.a38567f7ffecb7a9b5d0913591678493.jpg,1
Kharkiv_2022_A_1_R1C5_11000_11500_3000_3500_jpg.rf.0edfd3e245200748f3eb549ba696979b.jpg,1
Kharkiv_2022_A_1_R1C5_13000_13500_8500_9000_jpg.rf.9db25ae94c4009be06545a315a05634a.jpg,1
Kharkiv_2022_A_1_R1C5_11000_11500_2500_3000_jpg.rf.b9192397ba62589a23b614641dada84d.jpg,1
Kharkiv_2022_A_1_R1C5_14500_15000_1000_1500_jpg.rf.d934e69c6c1ff6262535afb156fbe7aa.jpg,1
chicago8-66-_png_jpg.rf.a41771de810398bbcbbf8bbec4e41d24.jpg,1
Tripoli_2022_R2C2_12500_13000_500_1000_jpg.rf.2072161e2829f8d26afdec9d7448170d.jpg,1
Kharkiv_2022_A_1_R1C5_12500_13000_5000_5500_jpg.rf.7e3c6d92df34e6ebe35f096e9ea774df.jpg,1
chicago8-65-_png_jpg.rf.461f6df085558176c52706cb70851a4b.jpg,1
Kharkiv_2022_A_1_R1C4_1500_2000_16000_16500_jpg.rf.1beb42ad1bbc5096603059bec4bb5079.jpg,1
chicago8-50-_png_jpg.rf.7af4eeb8f1a9734e54e6c56b0040d640.jpg,1
chicago8-61-_png_jpg.rf.80f8b7209afd2e269d9318bc0cc0dfca.jpg,1
chicago8-62-_png_jpg.rf.e2f5315c0a3690d06ff87f25937edc51.jpg,1
Kharkiv_2022_A_1_R1C4_2000_2500_13000_13500_jpg.rf.8c80fdfe029edbb8e2482c463f636ba8.jpg,1
chicago8-45-_png_jpg.rf.492f75f0f4fb27495c2fd01329a17d4f.jpg,1
chicago8-58-_png_jpg.rf.4bebf17da1a14cd94eeab8f0c9d8d6dd.jpg,1
Kharkiv_2022_A_1_R1C5_12500_13000_15000_15500_jpg.rf.fb845e5dfd1428e730de00d349794cee.jpg,1
chicago8-25-_png_jpg.rf.b438e2277381df4ea4876201ba17e77d.jpg,1
Kharkiv_2022_A_1_R1C5_13500_14000_7500_8000_jpg.rf.0782b0843d5266be0ab2b27e45020b12.jpg,1
chicago8-26-_png_jpg.rf.d7093c15890410cb1ccfbb65b20f3002.jpg,1
Kharkiv_2022_A_1_R1C4_1500_2000_15000_15500_jpg.rf.6f2226e047077ba5cdc921aff9c7fdcf.jpg,1
Kharkiv_2022_A_1_R1C4_2000_2500_12500_13000_jpg.rf.85cc78c7b59c70c516e6a9ce892d4538.jpg,1
chicago8-64-_png_jpg.rf.81ac5441439a0e90e2190646d0af829f.jpg,1
Kharkiv_2022_A_1_R1C5_14000_14500_5500_6000_jpg.rf.83edea2e1f889290a8d670c53538bc87.jpg,1
Kharkiv_2022_A_1_R1C5_14000_14500_3500_4000_jpg.rf.c84b15328b9ddbd7e1ed9ca865f897d3.jpg,1
swiss_IMG_8758_JPG_jpg.rf.45896c51a25b1a94315340fd1bceb6ca.jpg,1
chicago8-33-_png_jpg.rf.7115a2aa925b95ed858079a352cf2daa.jpg,1
Kharkiv_2022_A_1_R1C5_13000_13500_7500_8000_jpg.rf.585fea34348a2e94fa131244ca15cbcf.jpg,1
Kharkiv_2022_A_1_R1C4_2000_2500_14000_14500_jpg.rf.2376d228da272aed047356cf59a299b1.jpg,1
chicago8-30-_png_jpg.rf.ff8138ac7512bb8ad1bad408fafe9e52.jpg,1
chicago8-34-_png_jpg.rf.450e92b6f1ec07efd54b5411f4b989c2.jpg,1
Tripoli_2022_R2C2_15000_15500_1000_1500_jpg.rf.d4cbe03e19e306af413d188285be5f24.jpg,1
Kharkiv_2022_A_1_R1C6_500_1000_4500_5000_jpg.rf.c12d375475bf85284dfe7722447c3598.jpg,1
Tripoli_2022_R2C2_10000_10500_4500_5000_jpg.rf.40c640906c470e8f212bf336cb0ed1a2.jpg,1
Kharkiv_2022_A_1_R1C5_5000_5500_500_1000_jpg.rf.d0f593b9f632516e5ba6b5e81765407f.jpg,1
Kharkiv_2022_A_1_R2C2_14500_15000_14000_14500_jpg.rf.aaf2377656bebf0604a516984154c317.jpg,1
Kharkiv_2022_A_1_R1C5_500_1000_0_500_jpg.rf.3f197e60456341b412dfd27d212a3ca9.jpg,1
Kharkiv_2022_A_1_R2C2_14500_15000_14500_15000_jpg.rf.c792291d45cc0162cea0403b2c52b5e2.jpg,1
Kharkiv_2022_A_1_R2C2_15500_16000_7500_8000_jpg.rf.fde2bb932bbb1ce2b84ed5424229cb84.jpg,1
Kharkiv_2022_A_1_R1C6_1000_1500_4500_5000_jpg.rf.d7159ab60f6ff1670cda6b2d67784337.jpg,1
Kharkiv_2022_A_1_R1C6_1500_2000_5000_5500_jpg.rf.391234e0d94db7e659bdaaf60224f155.jpg,1
chicago8-74-_png_jpg.rf.4cdef31cc6919b1a441d2259ca678809.jpg,1
chicago8-85-_png_jpg.rf.82e5e09cde8aa868c8d08fe7c2b5b3b5.jpg,1
Kharkiv_2022_A_1_R1C5_500_1000_500_1000_jpg.rf.206e8ed031438c80567a4d9045028af2.jpg,1
Kharkiv_2022_A_1_R1C5_9500_10000_1500_2000_jpg.rf.d4cec3d7c48283e82ae50bb1de3fa941.jpg,1
Kharkiv_2022_A_1_R2C2_16000_16500_16000_16500_jpg.rf.2d8a9f90f011d161072d5bcbed0cd8d0.jpg,1
chicago8-78-_png_jpg.rf.cf231b41524ea6f8f114402c3f2219ef.jpg,1
chicago8-84-_png_jpg.rf.d38e0b355629ac1c44e223b2b97a91d7.jpg,1
chicago8-86-_png_jpg.rf.3724c9358ae42c275df90394d5d649ca.jpg,0
chicago8-75-_png_jpg.rf.6702ea3cf46df6a38d17d3bd2aaee459.jpg,1
Kharkiv_2022_A_1_R2C2_9000_9500_10500_11000_jpg.rf.67668b1c66ebeb42a8f2d60e7cf2831a.jpg,1
chicago8-90-_png_jpg.rf.0ad47679dd0addb6724518c0e1f44488.jpg,1
Kharkiv_2022_A_1_R2C3_10500_11000_10500_11000_jpg.rf.311480b4c9f838af5fe8c7dea6925b3e.jpg,1
Kharkiv_2022_A_1_R2C3_16000_16500_16000_16500_jpg.rf.e395ca5872f0da797a59ad7974adcc6f.jpg,1
Kharkiv_2022_A_1_R1C6_500_1000_5000_5500_jpg.rf.e436d4e21f171baeb46041f204ce2b41.jpg,1
Kharkiv_2022_A_1_R1C5_15500_16000_5500_6000_jpg.rf.d0f23771fe95dd04d4060f25db9c3ef4.jpg,1
chicago8-87-_png_jpg.rf.57df9adfb3834799ca46053c097fe7d2.jpg,1
chicago8-72-_png_jpg.rf.c37a989b52ce29917b1c9b69a6b8bdad.jpg,1
Kharkiv_2022_A_1_R2C3_0_500_3500_4000_jpg.rf.f7957189db6d0b0b787f6aa9f251c995.jpg,1
Kharkiv_2022_A_1_R2C3_5000_5500_9500_10000_jpg.rf.2c92518c7bd1dd1ca9391ae1bba672b6.jpg,1
chicago8-9-_png_jpg.rf.3f48c4fdb8ffe08e856798f36dab1a91.jpg,1
chicago8-98-_png_jpg.rf.c8e0ff853756923d8338d1e387c727b1.jpg,1
chicago8-69-_png_jpg.rf.8559b38895f765b46a6d27c365d6f4f7.jpg,1
Kharkiv_2022_A_1_R1C5_1500_2000_0_500_jpg.rf.e2a5edc3d8331839709e7e43b7f9adb7.jpg,1
Tripoli_2022_R2C3_5000_5500_14500_15000_jpg.rf.710e95f845fe76967a5422144bb30844.jpg,1
Kharkiv_2022_A_1_R2C3_10000_10500_16000_16500_jpg.rf.901d15409118578c8ccc90990bef7613.jpg,1
Kharkiv_2022_A_1_R1C5_15000_15500_2000_2500_jpg.rf.207b96b417fa29c8585d460b17fa151f.jpg,1
chicago8-88-_png_jpg.rf.df54acc30348ceae912c2a7d2e42adf7.jpg,1
Kharkiv_2022_A_1_R1C5_2000_2500_0_500_jpg.rf.bc2479859272c50f45531404f3ed3f4f.jpg,1
Tripoli_2022_R2C3_4500_5000_7000_7500_jpg.rf.b1b9c8b1d9f7368178c86b07be48cac5.jpg,1
Tripoli_2022_R2C3_4500_5000_13500_14000_jpg.rf.81ea91e55a28b358a8785415607a4e56.jpg,1
Kharkiv_2022_A_1_R2C3_1000_1500_12500_13000_jpg.rf.8de820494c87da147256bd38640d0ef9.jpg,1
Kharkiv_2022_A_1_R2C3_2000_2500_6000_6500_jpg.rf.ac889c5418967cc6ce429e4efeaae293.jpg,1
tyrol-w30-91-_png_jpg.rf.76104ef2bea63f8b4d3fdb21af9c3abc.jpg,1
Kharkiv_2022_A_1_R2C2_8500_9000_9500_10000_jpg.rf.81e10bd5cec04636aa41fc89c306b6cf.jpg,1
Kharkiv_2022_A_1_R2C3_1000_1500_12000_12500_jpg.rf.9ebf3f5f87a21e6f75332282e0b77bfd.jpg,1
chicago8-93-_png_jpg.rf.905405c871531a258d42397e49fbfe58.jpg,1
chicago8-7-_png_jpg.rf.de3dcc29efa4ee6c1302b91f4d47b19a.jpg,1
tyrol-w30-95-_png_jpg.rf.dd20af0c6460a5bcf8f88ef82fe0899e.jpg,1
chicago8-94-_png_jpg.rf.7a0efacb195e30e7bfe211394f9a7bf1.jpg,1
Tripoli_2022_R2C3_4500_5000_14500_15000_jpg.rf.c8fad91885785b1c4293ccb47d97bbec.jpg,1
Tripoli_2022_R2C3_5000_5500_12500_13000_jpg.rf.03c0379393a95a020a21004ba9766daa.jpg,1
tyrol-w30-96-_png_jpg.rf.a8d470b4cd44d94216c273109d39e3e7.jpg,0
Tripoli_2022_R2C3_4500_5000_7500_8000_jpg.rf.f1485143cf025834124b7f2396f0c026.jpg,1
Kharkiv_2022_A_1_R2C3_3000_3500_6000_6500_jpg.rf.133a46f2e31695e1dc7394bf0a46ecbc.jpg,1
Kharkiv_2022_A_1_R2C3_2500_3000_7500_8000_jpg.rf.480ce0ea3e61caa30175adcc50032994.jpg,1
chicago8-97-_png_jpg.rf.37faa59c9fbcf2fc29e1593a4fe8bc96.jpg,1
chicago8-92-_png_jpg.rf.9766c18d7d3bbdbf8d3c85ae33ca8c27.jpg,1
Kharkiv_2022_A_1_R2C3_4500_5000_9000_9500_jpg.rf.5add7bfbef88ee66b3bfe4682f18cb5d.jpg,1
Kharkiv_2022_A_1_R2C3_3000_3500_11500_12000_jpg.rf.edbbadeedb95be5a3b6f77ad1c89a60d.jpg,1
Kharkiv_2022_A_1_R2C3_5000_5500_10500_11000_jpg.rf.6543299379d6146d48cb240d0a1814b9.jpg,1
chicago8-91-_png_jpg.rf.ec51003fbaa70d06101c9e882d4e2dbd.jpg,1
tyrol-w30-93-_png_jpg.rf.69961f7a950bb0f953b20671ed59aff9.jpg,0
Tripoli_2022_R2C3_4000_4500_6500_7000_jpg.rf.c2626d94af970935c800c5ce86ae9e37.jpg,1
Zalingei_2022_1_A_1_R1C2_8500_9000_0_500_jpg.rf.e670b5704c3250634450410633150788.jpg,1
tyrol-w29-63-_png_jpg.rf.55393437a54b3a20ad4d83966303331f.jpg,1
Tripoli_2022_R2C2_4500_5000_6500_7000_jpg.rf.b8ec4c33901b1c7ce485aa45d59c70d0.jpg,1
Tripoli_2022_R2C2_4500_5000_2500_3000_jpg.rf.53818d85337a367a742bb2fc7f953922.jpg,1
tyrol-w30-39-_png_jpg.rf.ab87cd5bb7a3d4601a5c4b47fd37e502.jpg,1
tyrol-w30-37-_png_jpg.rf.15db6b2540f30dea4aa7904080f66dfc.jpg,1
tyrol-w30-40-_png_jpg.rf.601f461db9a515eea4c49fa5130e3062.jpg,1
tyrol-w29-64-_png_jpg.rf.cfd023b746ea04bfefd234b0f6d067d9.jpg,1
Tripoli_2022_R2C2_5000_5500_7000_7500_jpg.rf.e1efd0780035285d3f861ba648f397af.jpg,1
Tripoli_2022_R1C3_8000_8500_5500_6000_jpg.rf.6b843a04519e20970eb4ae1dbe85cc59.jpg,1
Tripoli_2022_R1C3_8000_8500_5000_5500_jpg.rf.d50de48ca8baef20bbaa029f5f34d588.jpg,1
Tripoli_2022_R2C2_5500_6000_1500_2000_jpg.rf.e9b3f019e740903ae8181c9b10ebcaca.jpg,1
tyrol-w29-82-_png_jpg.rf.12920f261a98752a6c33a36cf371c2dd.jpg,1
tyrol-w27-20-_png_jpg.rf.34024aabaaa454c418930e42f40e4d60.jpg,0
Mykolaiv_2022_A_1_R3C4_1500_2000_10500_11000_jpg.rf.efc46c252c35c82d1c17837e9141402d.jpg,1
Tripoli_2022_R2C1_11000_11500_4500_5000_jpg.rf.9096a38c281311a4c0a61540a8a57c5d.jpg,1
Tripoli_2022_R2C1_11000_11500_5000_5500_jpg.rf.6366281f2aa3e3e24a49f06a2dd21293.jpg,1
Mykolaiv_2022_A_1_R3C4_1500_2000_12000_12500_jpg.rf.6c996ef1fb314d056f8cb4571ad7efa9.jpg,1
tyrol-w27-21-_png_jpg.rf.b85dd55278082f4e45fc1a45630703e4.jpg,0
tyrol-w29-83-_png_jpg.rf.fd171cd81438d523266f12e1de1af29f.jpg,0
Tripoli_2022_R2C2_2000_2500_7500_8000_jpg.rf.18c8e139afd4df348c747d6dab1a4c11.jpg,1
Tripoli_2022_R2C2_3000_3500_3000_3500_jpg.rf.415ae22f09fd8d2c82a6f33d88ac3f37.jpg,1
Tripoli_2022_R2C2_3000_3500_5500_6000_jpg.rf.b15327fa4c47d87ce01d3baa73c74a86.jpg,1
tyrol-w30-35-_png_jpg.rf.f578fcb36b6251b7c0a5c8afc001d8f7.jpg,1
Tripoli_2022_R2C2_5500_6000_2000_2500_jpg.rf.bfb309bcd0c1f9bae9c26d5ed3755857.jpg,1
Mykolaiv_2022_A_1_R3C4_1000_1500_9500_10000_jpg.rf.4d29460476aacccb218b28b7dee01d05.jpg,1
Tripoli_2022_R1C3_8500_9000_14000_14500_jpg.rf.b6b1196926ea47b23bdcbde74963377f.jpg,1
Tripoli_2022_R1C3_9500_10000_4000_4500_jpg.rf.ad2779f6a288dba4d237540bc418becc.jpg,1
tyrol-w27-12-_png_jpg.rf.4a6094496438455235f55cf9c7d5bf63.jpg,0
tyrol-w29-65-_png_jpg.rf.71c2cef23886ceff1243a71f74d0b8a7.jpg,1
Tripoli_2022_R1C3_8000_8500_6000_6500_jpg.rf.001aface93caed450c91a4f5b6a9b010.jpg,1
Tripoli_2022_R2C2_6000_6500_1500_2000_jpg.rf.e2d07c9d2dcd76b3b4dbb9061cc5a493.jpg,1
tyrol-w29-7-_png_jpg.rf.136b04482ff576b99403280ac6d818e1.jpg,1
Mykolaiv_2022_A_1_R3C4_3000_3500_0_500_jpg.rf.6b5fe85b86f2972a4be8dbc69fa7343d.jpg,1
Tripoli_2022_R2C2_6000_6500_500_1000_jpg.rf.71cf882f154617d0ccd750907b5dab3f.jpg,1
tyrol-w29-70-_png_jpg.rf.f0eb5a1012ae125de92f688f7591c049.jpg,1
tyrol-w29-66-_png_jpg.rf.d1a1ecf9b09d2e7344d2e1426e4825bb.jpg,1
tyrol-w27-15-_png_jpg.rf.1c636058f3d21ecf1a8cb573b7ed5ecd.jpg,0
Tripoli_2022_R1C3_9000_9500_15000_15500_jpg.rf.49c7ce5c96575fde2176c5e466cb8050.jpg,1
Mykolaiv_2022_A_1_R3C4_1000_1500_9000_9500_jpg.rf.ccc5d13f4fd4ff2ae20eeef028a6f436.jpg,1
tyrol-w30-42-_png_jpg.rf.855cfe257976401f31ebaa392eee7bf1.jpg,1
Mykolaiv_2022_A_1_R3C4_3000_3500_10500_11000_jpg.rf.bc509215759a9c2729b0bb6036ee87c3.jpg,1
Mykolaiv_2022_A_1_R3C4_4000_4500_15500_16000_jpg.rf.be6d04c320f395315a26826734669703.jpg,1
tyrol-w27-40-_png_jpg.rf.0f023d754576e02af7afdb4e9eff752e.jpg,0
tyrol-w27-36-_png_jpg.rf.7d1955e8aa28ea4c3c33d472020e917c.jpg,0
tyrol-w27-29-_png_jpg.rf.8462397888135ae4746e9776883f8efa.jpg,0
Mykolaiv_2022_A_1_R3C4_1500_2000_9500_10000_jpg.rf.f494b88dd772a40d22c147723318dff7.jpg,1
tyrol-w27-37-_png_jpg.rf.8b1f4810ff0f7d760f2af223d18303ec.jpg,0
Mykolaiv_2022_A_1_R3C4_4000_4500_1500_2000_jpg.rf.f6bcd7fea73882b6d5cd6f8b09eee8c9.jpg,1
tyrol-w27-17-_png_jpg.rf.a57aa1d326544e00653e62d7d3d0d9f4.jpg,0
tyrol-w30-47-_png_jpg.rf.10cc71a22ba6d28d6ea7af0bceef491c.jpg,0
Tripoli_2022_R2C2_7500_8000_6500_7000_jpg.rf.246406b8d8024ae83e290aadd628525b.jpg,1
tyrol-w29-71-_png_jpg.rf.ba528c36c2ea6c31d0a62baf60829217.jpg,1
Tripoli_2022_R2C2_6000_6500_2000_2500_jpg.rf.bf2b26ca48576b02e6db7fec1b41a008.jpg,1
Tripoli_2022_R2C2_6500_7000_500_1000_jpg.rf.cd46f1e18cb7aeea20211d3af6035b17.jpg,1
Mykolaiv_2022_A_1_R3C4_1000_1500_4500_5000_jpg.rf.b8a99907ce0889e2c0d026a5b6ecea76.jpg,1
Tripoli_2022_R2C1_0_500_1500_2000_jpg.rf.dc33d87d7ea26d1ae4ef6de97e9d8f4a.jpg,1
Mykolaiv_2022_A_1_R3C4_4000_4500_15000_15500_jpg.rf.517d1940377f3358a52f628a5cd2549b.jpg,1
tyrol-w30-26-_png_jpg.rf.12f7d92abd6de415e43f2a34bffac5fb.jpg,1
Tripoli_2022_R2C2_6000_6500_4000_4500_jpg.rf.ee78e70d29772ab83040f23c259da659.jpg,1
Tripoli_2022_R2C1_11500_12000_1500_2000_jpg.rf.18ba004709258ff52daa0744963f8f12.jpg,1
Tripoli_2022_R2C1_11500_12000_3500_4000_jpg.rf.5fb083facb80750c1534af11d6d976ae.jpg,1
tyrol-w30-32-_png_jpg.rf.452d575ae3451d9f2233be6da9d6dde5.jpg,1
Tripoli_2022_R2C2_16000_16500_14500_15000_jpg.rf.e3ef4b20461d28c9214a3dcdc55cf760.jpg,1
tyrol-w29-87-_png_jpg.rf.1e422fb9baf2906f967f0c7fd3816068.jpg,1
Tripoli_2022_R2C1_11500_12000_15500_16000_jpg.rf.f2b793018df848178bb43b0630f8cfcb.jpg,1
tyrol-w27-14-_png_jpg.rf.86ece69437855ae3b9eaca1de1dba257.jpg,0
Tripoli_2022_R2C2_15500_16000_9500_10000_jpg.rf.7bf66e3535b2b2aaac209599587fe85c.jpg,1
Tripoli_2022_R2C2_15500_16000_9000_9500_jpg.rf.b735d4f4fa972e257a1af8f99c280f49.jpg,1
tyrol-w29-88-_png_jpg.rf.46c744d737c50492801ccbd1ff56b05c.jpg,1
tyrol-w29-69-_png_jpg.rf.1f894558c6ade9bf2b35797f8d9de228.jpg,1
tyrol-w30-44-_png_jpg.rf.68274874011440fd302b7e85ad28c397.jpg,1
Tripoli_2022_R2C2_6000_6500_4500_5000_jpg.rf.d2596597b846d6517d8ce8a09a63840e.jpg,1
tyrol-w29-92-_png_jpg.rf.721be65aa8aba0d752891a29eb5c29f5.jpg,0
Tripoli_2022_R2C2_16000_16500_0_500_jpg.rf.6a9b102a2fc3c9f8933445d094fb34b5.jpg,1
Mykolaiv_2022_A_1_R3C4_1500_2000_12500_13000_jpg.rf.4a28fc344006a11aac47599a1cd9880a.jpg,1
tyrol-w30-29-_png_jpg.rf.8ecaaf14f210d2382981f4769c2dcea7.jpg,1
tyrol-w29-94-_png_jpg.rf.0f784aebee599f52d7cd83b37f41a21a.jpg,1
Tripoli_2022_R2C1_12000_12500_14500_15000_jpg.rf.992e86f2bb8a9d98381392c6abe549c2.jpg,1
tyrol-w29-72-_png_jpg.rf.4ac9d9bad932683ab446e90915c1b49e.jpg,1
Tripoli_2022_R2C2_16000_16500_2500_3000_jpg.rf.5767967ba5b619a03f207a6945523492.jpg,1
tyrol-w30-3-_png_jpg.rf.78669a3f93ca0a6c269aa74da6088287.jpg,1
Tripoli_2022_R2C1_12500_13000_14500_15000_jpg.rf.3083c6813b32f91ce5ecd5d5caaae0c9.jpg,1
Mykolaiv_2022_A_1_R3C4_4000_4500_14500_15000_jpg.rf.8942b9b6dfd108dfa23ab7ef39b02ce2.jpg,1
tyrol-w29-97-_png_jpg.rf.9d543c187e5adc4027a71c359a36cc01.jpg,1
Mykolaiv_2022_A_1_R3C4_1500_2000_13000_13500_jpg.rf.e96a03f63185f97bff3321b82d05823e.jpg,1
Tripoli_2022_R2C1_12500_13000_13500_14000_jpg.rf.1a2164664d8fdd025fd64292c69de1d8.jpg,1
Tripoli_2022_R2C1_12500_13000_1000_1500_jpg.rf.387647f234fb4bad023c9e6d72aaa770.jpg,1
Tripoli_2022_R2C1_12500_13000_0_500_jpg.rf.a0d1dea38e453154e53a7b850771b553.jpg,1
tyrol-w29-93-_png_jpg.rf.cfa4a1350d6be47f7a2140adfa9f3c32.jpg,1
tyrol-w29-95-_png_jpg.rf.81f9c96e2052bda945af777c4583c75e.jpg,1
tyrol-w30-23-_png_jpg.rf.06addc342099e349d5d2194458863935.jpg,0
tyrol-w30-31-_png_jpg.rf.1ba99f276cbbce36958ec7efbf3b1009.jpg,1
Tripoli_2022_R2C1_11000_11500_6500_7000_jpg.rf.7e7be168f64d46ba2b60c7aeddcc994f.jpg,1
Tripoli_2022_R2C1_14500_15000_0_500_jpg.rf.a38de1331753d658b24006dae8ae1bc1.jpg,1
Mykolaiv_2022_A_1_R3C4_3500_4000_15500_16000_jpg.rf.8071b067629f2ada85aedb3bb31973d5.jpg,1
tyrol-w27-31-_png_jpg.rf.ff87b6e14c810928545524b58885fa58.jpg,0
tyrol-w3-100-_png_jpg.rf.59e26fa68b5b1c08c553c04ceab4d9c3.jpg,0
Tripoli_2022_R2C2_2000_2500_14000_14500_jpg.rf.3b8b252195afbc5c1c3771ce8ac502b3.jpg,1
Tripoli_2022_R2C2_9500_10000_5500_6000_jpg.rf.952621e545ea85e6009f4078dbabbf9d.jpg,1
Tripoli_2022_R2C2_16000_16500_3500_4000_jpg.rf.b0e2a871f081b55f3d6dd320f9c7919c.jpg,1
Tripoli_2022_R2C1_11000_11500_14500_15000_jpg.rf.e0055e3d5af5025e34e73b5abf9a3c25.jpg,1
tyrol-w29-86-_png_jpg.rf.68b5f76abd4ae33aa924631c00e53e08.jpg,1
tyrol-w27-30-_png_jpg.rf.be81833f03ee627dcb8ae0bc3135c4a1.jpg,0
Mykolaiv_2022_A_1_R3C4_3500_4000_15000_15500_jpg.rf.c5929b9647fdebb50943d3b78971fb75.jpg,1
tyrol-w30-50-_png_jpg.rf.298284d6fb44856bc8bd468ee2ce4ec1.jpg,1
tyrol-w3-13-_png_jpg.rf.9acaaeeae721b86adc4379419e1bb898.jpg,0
Tripoli_2022_R2C1_14500_15000_7500_8000_jpg.rf.a55577d87f5208d97587c4746107df97.jpg,1
tyrol-w3-12-_png_jpg.rf.c1b84232b7a42d9b4a88a9aacb8110c2.jpg,0
tyrol-w29-81-_png_jpg.rf.5b8095352d3ace07ee65acd2cf481603.jpg,1
tyrol-w27-42-_png_jpg.rf.ecce16fb687babdebf47333176c3b28a.jpg,0
Tripoli_2022_R2C1_10000_10500_500_1000_jpg.rf.1dd0db81f1b9884d1779f88a45dfc38b.jpg,1
tyrol-w3-14-_png_jpg.rf.3994fa7096d98bf75b05b359b467ad63.jpg,0
Mykolaiv_2022_A_1_R3C4_3000_3500_9000_9500_jpg.rf.2a5dfd2586c5e40ba3b3241e4190dbbd.jpg,1
Tripoli_2022_R1C3_9500_10000_6500_7000_jpg.rf.a587fc1f367264e649f06ebd61d9e22a.jpg,1
Tripoli_2022_R2C1_11000_11500_7000_7500_jpg.rf.028a467cb25976b5329c40d36b103168.jpg,1
Tripoli_2022_R2C3_0_500_0_500_jpg.rf.184a8d5fd07a1b9adc44ca93cd4fa85e.jpg,1
tyrol-w27-25-_png_jpg.rf.70c5a63f729f97e1c85c50956630a740.jpg,0
Tripoli_2022_R2C1_15000_15500_10000_10500_jpg.rf.55d957f350af291b9765cef60c0a0982.jpg,1
Tripoli_2022_R2C1_16000_16500_16000_16500_jpg.rf.7706f37a5d38fb1307d0461c4ae60c09.jpg,1
tyrol-w27-46-_png_jpg.rf.09366c25e7a8b5015d54211416b2e065.jpg,0
Mykolaiv_2022_A_1_R3C4_4500_5000_7000_7500_jpg.rf.56723755d49ddf46d7ceff194dec1cfb.jpg,1
Mykolaiv_2022_A_1_R3C4_4500_5000_10000_10500_jpg.rf.b3f9eebbe49674bd1af53658d6fd50ed.jpg,1
Tripoli_2022_R2C1_1000_1500_13500_14000_jpg.rf.a16a1d9fd6732370aaa708deb1d0cd68.jpg,1
Mykolaiv_2022_A_1_R3C4_1500_2000_14500_15000_jpg.rf.41e8c33c24e8a8bb473b911fa3c8619d.jpg,1
tyrol-w27-27-_png_jpg.rf.bf36be7c6cfa731a6de2da5b28ce3b2f.jpg,0
Tripoli_2022_R2C3_0_500_13500_14000_jpg.rf.d3806ddc06bd69b22156a9db6a0e6b3c.jpg,1
Tripoli_2022_R2C1_15000_15500_16000_16500_jpg.rf.0fc30b9d5ea69d4fa9037f39c6650ca8.jpg,1
Tripoli_2022_R2C1_12500_13000_500_1000_jpg.rf.0f0e699c10b7ddc35f1f91fa71f10420.jpg,1
Mykolaiv_2022_A_1_R3C4_4500_5000_15500_16000_jpg.rf.89f5f050839e9e8940b346b39d5d50cc.jpg,1
Mykolaiv_2022_A_1_R3C4_4500_5000_9500_10000_jpg.rf.be77c6a6673259261ad1f1cc561e677b.jpg,1
Mykolaiv_2022_A_1_R3C4_1500_2000_15500_16000_jpg.rf.2e8ed65870279b8781c8e6b9ca1af8ea.jpg,1
Mykolaiv_2022_A_1_R3C4_1500_2000_16000_16500_jpg.rf.ceb8f044964f5450615b6ce7390729ab.jpg,1
tyrol-w30-55-_png_jpg.rf.ea2fde482b3d353428b3899161b008d0.jpg,1
tyrol-w27-44-_png_jpg.rf.13936be9594243993db93b190094b82a.jpg,1
Tripoli_2022_R2C1_13000_13500_8500_9000_jpg.rf.9be8dc3591a5341f6385d47970850e36.jpg,1
tyrol-w3-32-_png_jpg.rf.5e2233ba666f428c3bf86194f38a84a9.jpg,0
Tripoli_2022_R2C2_9000_9500_4500_5000_jpg.rf.4de5f055b2a95d39ba84255421e6fa33.jpg,1
tyrol-w29-76-_png_jpg.rf.d94865dcd32cdf704370c371cd6039e7.jpg,1
Tripoli_2022_R2C1_3500_4000_5500_6000_jpg.rf.dd927b4e623ba630ade5c471cb66bf13.jpg,1
tyrol-w3-40-_png_jpg.rf.eac5da835fccc0255845d0b860241898.jpg,1
Tripoli_2022_R2C1_2500_3000_15500_16000_jpg.rf.c3fbc9b952d87a7be2b25ce53903d51a.jpg,1
tyrol-w3-27-_png_jpg.rf.d94aed029e87e5cd9eb83d3822b5082a.jpg,1
Mykolaiv_2022_A_1_R3C4_11000_11500_15500_16000_jpg.rf.f60b17fe707b7df8fad53f1a13e06c68.jpg,1
tyrol-w3-33-_png_jpg.rf.02a5c1e2c06a63414003dc56d9b8654e.jpg,0
Mykolaiv_2022_A_1_R3C4_1500_2000_8500_9000_jpg.rf.0445894a3ec01099ab4bbca5fe0202fd.jpg,1
Mykolaiv_2022_A_1_R3C4_3500_4000_16000_16500_jpg.rf.a2b58457c1fde132dfd9e2419dc13cbd.jpg,1
tyrol-w27-26-_png_jpg.rf.dfa45a7cf8c4b1404909db53a7e7d2ab.jpg,0
Tripoli_2022_R2C1_3500_4000_12500_13000_jpg.rf.8b4480be4600c2a6445f660246519af7.jpg,1
Tripoli_2022_R2C1_10000_10500_0_500_jpg.rf.a4c52b590555e2ce3de68a78c1cc14d8.jpg,1
tyrol-w3-23-_png_jpg.rf.7639b0cbaab594bb4829da6f948d4f55.jpg,0
tyrol-w3-35-_png_jpg.rf.4b6d09008daf70bfdf97a04c90c6bd00.jpg,1
Tripoli_2022_R2C1_1500_2000_12500_13000_jpg.rf.a87aa2e1f078a7e9438beeaf189b89b6.jpg,1
Tripoli_2022_R2C1_0_500_2500_3000_jpg.rf.fb3469ae45e85a4de8592f5b6bb77c73.jpg,1
tyrol-w3-18-_png_jpg.rf.773ac9f2f7b22937113b342c28ca69c4.jpg,1
Tripoli_2022_R2C1_4000_4500_14500_15000_jpg.rf.f7e477b2fcc98003ec6e59027f738253.jpg,1
Tripoli_2022_R2C1_10000_10500_1500_2000_jpg.rf.5f125ec11c7c05c9ab11365a7d6227d2.jpg,1
Tripoli_2022_R2C2_8000_8500_9000_9500_jpg.rf.7288fe4e93db9544ae8000a68d737184.jpg,1
tyrol-w3-46-_png_jpg.rf.c2fd3ef5a58190cee42efda639056ed4.jpg,1
Tripoli_2022_R2C1_6500_7000_500_1000_jpg.rf.d916339b8241f1a48505e44156f9c67e.jpg,1
Tripoli_2022_R2C1_12500_13000_4000_4500_jpg.rf.daef6facc4e1286eb92a5232a822999c.jpg,1
Tripoli_2022_R2C1_4500_5000_7500_8000_jpg.rf.f47766f68bf678b5473a1d677e7b34cb.jpg,1
tyrol-w3-2-_png_jpg.rf.d8ada3ee7822421076b035ffe2b3c5d4.jpg,0
tyrol-w29-74-_png_jpg.rf.41793c66bd2532ca23528f70612bdbb7.jpg,1
Tripoli_2022_R2C1_3000_3500_10500_11000_jpg.rf.a0d1dfeef1a23294d6a7146c502acd0a.jpg,1
Tripoli_2022_R2C1_15500_16000_7000_7500_jpg.rf.a372d8483fa0cf78fefb0d677e8dfe29.jpg,1
Tripoli_2022_R2C1_5500_6000_7000_7500_jpg.rf.510000e3c7731fe5b4abeb833c428d4a.jpg,1
Tripoli_2022_R2C1_5000_5500_5500_6000_jpg.rf.8195871ed0341bfc6212b2933abdf05d.jpg,1
tyrol-w30-49-_png_jpg.rf.c2168f25b39433f92ab3154cbb1c9d4d.jpg,0
tyrol-w3-31-_png_jpg.rf.881e342117be30b2ecfd07a444b16844.jpg,0
tyrol-w3-4-_png_jpg.rf.f1afaaef791b5841b3006b5bcdd39f71.jpg,0
tyrol-w27-19-_png_jpg.rf.0fa107142c2c99a28c2e044692f8f4ee.jpg,0
Tripoli_2022_R2C2_9000_9500_8000_8500_jpg.rf.e03e89d38b6080bfcaac8df39edf0e5e.jpg,1
Tripoli_2022_R2C1_3500_4000_5000_5500_jpg.rf.6c721ab1db0ab27250c6e201f0f06570.jpg,1
tyrol-w3-6-_png_jpg.rf.42cbdbed7c132073507205d0c6afa214.jpg,1
Tripoli_2022_R2C1_3500_4000_13000_13500_jpg.rf.61ae05e3b7b7e5f873dccc161caf3fe5.jpg,1
Tripoli_2022_R2C1_5000_5500_14000_14500_jpg.rf.7faeca1f548d518a966cf0196d831049.jpg,1
Tripoli_2022_R2C1_5500_6000_500_1000_jpg.rf.c5096fae273f70ba7f586d1391d3a754.jpg,1
tyrol-w3-49-_png_jpg.rf.fd8e9a1a3d7a076ed1f059cab9f3447c.jpg,1
Tripoli_2022_R2C2_15500_16000_8500_9000_jpg.rf.742c3163d8287a1b401e1a1855fa7d2f.jpg,1
tyrol-w27-54-_png_jpg.rf.0c2e11ae8d023f55d6a69c19d3e264bb.jpg,1
Tripoli_2022_R2C2_9500_10000_10000_10500_jpg.rf.6d965d4f1ff9e8ca64f7d87c9fc32fa2.jpg,1
Tripoli_2022_R2C1_1000_1500_8000_8500_jpg.rf.b677f8efc996628dbdde235954d51584.jpg,1
tyrol-w29-77-_png_jpg.rf.eaa564ed01588928023dcb89c79e694a.jpg,1
Tripoli_2022_R2C3_11500_12000_12000_12500_jpg.rf.738d5705f80b607b14d2efe32a6d3a66.jpg,1
Tripoli_2022_R2C1_15500_16000_9000_9500_jpg.rf.43ae2bef9dd3201bbcda97da306fba48.jpg,1
Tripoli_2022_R2C2_15500_16000_12000_12500_jpg.rf.1f31ac08e9ee87a97a1ce071e8e1ab2d.jpg,1
Tripoli_2022_R2C2_15500_16000_500_1000_jpg.rf.5eb213a498c5ae66f3ed84db59a88cce.jpg,1
tyrol-w30-20-_png_jpg.rf.792f79a064d88c825665e212baaf1100.jpg,1
Tripoli_2022_R2C1_10500_11000_3500_4000_jpg.rf.f8a42e5cc130d51d6a733f8c1da40636.jpg,1
Tripoli_2022_R2C1_5500_6000_6500_7000_jpg.rf.700681cc1893e44c6bddd3f3ed3f691e.jpg,1
tyrol-w30-53-_png_jpg.rf.593fb34b4c33ae85504d694318e3f172.jpg,1
tyrol-w27-51-_png_jpg.rf.594853570a5f42c8cca0d69a152c51da.jpg,0
Mykolaiv_2022_A_1_R3C4_5000_5500_2000_2500_jpg.rf.de9583ffc62077a141e3eade4cdc9339.jpg,1
Tripoli_2022_R2C3_11500_12000_5000_5500_jpg.rf.0d167b557a2f52644e0fe926965587b5.jpg,1
Tripoli_2022_R2C1_6000_6500_2000_2500_jpg.rf.0e5d60e5981cb568b14d20db96b4a73f.jpg,1
tyrol-w3-63-_png_jpg.rf.5f870b4dfa118a3f11984883a031f829.jpg,1
tyrol-w3-65-_png_jpg.rf.8a05e68111268e5e4570952207148d12.jpg,1
Tripoli_2022_R2C1_4000_4500_7000_7500_jpg.rf.dcdb3f015a31d27d66a21d164a491187.jpg,1
Tripoli_2022_R2C1_5500_6000_4500_5000_jpg.rf.2cfd4eee994480d42b431a84efa33295.jpg,1
tyrol-w29-78-_png_jpg.rf.2f2000c064f2c89d586adf48ae3d8785.jpg,1
Mykolaiv_2022_A_1_R3C4_5000_5500_3000_3500_jpg.rf.8af3fe720bc5c82c42750be05a91b37e.jpg,1
tyrol-w30-60-_png_jpg.rf.3408914845d0fe45d102df841ddf5809.jpg,1
Tripoli_2022_R2C1_10500_11000_5000_5500_jpg.rf.338d2c4aca9cdfaea0bf7cac450edd8c.jpg,1
Tripoli_2022_R2C2_9500_10000_4500_5000_jpg.rf.665ba0dce12d03e9280d5acaa18b9daf.jpg,1
Tripoli_2022_R2C1_4000_4500_4000_4500_jpg.rf.52dcdc46dcef0c1ab17c902c67c6c1ff.jpg,1
tyrol-w3-42-_png_jpg.rf.97c1c6aa71757eb0d96ae9d381e5feb5.jpg,1
Tripoli_2022_R2C1_4000_4500_4500_5000_jpg.rf.ce5dd7bf8c90d27c999ad5eddf55f442.jpg,1
tyrol-w27-50-_png_jpg.rf.4c6b63f8053710f332f6113f079ef533.jpg,0
tyrol-w3-61-_png_jpg.rf.e2977512a6f41afecd127cefffa0a3b4.jpg,0
tyrol-w30-54-_png_jpg.rf.ce24a78763da929a326a622661251d71.jpg,1
tyrol-w27-49-_png_jpg.rf.a002ecd3a28ca230644be6b199754076.jpg,0
tyrol-w30-61-_png_jpg.rf.72c70d5584cada43e49507a8f6fedc0e.jpg,1
Tripoli_2022_R2C3_11500_12000_4500_5000_jpg.rf.f5259dae4b4ae0b241f35ca1ae18ee91.jpg,1
tyrol-w29-79-_png_jpg.rf.866ab1f7d817f7a7c9e7b05f8f330a27.jpg,1
Mykolaiv_2022_A_1_R3C4_5000_5500_12000_12500_jpg.rf.2492f8c4119d78fed1bf786e6fe7b36c.jpg,1
Tripoli_2022_R2C3_11500_12000_5500_6000_jpg.rf.5e0eb4ee734c1c7acf175337a96052ed.jpg,1
Tripoli_2022_R2C2_9500_10000_5000_5500_jpg.rf.ce4ed1dbaf47970d0c1736d4ddd18fb7.jpg,1
Mykolaiv_2022_A_1_R3C4_5000_5500_16000_16500_jpg.rf.e57d4fa56d26d5c4e14da8884f2af388.jpg,1
Tripoli_2022_R2C1_5500_6000_3000_3500_jpg.rf.08a9f641a19b99d93d45ee847087bd60.jpg,1
Tripoli_2022_R2C3_11500_12000_7500_8000_jpg.rf.5da482cda7e4a17e42a1284763f3eaac.jpg,1
tyrol-w30-65-_png_jpg.rf.9e05ee444c39d426b202f89b805dd805.jpg,1
tyrol-w29-8-_png_jpg.rf.5f307b51c6ece8c4d85d5bc9675af16a.jpg,1
Tripoli_2022_R2C1_10500_11000_7000_7500_jpg.rf.6c6907089ffb8399416eb48724c7f610.jpg,1
tyrol-w27-55-_png_jpg.rf.bc912640c9e57b0d58477be4e7b02525.jpg,1
Tripoli_2022_R2C1_12000_12500_14000_14500_jpg.rf.2cb5444dd0099d5448d5ba9b3087d1df.jpg,1
Tripoli_2022_R2C1_12000_12500_1000_1500_jpg.rf.809b2947208f32dff4f1def10a44f25b.jpg,1
tyrol-w29-91-_png_jpg.rf.a4ba642823ea4603e79e2f064c2282ad.jpg,1
Tripoli_2022_R2C1_16000_16500_1000_1500_jpg.rf.b879eb5b9b5cad502a0a7422e2f107a8.jpg,1
Tripoli_2022_R2C1_11500_12000_5500_6000_jpg.rf.fb2848fe01af9500a12dfcb01db078e1.jpg,1
tyrol-w30-64-_png_jpg.rf.bd54aa1506e3a3c64507008ed9520416.jpg,1
Tripoli_2022_R2C3_11500_12000_9500_10000_jpg.rf.dfaade7fb2b793380379e521e5fcc8a0.jpg,1
Mykolaiv_2022_A_1_R3C4_500_1000_11500_12000_jpg.rf.db85c62a6801ac8269ca02eaeb3aa8c2.jpg,1
Tripoli_2022_R2C1_1500_2000_13500_14000_jpg.rf.6d209bcb9fa44bb23201c0bb2001126d.jpg,1
Mykolaiv_2022_A_1_R3C4_500_1000_10000_10500_jpg.rf.1fe13d097ca2b35cc81a77b29b5e2f0f.jpg,1
Mykolaiv_2022_A_1_R3C4_500_1000_11000_11500_jpg.rf.a078120c62a36b3372ff59b455cf22c8.jpg,1
Tripoli_2022_R2C1_13500_14000_500_1000_jpg.rf.a20be9cb506d82b8ac88c5fc8edacfd7.jpg,1
Tripoli_2022_R2C1_3500_4000_6500_7000_jpg.rf.30bd5bf1d73e0e43a57e489182d72e19.jpg,1
tyrol-w3-17-_png_jpg.rf.9551f9c63b6a84f75e5ceb945d5a37d2.jpg,1
tyrol-w3-38-_png_jpg.rf.e1a2fdae76cbd27d57db3704fc0460a9.jpg,1
tyrol-w29-99-_png_jpg.rf.4cb0071c72467edc0e5b4c5785038fff.jpg,1
Tripoli_2022_R2C1_14000_14500_15500_16000_jpg.rf.917c7322803e34732544b42f1d4f79ec.jpg,1
Tripoli_2022_R2C1_500_1000_13000_13500_jpg.rf.57c68ed1f234a7d594f4a732be9fdddb.jpg,1
tyrol-w3-55-_png_jpg.rf.8265f03bcc89023f4857eb4be9198de0.jpg,1
tyrol-w3-39-_png_jpg.rf.87bfdc20f0a407d494bb526d4facd9ce.jpg,1
Tripoli_2022_R2C1_3500_4000_6000_6500_jpg.rf.9ae136108783f78da48527caac956bfd.jpg,1
tyrol-w3-1-_png_jpg.rf.0a66eb4c107ad7232931580d037e266a.jpg,1
tyrol-w3-10-_png_jpg.rf.47f9367563c30b37616acdb221cf9f18.jpg,1
Tripoli_2022_R2C1_14000_14500_8500_9000_jpg.rf.891bc37ae64d39cd5cd0200c0ee4a934.jpg,1
Tripoli_2022_R2C1_4000_4500_7500_8000_jpg.rf.7725e8183b25dcf09b7192d639a025cd.jpg,1
Tripoli_2022_R2C1_2500_3000_3000_3500_jpg.rf.e31820b9e106a0b52d8d61365e65559f.jpg,1
Tripoli_2022_R2C1_5000_5500_7000_7500_jpg.rf.62a679bac9a75cdfc1bff67e2d2c5bce.jpg,1
tyrol-w3-45-_png_jpg.rf.fd0ebf27e1263c62f0d237c0ab54f403.jpg,1
Tripoli_2022_R2C1_4500_5000_4500_5000_jpg.rf.daf14b33df3f5d38c1a0b8c8ea9e6389.jpg,1
tyrol-w3-48-_png_jpg.rf.16fff712f2e5dce569e294a39b336cb7.jpg,1
Tripoli_2022_R2C1_4500_5000_6500_7000_jpg.rf.19c13f18263e558c80949d052eda39e8.jpg,1
Tripoli_2022_R2C1_2500_3000_2000_2500_jpg.rf.34fb9277acda5586d45f58d95e53833f.jpg,1
Tripoli_2022_R2C1_4500_5000_6000_6500_jpg.rf.64b727a5ca93aa13ee6d488e538fce1e.jpg,1
Tripoli_2022_R2C1_5500_6000_0_500_jpg.rf.1db9a5340b513e971758f2b690f517fd.jpg,1
tyrol-w3-44-_png_jpg.rf.6e895bc85cd2f96cf9d3791451c45aa6.jpg,1
tyrol-w3-58-_png_jpg.rf.a4a6430d1427b2425b130a18c811d00b.jpg,1
tyrol-w3-56-_png_jpg.rf.787bc5d6941daefad7aa24b4cd0ccedd.jpg,1
Tripoli_2022_R2C3_12000_12500_6500_7000_jpg.rf.4827d70c96f2edde17572217856bc6aa.jpg,1
tyrol-w30-66-_png_jpg.rf.effdd73fe3b84bc05b375aad67821a04.jpg,1
Mykolaiv_2022_A_1_R3C4_0_500_12500_13000_jpg.rf.81eb6e30ec9296566c844da4bd4c9497.jpg,1
Donetsk_2022_R4C11_500_1000_3000_3500_jpg.rf.b62673213442b9c1d5bdacbdfc2ff802.jpg,1
austin18-8-_png_jpg.rf.41397cbbcd6f4c0c946e04424d40bda7.jpg,1
Donetsk_2022_R4C4_9500_10000_8000_8500_jpg.rf.5fdbf277cb69311b43854b60e6f28ef8.jpg,1
Donetsk_2022_R4C4_3000_3500_12000_12500_jpg.rf.c05912851ad4150099b6d69a083c5bbd.jpg,1
Donetsk_2022_R4C6_11500_12000_12000_12500_jpg.rf.9020877b6c99b7d7298752fa24567965.jpg,1
Donetsk_2022_R4C8_4500_5000_5000_5500_jpg.rf.c060a6c8ae4432dbd129dac84d43c2ec.jpg,1
Donetsk_2022_R4C5_2000_2500_14000_14500_jpg.rf.a1f97229fafb7cbf79a760d73c3cf9b9.jpg,1
Donetsk_2022_R4C7_8000_8500_10000_10500_jpg.rf.2f3c91eabcc7ed4908d3423599085f3a.jpg,1
austin18-70-_png_jpg.rf.616dc8187f5029d8cae15d2b0b76fccf.jpg,1
austin18-7-_png_jpg.rf.83d5927ca326262a1beec973f0223f02.jpg,1
Ed_Daein_2022_V4_1_R2C2_6500_7000_15000_15500_jpg.rf.e87a38a4f5ba6081bb77c272709324dd.jpg,1
Ed_Daein_2022_V4_1_R2C2_6000_6500_500_1000_jpg.rf.f1f8f633cfba935ab892af1634465f1a.jpg,1
austin18-90-_png_jpg.rf.94c3dc002a4bdc2468c2a37a2e5bc797.jpg,1
austin18-89-_png_jpg.rf.deb5236b58de331956be9d6d061b98df.jpg,1
austin18-86-_png_jpg.rf.1e6312e2d369d3840a4c19f84e395a51.jpg,1
austin18-85-_png_jpg.rf.950760c0f0f82da784edf343afa44bba.jpg,1
Donetsk_2022_R4C7_7000_7500_8500_9000_jpg.rf.28a72631359c0803c9c19600a290956f.jpg,1
Ed_Daein_2022_V4_1_R2C2_6000_6500_14000_14500_jpg.rf.e91c2b5466da5c783b6e81848df1d7ce.jpg,1
Donetsk_2022_R4C8_5000_5500_5000_5500_jpg.rf.3bd58f3f436bb0234dc3cc475540f47c.jpg,1
Donetsk_2022_R4C8_4500_5000_4500_5000_jpg.rf.217708b248fd22cc5565107522897822.jpg,1
Donetsk_2022_R4C11_500_1000_6500_7000_jpg.rf.5d5ac2f0152c6069845f46c4f256068d.jpg,1
austin19-14-_png_jpg.rf.a57a908cbd8ce05dd8bd1af50fdeee94.jpg,1
Donetsk_2022_R4C7_4500_5000_4000_4500_jpg.rf.cb2bf35b5b3449addd67c49f7df610ea.jpg,1
Mykolaiv_2022_A_1_R3C3_500_1000_11500_12000_jpg.rf.8ed51e77bf7d38e8627ffb25e127e1a3.jpg,1
Mykolaiv_2022_A_1_R3C3_500_1000_14500_15000_jpg.rf.d72c580cee6dbe545fd917fe0e6eb552.jpg,1
tyrol-w26-96-_png_jpg.rf.e573cbf8391efec05f06ca740f9325b3.jpg,0
austin19-18-_png_jpg.rf.598f5be49b4364ec2c83c9726304e722.jpg,1
Donetsk_2022_R4C8_1000_1500_4000_4500_jpg.rf.a43d959f87c82eefb8575fe36e34e5cc.jpg,1
chicago6-93-_png_jpg.rf.72acd57d9b34b54c68a137f285ae1857.jpg,1
Ed_Daein_2022_V4_1_R2C2_5000_5500_15500_16000_jpg.rf.c6fe9e64d3a2b224f35048c1fa068d21.jpg,1
chicago6-80-_png_jpg.rf.518d9a88c7762f3519e1dd0a5e8594af.jpg,1
austin19-21-_png_jpg.rf.7cdce02f92ee552f488f50a12f29671b.jpg,1
Mykolaiv_2022_A_1_R3C4_0_500_10000_10500_jpg.rf.c119c3580acb8afc7a26520386ff97ca.jpg,1
Mykolaiv_2022_A_1_R3C3_500_1000_16000_16500_jpg.rf.f4d3433be70bddec3a06f10511f02f82.jpg,1
austin19-16-_png_jpg.rf.73c8ea268da4a9d67eb2c60193b0e551.jpg,1
chicago6-82-_png_jpg.rf.1ce783ac1bca317b61484998bfa0ea92.jpg,1
Ed_Daein_2022_V4_1_R2C2_15500_16000_7000_7500_jpg.rf.403978d116a290ff94da17323e150747.jpg,1
Ed_Daein_2022_V4_1_R2C2_5000_5500_0_500_jpg.rf.75506cd2bd6e475a4e332aff1f22914f.jpg,1
austin18-97-_png_jpg.rf.453d1ab4a066b0ec0a16596e087c17a9.jpg,1
chicago6-83-_png_jpg.rf.8e7f5c7809788c13a03ffc3ca9812ccf.jpg,1
Donetsk_2022_R4C7_7000_7500_10000_10500_jpg.rf.baa4745db50ff98a7a6601c19ed8b6e5.jpg,1
Ed_Daein_2022_V4_1_R2C2_5500_6000_12500_13000_jpg.rf.4f78386b92cb761b43df076a06e9e34b.jpg,1
Ed_Daein_2022_V4_1_R2C2_5000_5500_7000_7500_jpg.rf.b457c01a8881d6240a150b6c2af4e24d.jpg,1
chicago6-96-_png_jpg.rf.b617d7ec8707b1dc7eda1f76181e40d9.jpg,1
Ed_Daein_2022_V4_1_R2C2_3500_4000_11000_11500_jpg.rf.af1105d6fde3bbeb84381c9a11ec2584.jpg,1
chicago7-12-_png_jpg.rf.1a8ccd056a1ea21b571a90ebb4bd15e6.jpg,1
Ed_Daein_2022_V4_1_R2C2_16000_16500_1000_1500_jpg.rf.4f9e2f8dcea03657dd0260f4e8ac3bdb.jpg,1
Donetsk_2022_R4C7_8500_9000_14000_14500_jpg.rf.3fe3a9ca9555128d2cdd4d3c225fb0ca.jpg,1
chicago6-90-_png_jpg.rf.759ecef6728eaba5fd854cbb0b49b434.jpg,1
Ed_Daein_2022_V4_1_R2C2_8000_8500_15000_15500_jpg.rf.477ee17a09367b87f8a81f290932fa4b.jpg,1
chicago6-97-_png_jpg.rf.e4dbacea62e8e3ff40ca1a153272abad.jpg,1
austin18-98-_png_jpg.rf.c3596b45cd7eaff6cee2c29bc25ba9ca.jpg,1
chicago7-1-_png_jpg.rf.12d1ba614b4b569d4cc9a5232a70f93a.jpg,1
Ed_Daein_2022_V4_1_R2C2_9500_10000_3000_3500_jpg.rf.51209e7b595fd7ff650a4f11d5c51e18.jpg,1
chicago7-13-_png_jpg.rf.5b410d5a921386e1084e9d063095545e.jpg,1
Ed_Daein_2022_V4_1_R2C2_3000_3500_2500_3000_jpg.rf.da0b16ded6dfe7ceefeec040f7757ca9.jpg,1
Mykolaiv_2022_A_1_R3C4_0_500_11000_11500_jpg.rf.6a36714c68ab2e9a73fff2c2343defba.jpg,1
chicago7-14-_png_jpg.rf.d069666812180d10e0e002f87de5c9c8.jpg,1
Ed_Daein_2022_V4_1_R2C2_9500_10000_3500_4000_jpg.rf.dc84b645a4275f9451ae642fd5e11910.jpg,1
Mykolaiv_2022_A_1_R3C4_0_500_10500_11000_jpg.rf.3add0abf287159114bcfb41546d6d44e.jpg,1
Donetsk_2022_R4C8_500_1000_4500_5000_jpg.rf.0ad12a806c2f91d10daabf003e87cc1a.jpg,1
chicago6-86-_png_jpg.rf.ba830aa752f43c21fb00569d738670cc.jpg,1
Ed_Daein_2022_V4_1_R2C2_2500_3000_6000_6500_jpg.rf.56adcc713b53ef83b8f331c95c5a4471.jpg,1
chicago7-18-_png_jpg.rf.ad2bcdc7b94b328c226debb0909e437a.jpg,1
Ed_Daein_2022_V4_1_R2C3_6000_6500_7000_7500_jpg.rf.478956e608078352628ad00ede3436c6.jpg,1
Ed_Daein_2022_V4_1_R2C3_5500_6000_3000_3500_jpg.rf.7f4796ef513eb815e659b7b8f69d98b0.jpg,1
Ed_Daein_2022_V4_1_R2C3_6000_6500_4500_5000_jpg.rf.f3b170ba86af37d18f913378b8a2dc29.jpg,1
austin19-20-_png_jpg.rf.cfcb39eabb865541f6bd50e215af93f0.jpg,1
chicago6-87-_png_jpg.rf.3d83a253393ec71469d583013c47cdec.jpg,1
Ed_Daein_2022_V4_1_R3C2_1000_1500_1000_1500_jpg.rf.5091d64e3e818b1c227a746709dcfea2.jpg,1
chicago7-16-_png_jpg.rf.5cf10539e53c30c98f4028f70825d810.jpg,1
chicago6-84-_png_jpg.rf.756cd0d9881af6c5648a312a27ccf6d3.jpg,1
chicago7-19-_png_jpg.rf.ff24722e86bd0dcb1cc53a8e1c295dc4.jpg,1
Donetsk_2022_R6C8_10000_10500_13500_14000_jpg.rf.80e23af718f0f7df6e338e085ff276c0.jpg,1
Donetsk_2022_R6C8_3500_4000_15000_15500_jpg.rf.f146a36b4c7d2f028f7cba02b9d57be1.jpg,1
Ed_Daein_2022_V4_1_R2C2_14000_14500_7000_7500_jpg.rf.01e869ffd70994c9e7698008c1a56b9f.jpg,1
austin20-78-_png_jpg.rf.5ed5389e2abb7a68c01b875216882f1c.jpg,1
austin20-81-_png_jpg.rf.345f0758578168913832456316ab59b8.jpg,1
austin20-92-_png_jpg.rf.9d82c72efe002596b099f038f4863b76.jpg,1
Kharkiv_2022_A_1_R1C2_3000_3500_16000_16500_jpg.rf.5bb515746788da23c3c30a4c5c56e217.jpg,1
chicago10-18-_png_jpg.rf.628e2062fb95257d81b0a8154714864a.jpg,1
Ed_Daein_2022_V4_1_R2C3_6000_6500_4000_4500_jpg.rf.1064d66b16037c4407ea7d51589a16d2.jpg,1
chicago7-2-_png_jpg.rf.34c7dabfab107ec9efb13d8809bc3b97.jpg,1
Ed_Daein_2022_V4_1_R3C2_1000_1500_0_500_jpg.rf.4886bddbafbf4420a5b682040669c5e5.jpg,1
Ed_Daein_2022_V4_1_R2C2_3000_3500_3000_3500_jpg.rf.8f02772de140974bf7a45d0456cecbcc.jpg,1
Kharkiv_2022_A_1_R1C2_3500_4000_6500_7000_jpg.rf.921d2037d7eb582206c2cd49096bc891.jpg,1
Kharkiv_2022_A_1_R1C3_11500_12000_8000_8500_jpg.rf.345dcdf1c78441889ea61040faa9d727.jpg,1
Ed_Daein_2022_V4_1_R2C2_13000_13500_4000_4500_jpg.rf.a2d966a0f6a1c6dee4ce368e3061aaa5.jpg,1
Kharkiv_2022_A_1_R1C3_14500_15000_0_500_jpg.rf.a4a1d4435278204d4cef0c16e1d2e520.jpg,1
chicago10-75-_png_jpg.rf.07e834b7b521a7164e7c668c53f580ee.jpg,1
Ed_Daein_2022_V4_1_R2C2_5000_5500_9500_10000_jpg.rf.93d7fac8e80b6fc682a010b8f9b1bd7f.jpg,1
chicago10-23-_png_jpg.rf.d7861fc16d716c0597abcbc701ac8a43.jpg,0
chicago10-26-_png_jpg.rf.e92e5fea7e16b70cab037adba58e0c74.jpg,1
Kharkiv_2022_A_1_R1C3_15000_15500_1500_2000_jpg.rf.fb34f13c1384ab8089b38006f857e386.jpg,1
Kharkiv_2022_A_1_R1C5_11500_12000_4500_5000_jpg.rf.04eceaaefecef0d22ea312fac5dfd374.jpg,1
Kharkiv_2022_A_1_R1C6_1000_1500_5000_5500_jpg.rf.45f9c41123e91cd8babe7d06fe531ac5.jpg,1
Kharkiv_2022_A_1_R1C5_11500_12000_5000_5500_jpg.rf.e96ff90d0c548fa92a2baf5a82fb4dc6.jpg,1
chicago10-63-_png_jpg.rf.66bb74945ddf30e72fcc911d3b70ce97.jpg,1
Kharkiv_2022_A_1_R1C2_2500_3000_14500_15000_jpg.rf.d6f3173f3ce2742f699277da51455788.jpg,1
Ed_Daein_2022_V4_1_R2C2_6500_7000_1000_1500_jpg.rf.a7a1b23ae651a8072e88c895662e73eb.jpg,1
chicago10-88-_png_jpg.rf.eb9309e692121aaca9f6bdbeb843881a.jpg,1
chicago6-8-_png_jpg.rf.5d9f2c9db1465d07fb7b7d5077c27015.jpg,1
austin20-95-_png_jpg.rf.111425da833b9a7ac4d322d7433ec488.jpg,1
Donetsk_2022_R6C9_3000_3500_6000_6500_jpg.rf.1a322d73b8447b428b7113b7c2058e57.jpg,1
chicago10-37-_png_jpg.rf.26eb59fab48958979828a984e8ccea0c.jpg,1
chicago10-76-_png_jpg.rf.941c5c70cddb3daa294f2f1333c6f940.jpg,1
chicago6-55-_png_jpg.rf.bdfe8b70516b49e226233c2f0f859dff.jpg,1
Ed_Daein_2022_V4_1_R2C3_6000_6500_3000_3500_jpg.rf.80e83d88b582223eeabca55b45a831ac.jpg,1
Kharkiv_2022_A_1_R1C2_1500_2000_8500_9000_jpg.rf.6ab2407fd5862b076a8255e8a0a6b255.jpg,1
Kharkiv_2022_A_1_R1C6_1000_1500_5500_6000_jpg.rf.293c7a6aafbe3f6e0ed38a0b808b4739.jpg,1
Kharkiv_2022_A_1_R2C3_0_500_1500_2000_jpg.rf.b70655ada1ca551f5996121c5817e208.jpg,1
Ed_Daein_2022_V4_1_R2C3_6000_6500_2500_3000_jpg.rf.815877c936f83da01c1eb875364e8aad.jpg,1
Donetsk_2022_R6C9_4000_4500_5500_6000_jpg.rf.714e468751d37c0cae0be50937816582.jpg,1
Kharkiv_2022_A_1_R2C2_15500_16000_7000_7500_jpg.rf.72bde8224e6e8e62d04fb67dacd9f1ba.jpg,1
chicago6-5-_png_jpg.rf.c0e77a4747ec4d0516568172c7860a47.jpg,1
Kharkiv_2022_A_1_R1C3_4500_5000_4500_5000_jpg.rf.dbe61e46a238a1b14fb50413e0063c78.jpg,1
chicago6-42-_png_jpg.rf.eb52528bff3dff9a8ae7e4fe1d30884d.jpg,1
Kharkiv_2022_A_1_R1C2_2000_2500_6500_7000_jpg.rf.03c77a4c4793f3b3e934c5cdecc09a5b.jpg,1
Kharkiv_2022_A_1_R1C5_12000_12500_5000_5500_jpg.rf.7e88142dadffe6e895d433ac8a81f3bc.jpg,1
Kharkiv_2022_A_1_R1C5_14000_14500_5000_5500_jpg.rf.c14306f160ddefc524d2bf94fa5a2c29.jpg,1
tyrol-w7-19-_png_jpg.rf.dc1b0df4bc17ed015729e6300dca25ca.jpg,0
Kharkiv_2022_A_1_R2C2_8000_8500_8500_9000_jpg.rf.e665a6f3a9db0da8ee5eb8e963b13cd8.jpg,1
Kharkiv_2022_A_1_R1C3_7000_7500_10000_10500_jpg.rf.50b6635280640cc486a5001beca4ea08.jpg,1
Kharkiv_2022_A_1_R1C3_7500_8000_2500_3000_jpg.rf.a90508d1c2c5f313bd532cd14c60ce61.jpg,1
chicago10-43-_png_jpg.rf.7c0da3c8065cc9977c939f51749b90ca.jpg,1
Kharkiv_2022_A_1_R1C4_2000_2500_15000_15500_jpg.rf.03e375c95d486613593273aff13191ef.jpg,1
Kharkiv_2022_A_1_R1C2_3000_3500_15000_15500_jpg.rf.998f3fc789c431253757758fc81a3dd2.jpg,1
chicago6-81-_png_jpg.rf.0e066065bbb9a0871802c06a8d0a427d.jpg,1
Tripoli_2022_V2_R2C4_4500_5000_11000_11500_jpg.rf.16d35f38e24a8e21c86de1a2a642c636.jpg,1
tyrol-w7-24-_png_jpg.rf.69b4476a03cf0527477f9b616d8cefb5.jpg,1
tyrol-w7-21-_png_jpg.rf.d3dd4235df7f1b218420f68e1288c66f.jpg,1
Tripoli_2022_V2_R2C4_4000_4500_3500_4000_jpg.rf.dff4b65d3f00f42630dc2040333629f2.jpg,1
Kharkiv_2022_A_1_R1C3_5000_5500_5000_5500_jpg.rf.34eea4811c8e0858ca8cfc30d57e9cce.jpg,1
Tripoli_2022_V2_R2C4_7000_7500_10000_10500_jpg.rf.63634216d84fcc433d2157670163b804.jpg,1
tyrol-w7-30-_png_jpg.rf.720400da663b43358316f4531272adfa.jpg,0
chicago10-95-_png_jpg.rf.7a61925095eae5ca7ff920df566024af.jpg,1
chicago10-35-_png_jpg.rf.dc6620a96487a05da01cfee97d5cc94c.jpg,1
chicago6-18-_png_jpg.rf.87991abf21605a8fac762020d5b905aa.jpg,1
Kharkiv_2022_A_1_R1C3_7500_8000_15500_16000_jpg.rf.db4c87c1551204d6c6d574b1a4342afd.jpg,1
Tripoli_2022_V2_R2C4_5000_5500_10500_11000_jpg.rf.342233bcab9b425d9c3cc69839e45168.jpg,1
chicago6-88-_png_jpg.rf.868786d4ac0c1a79f2d78b7decc0d4d7.jpg,1
chicago10-48-_png_jpg.rf.8211e196a5a05f2f73394a33012dbfb6.jpg,1
tyrol-w7-32-_png_jpg.rf.9247c9b55e9e5292d25f33213ea062bc.jpg,0
Tripoli_2022_V2_R2C4_6000_6500_5500_6000_jpg.rf.e8a2b0767b4d81429929ab47a0931960.jpg,1
chicago6-44-_png_jpg.rf.a8ed9c23a1d6f2578c2510beb611f985.jpg,1
Kharkiv_2022_A_1_R1C3_7500_8000_4000_4500_jpg.rf.ec8f528c4384ab98b403665480a7cf3b.jpg,1
Kharkiv_2022_A_1_R1C3_4500_5000_4000_4500_jpg.rf.988d9f9cd6727adf40dfd204bd5ecb41.jpg,1
chicago6-47-_png_jpg.rf.81f06c7756ee4d7edf056bdf79f9d710.jpg,1
Kharkiv_2022_A_1_R1C4_1000_1500_14000_14500_jpg.rf.f2785d83f519a9826037a5e7a5cae65e.jpg,1
Kharkiv_2022_A_1_R1C5_12500_13000_6000_6500_jpg.rf.bb4cff97298602720a53460024bbe8b1.jpg,1
Tripoli_2022_V2_R2C4_5500_6000_10000_10500_jpg.rf.2073e1143b88a416f5463c74c0aa86db.jpg,1
Tripoli_2022_V2_R2C4_500_1000_15000_15500_jpg.rf.99d35ec229e0395d411530636744b4ca.jpg,1
Kharkiv_2022_A_1_R1C4_15500_16000_4000_4500_jpg.rf.6f84445cb66df9071a96068525825162.jpg,1
Kharkiv_2022_A_1_R1C5_8000_8500_1500_2000_jpg.rf.a6af6327669fc3fb0178af47dbce99b8.jpg,1
Kharkiv_2022_A_1_R1C5_15500_16000_5000_5500_jpg.rf.cce8db504701aec31dc0df8476eeb585.jpg,1
Tripoli_2022_V2_R2C4_8000_8500_1000_1500_jpg.rf.03917a8bcc8e6060336ad07e7d940c45.jpg,1
Kharkiv_2022_A_1_R1C4_500_1000_15000_15500_jpg.rf.64f330c48235abd9c681a4d09c76be71.jpg,1
Kharkiv_2022_A_1_R1C4_3000_3500_13500_14000_jpg.rf.8c7c78a3ba8bef222f7030e20e0fb6ad.jpg,1
tyrol-w7-43-_png_jpg.rf.b9cea9ca2ec005f60c1fc9f2f53ba029.jpg,0
Tripoli_2022_V2_R2C4_6500_7000_500_1000_jpg.rf.20ccb9289d38ef39722d88d2f38e7891.jpg,1
tyrol-w7-34-_png_jpg.rf.fca4feb82e3b8367cd0354bb3a470196.jpg,0
Tripoli_2022_V2_R2C4_500_1000_12000_12500_jpg.rf.4fdcbcfdfd5c8cec48c2d091cc0b273f.jpg,1
tyrol-w7-27-_png_jpg.rf.945797576bdc5b61c902fcb800394f56.jpg,0
Kharkiv_2022_A_1_R2C3_1000_1500_5000_5500_jpg.rf.221a0da2d952f6e0e0707229011a7676.jpg,1
chicago6-56-_png_jpg.rf.c65eb8cc6f6c35914afe39eb7bd94a58.jpg,1
chicago6-21-_png_jpg.rf.8fc01d19d29f9016dd5d797443629cdc.jpg,1
tyrol-w7-38-_png_jpg.rf.59b18c1dc3320f837e30b27787576bdd.jpg,1
Tripoli_2022_V2_R2C4_7500_8000_1000_1500_jpg.rf.abe2885f3503204d568bc45a4ad995ae.jpg,1
Tripoli_2022_V2_R2C4_6500_7000_0_500_jpg.rf.d36495c065908b95828fdfded61e7a59.jpg,1
tyrol-w7-17-_png_jpg.rf.8ce4b6b90aed0ee550add160e7fe596c.jpg,0
chicago6-9-_png_jpg.rf.d9dbc439494ef53c319e09f4eb2ced36.jpg,1
Tripoli_2022_V2_R2C4_500_1000_7500_8000_jpg.rf.8656410bbe55297bed549ae5865a776e.jpg,1
Kharkiv_2022_A_1_R1C4_12000_12500_0_500_jpg.rf.55b672da11bbbbca204cd53fc84c01cb.jpg,1
tyrol-w7-39-_png_jpg.rf.052efb09e3deb193cdf4136ca201a2f4.jpg,1
Tripoli_2022_V2_R2C5_10500_11000_1000_1500_jpg.rf.ca0c8676e41248fd1e1f8c9565864495.jpg,1
Tripoli_2022_V2_R2C4_6500_7000_4000_4500_jpg.rf.58613cbd7189198bb6b202e3406579fa.jpg,1
Kharkiv_2022_A_1_R1C2_1500_2000_12000_12500_jpg.rf.80c2cd82ec47c0958b957c2824b2b9dd.jpg,1
Tripoli_2022_V2_R2C4_5500_6000_500_1000_jpg.rf.e42587575ee81c00f8e57b066d488468.jpg,1
Kharkiv_2022_A_1_R1C5_15000_15500_9500_10000_jpg.rf.26491d24dbc76dbae27b051a89015b8c.jpg,1
Tripoli_2022_V2_R2C4_14000_14500_500_1000_jpg.rf.43e6aedfb091da0e2f24951e8b9f1af1.jpg,1
Kharkiv_2022_A_1_R2C3_0_500_2500_3000_jpg.rf.6ff7ba27bfcffada591e9376a12fd99a.jpg,1
Tripoli_2022_V2_R2C4_15500_16000_9000_9500_jpg.rf.97242206ff0fc07d3a199702c533a800.jpg,1
tyrol-w7-18-_png_jpg.rf.c46552c6f507531c908d89b11f1cf365.jpg,0
Tripoli_2022_V2_R2C5_10500_11000_14500_15000_jpg.rf.f4ce06c097c9bae22e0e67f6cf5b7108.jpg,1
Tripoli_2022_V2_R2C4_9000_9500_13000_13500_jpg.rf.8a960106cc5785f26b29421313b983e3.jpg,1
tyrol-w7-51-_png_jpg.rf.aaf8e790f5f35e9abcb736cbcb570bb4.jpg,1
Tripoli_2022_V2_R2C4_8000_8500_2000_2500_jpg.rf.ae9ae5b4bb2de8a27172cc9155039a13.jpg,1
Tripoli_2022_V2_R2C5_10000_10500_3500_4000_jpg.rf.b357f83892727ef55b2f2ce06a31609a.jpg,1
Tripoli_2022_V2_R2C5_10500_11000_14000_14500_jpg.rf.ffe2f9a6ff162095b30c2b431079f6c6.jpg,1
Ed_Daein_2022_V4_1_R3C2_4000_4500_0_500_jpg.rf.0897e6148a34c0bac71aa526dad6d931.jpg,1
tyrol-w7-59-_png_jpg.rf.d819fe6fb59718678c83a28426c99f2d.jpg,1
Tripoli_2022_V2_R2C4_3500_4000_14000_14500_jpg.rf.512bfe1184a193f79e578d89b6d6f3b2.jpg,1
Tripoli_2022_V2_R2C4_9500_10000_13000_13500_jpg.rf.0f1184fc921b200b86fb8204916b73a5.jpg,1
tyrol-w7-52-_png_jpg.rf.3dcab22d8d0b56ecde4c787f373d5105.jpg,0
Tripoli_2022_V2_R2C4_7500_8000_500_1000_jpg.rf.badcda6aba79dd98442dc869581a3254.jpg,1
tyrol-w7-50-_png_jpg.rf.d64046fa818aedb97dbe708198f3ec40.jpg,1
Tripoli_2022_V2_R2C5_11500_12000_3500_4000_jpg.rf.efcc263e422671f893e749361d4b5279.jpg,1
Tripoli_2022_V2_R2C4_9500_10000_15500_16000_jpg.rf.0422f348f8c61bfdac8502ac37eb7f8c.jpg,1
tyrol-w7-48-_png_jpg.rf.28f6f8aa35890c9ea550716ff8acefbd.jpg,1
tyrol-w7-45-_png_jpg.rf.c19a056f6327809dbd3b49c35e11377a.jpg,0
Kharkiv_2022_A_1_R1C2_9000_9500_7500_8000_jpg.rf.40560ec95a47f2b9f5f158e90cd4636e.jpg,1
chicago7-27-_png_jpg.rf.799269d2773f5eb1ae6d7fb07d7cfe00.jpg,1
Tripoli_2022_V2_R2C5_11000_11500_11500_12000_jpg.rf.6655516092437a5b8b99b91981cee160.jpg,1
Tripoli_2022_V2_R2C5_11000_11500_3500_4000_jpg.rf.f27de1624858105be571d6d3f9c9f2e0.jpg,1
Ed_Daein_2022_V4_1_R3C2_2000_2500_0_500_jpg.rf.10d0b91b843f06dc7bd42ccc123b8a0d.jpg,1
Tripoli_2022_V2_R2C4_5500_6000_11500_12000_jpg.rf.4976489d4ead482b6b56e4b73f1c480e.jpg,1
Tripoli_2022_V2_R2C5_12500_13000_12500_13000_jpg.rf.5f5df992360d1b33fdd639f17b7426e0.jpg,1
Tripoli_2022_V2_R2C4_6000_6500_0_500_jpg.rf.9fb3c3f23fe27c67772cf6eb9f2ce387.jpg,1
Kharkiv_2022_A_1_R1C2_1000_1500_8500_9000_jpg.rf.26e32bf129754cf9ce75063816bb80d8.jpg,1
Kharkiv_2022_A_1_R1C2_1000_1500_7500_8000_jpg.rf.6b326af4944147a6c4c9663726095ba2.jpg,1
chicago7-26-_png_jpg.rf.fce7a2167fc0fd91bcec7ad4e221d150.jpg,1
tyrol-w7-16-_png_jpg.rf.09ee7bce911251bf9e16d523d466dd1f.jpg,0
tyrol-w7-40-_png_jpg.rf.2d3994677a80a2556667210a6f540dfe.jpg,1
Tripoli_2022_V2_R2C4_9000_9500_3000_3500_jpg.rf.122efcd42b5c9503fd6f259c4c269833.jpg,1
Tripoli_2022_V2_R2C4_9000_9500_2500_3000_jpg.rf.850d773308b8b436a88cc3d17042b75d.jpg,1
tyrol-w7-49-_png_jpg.rf.8942c17e9819c6d72f7b10bffed5095f.jpg,1
Tripoli_2022_V2_R2C4_9000_9500_7500_8000_jpg.rf.94215e6c2b4eb35a8fd22acdede6c0c0.jpg,1
tyrol-w7-46-_png_jpg.rf.ea2d5c66ac29a0be68fc3905c7fbbbae.jpg,1
tyrol-w7-55-_png_jpg.rf.1ebdb6c67c4eef9b793319fa16854766.jpg,1
Tripoli_2022_V2_R2C5_11500_12000_14500_15000_jpg.rf.45377cc719d2c485545236a3cb8290c6.jpg,1
chicago7-23-_png_jpg.rf.75addd42c8b943b4f233f3b42ecc50af.jpg,1
tyrol-w7-60-_png_jpg.rf.a61e5a3e57348d8f1a31671fbb745aec.jpg,1
Kharkiv_2022_A_1_R1C2_1000_1500_8000_8500_jpg.rf.9b4046a4bb1d41ff2b86a7a08fd3b5c3.jpg,1
chicago7-28-_png_jpg.rf.a3de8e1ab5aa60911649a19344c8a2f9.jpg,1
tyrol-w7-41-_png_jpg.rf.582068ae9c66f2018ad5322a407ace11.jpg,1
Tripoli_2022_V2_R2C4_13500_14000_5000_5500_jpg.rf.62a903993eaa1618fd0cefd5a87077aa.jpg,1
Tripoli_2022_V2_R2C4_8500_9000_15000_15500_jpg.rf.d6e7311c5e32f7d8d382d4eabc5386df.jpg,1
tyrol-w7-53-_png_jpg.rf.1010c5187dbfc93caf729ebae62eafe2.jpg,0
tyrol-w7-54-_png_jpg.rf.0bc8097ad96f5ed8c77bbbc380144356.jpg,1
Tripoli_2022_V2_R2C5_11000_11500_15000_15500_jpg.rf.24887094f896f9b6244377def7fc530d.jpg,1
Ed_Daein_2022_V4_1_R3C2_3000_3500_500_1000_jpg.rf.1131a7087f2938b961693e6d328d2a99.jpg,1
Ed_Daein_2022_V4_1_R3C2_1000_1500_500_1000_jpg.rf.b0023d6da6023cdbe3c8374514dfd040.jpg,1
Tripoli_2022_V2_R2C4_9000_9500_5500_6000_jpg.rf.5fec6025f304889feef7153116a45096.jpg,1
tyrol-w7-47-_png_jpg.rf.d215d0eadaf04a9b1b3ae3950d60706a.jpg,1
Tripoli_2022_V2_R2C4_3500_4000_5500_6000_jpg.rf.2a412f4ffc72d629fd657d646cd99bdd.jpg,1
Tripoli_2022_V2_R2C4_8500_9000_2500_3000_jpg.rf.cec5e77ca7e06cc3147d9f8362d1512a.jpg,1
Tripoli_2022_V2_R2C4_9000_9500_12500_13000_jpg.rf.f9886426e1e6abfa8b377fcef13fb8c0.jpg,1
tyrol-w7-57-_png_jpg.rf.d681d1b115281c22ac17096624e6528e.jpg,1
chicago7-52-_png_jpg.rf.a8da0eec38f017ac61ea8a447c0fa57d.jpg,0
chicago7-22-_png_jpg.rf.9ece5ffafab638c0979e734aff0e20b5.jpg,1
Kharkiv_2022_A_1_R1C2_3000_3500_15500_16000_jpg.rf.7e0c8bc3109110a7391951084d0ae138.jpg,1
chicago7-44-_png_jpg.rf.b0298b6f47f3048eddd85f02a97d0c63.jpg,1
chicago7-40-_png_jpg.rf.b815248b60760fab2a4438aed0dc23d0.jpg,1
Tripoli_2022_V2_R2C4_8500_9000_3000_3500_jpg.rf.c43ab95a0253022b8be656e9b601d30f.jpg,1
Kharkiv_2022_A_1_R1C2_3500_4000_12000_12500_jpg.rf.d57ad1e3eb497820179fee17cd3660bc.jpg,1
Kharkiv_2022_A_1_R1C2_3500_4000_15000_15500_jpg.rf.f45730affcdcfca61902d684d71f9ed8.jpg,1
Tripoli_2022_V2_R2C5_11000_11500_15500_16000_jpg.rf.0cd45bb639c3ae61214748e994fac06b.jpg,1
Tripoli_2022_V2_R2C5_11000_11500_3000_3500_jpg.rf.90e3b4bfa5026b5cf8fd9deb550f3522.jpg,1
Tripoli_2022_V2_R2C5_11000_11500_2500_3000_jpg.rf.c3acee106c92127d0886787bdd4cabbb.jpg,1
Kharkiv_2022_A_1_R1C2_7000_7500_12000_12500_jpg.rf.e82634845452ef3db9eefa1b1a61631a.jpg,1
chicago7-64-_png_jpg.rf.732780efde5084191e8543b07c3fcdaa.jpg,1
Kharkiv_2022_A_1_R1C2_7500_8000_12500_13000_jpg.rf.ae7663e6d889236baf242e46f2e01092.jpg,1
Kharkiv_2022_A_1_R1C2_8500_9000_16000_16500_jpg.rf.cffc9033d5befc9a267a08af72402966.jpg,1
Kharkiv_2022_A_1_R1C2_3500_4000_13000_13500_jpg.rf.5b87cfeb1f3516436b8c5288bbec30b0.jpg,1
Kharkiv_2022_A_1_R1C3_10000_10500_6000_6500_jpg.rf.05447d576d15d9d67754cbc4de141a7b.jpg,1
chicago7-49-_png_jpg.rf.0dda5d96d43c4e9de5c5425062317f25.jpg,1
Kharkiv_2022_A_1_R1C2_2000_2500_14500_15000_jpg.rf.336fcef6b993a23983361f0ff5b74741.jpg,1
chicago7-5-_png_jpg.rf.4e5b858ffe376b2f24f0fb6a9371adfe.jpg,1
Kharkiv_2022_A_1_R1C2_7500_8000_12000_12500_jpg.rf.a6d997efe1f93bbf1f4c60d53d8553c5.jpg,1
Kharkiv_2022_A_1_R1C3_10500_11000_14500_15000_jpg.rf.d860c6490ed2b83dc0d21417f3db2df6.jpg,1
chicago7-42-_png_jpg.rf.86485c51e40130c63077117c12036461.jpg,1
Kharkiv_2022_A_1_R1C3_12500_13000_500_1000_jpg.rf.a35d0a883fb2f0c8f9b34a1c79bbd569.jpg,1
Kharkiv_2022_A_1_R1C2_3500_4000_12500_13000_jpg.rf.df285741aeec94ff93e23de358ee4b06.jpg,1
chicago7-46-_png_jpg.rf.7274e9dd5f74a0284a16f5620d33547c.jpg,1
Kharkiv_2022_A_1_R1C2_7000_7500_11500_12000_jpg.rf.77f1c848bed44b289b1b091fe10ef711.jpg,1
Kharkiv_2022_A_1_R1C2_4000_4500_12000_12500_jpg.rf.d9473ad832265f802d14519bebbf058d.jpg,1
Kharkiv_2022_A_1_R1C2_1500_2000_7000_7500_jpg.rf.3e50a835e1059022deb65c4529bd544f.jpg,1
chicago7-31-_png_jpg.rf.8828e96a2e987d2dfed2ea4646bc840b.jpg,1
Kharkiv_2022_A_1_R1C2_2500_3000_13000_13500_jpg.rf.b981fd0ce34b30737e76ba18415a8fc7.jpg,1
Kharkiv_2022_A_1_R1C2_9500_10000_9000_9500_jpg.rf.1d985db7fd92deb2aca5d83a48d56473.jpg,1
Kharkiv_2022_A_1_R1C3_13500_14000_10000_10500_jpg.rf.0f1ff688ed9ece5451aa66770d3b6e4f.jpg,1
chicago7-6-_png_jpg.rf.297ccc3f6fee2114bd1d3e921d848993.jpg,1
Kharkiv_2022_A_1_R1C2_7000_7500_12500_13000_jpg.rf.ec787269ccfa9974d47583c3a385185e.jpg,1
chicago7-45-_png_jpg.rf.f0cfeb83e3fdef863008582067eeecc5.jpg,1
Kharkiv_2022_A_1_R1C2_7000_7500_11000_11500_jpg.rf.fbe3a4f23a59a5f8152bfaa89a411a0c.jpg,1
Kharkiv_2022_A_1_R1C2_3000_3500_13000_13500_jpg.rf.8e4db37210d802ea397f297a9a884236.jpg,1
Kharkiv_2022_A_1_R1C3_12500_13000_2000_2500_jpg.rf.eff0b5e8d95d5becd6a03dcb3dc16f1b.jpg,1
Kharkiv_2022_A_1_R1C3_14000_14500_1000_1500_jpg.rf.b5f4e6cbd9d080f8289a9b9a32101fcf.jpg,1
chicago7-60-_png_jpg.rf.e101a8249c22c44e76e79a0e5f7d0cc2.jpg,1
chicago7-37-_png_jpg.rf.188d30deeeb6bb78c95c93f48dcb583f.jpg,0
Kharkiv_2022_A_1_R1C2_1500_2000_9000_9500_jpg.rf.39d44fe7c966bf16a07924318bdb7775.jpg,1
chicago7-33-_png_jpg.rf.d0186fc372d74b361c5b40bad7831b23.jpg,1
Kharkiv_2022_A_1_R1C2_6500_7000_12500_13000_jpg.rf.6db90ba8e913bf2f544b24dbfe51b890.jpg,1
Kharkiv_2022_A_1_R1C3_14000_14500_8000_8500_jpg.rf.dcc39db786c3d99c4a83f677c6cd9c6f.jpg,1
chicago7-59-_png_jpg.rf.ae9fb18864a89a569799f556c9e76365.jpg,1
chicago7-32-_png_jpg.rf.601a129a053cf4cf31ea0326ac88f16f.jpg,1
Kharkiv_2022_A_1_R1C2_3000_3500_13500_14000_jpg.rf.116dda38ef9b3c99d74e024094c5d075.jpg,1
chicago7-34-_png_jpg.rf.23b444ee7c68a121afc02ff479a3b5df.jpg,1
Kharkiv_2022_A_1_R1C2_2000_2500_7500_8000_jpg.rf.6f676cd50eb6623e430e50ea1d38f2e2.jpg,1
Kharkiv_2022_A_1_R1C3_14000_14500_4500_5000_jpg.rf.ad9865eb7a11bd254dc21e1e034858d5.jpg,1
chicago7-62-_png_jpg.rf.0eb3c8fce34c6a11127284a4cb36ba02.jpg,1
chicago7-38-_png_jpg.rf.0a5ad5e50c6e70346601c355b0b90cb7.jpg,1
Kharkiv_2022_A_1_R1C2_3000_3500_14500_15000_jpg.rf.2cf0aaf1d5c9c00a4fac124591da72cb.jpg,1
Kharkiv_2022_A_1_R1C3_12000_12500_11500_12000_jpg.rf.4f71393c3f26dda5950693e2cac729b9.jpg,1
chicago7-57-_png_jpg.rf.9530f708565312fe4558fa0282221398.jpg,1
Kharkiv_2022_A_1_R1C3_14000_14500_1500_2000_jpg.rf.e8d4716d1bb7a08d36f76e7e11784402.jpg,1
Donetsk_2022_R4C9_3000_3500_8000_8500_jpg.rf.e19196f8dde4e8395c4635c05354dece.jpg,1
Kharkiv_2022_A_1_R1C2_3000_3500_14000_14500_jpg.rf.c44ce0609e395116fe0970ca064bf1a0.jpg,1
Donetsk_2022_R5C4_2000_2500_15500_16000_jpg.rf.ad332f1e90e9bf9b5519190274417de6.jpg,1
austin19-41-_png_jpg.rf.47aa1360d0c7c36e4b361f9a3fd56fa7.jpg,1
Donetsk_2022_R5C4_2500_3000_13500_14000_jpg.rf.d7d93eaacc5cca16474b908a0eec1a68.jpg,1
Donetsk_2022_R4C9_3500_4000_8000_8500_jpg.rf.24504fa78b28d9d78cd8a6ef226fe2e4.jpg,1
Donetsk_2022_R4C9_3000_3500_8500_9000_jpg.rf.4f269d83ca6f9e1d7d18c33d87a4550a.jpg,1
austin19-43-_png_jpg.rf.757fcffca9aa846a2a9a8c7e302fa762.jpg,1
austin19-44-_png_jpg.rf.949071f113e962bcf984a8c82fced62d.jpg,1
Donetsk_2022_R4C8_7500_8000_9000_9500_jpg.rf.42bbc7ab9557d7e1a0eca564038b51f9.jpg,1
austin19-27-_png_jpg.rf.65700a7e61c57f9243e0e94004d8f4ce.jpg,1
Donetsk_2022_R5C5_11500_12000_7000_7500_jpg.rf.811a529bffd0b74174828de126e55b40.jpg,1
austin19-23-_png_jpg.rf.98e91f3474aa7f54d73ef3e8eadf05dd.jpg,1
Donetsk_2022_R5C4_16000_16500_14000_14500_jpg.rf.1615fe69fe777160da63fa3cafeb85f3.jpg,1
Donetsk_2022_R5C5_11500_12000_4000_4500_jpg.rf.a237b398f7e4738342469584e5bfe137.jpg,1
austin19-24-_png_jpg.rf.c017f4889539d726db1e4e73d3f927b9.jpg,1
Donetsk_2022_R5C4_3000_3500_15500_16000_jpg.rf.84a69b844e4155e903402bea058b5eb8.jpg,1
Donetsk_2022_R5C4_2500_3000_13000_13500_jpg.rf.f868bea5953449fa18f3890ea825c5d8.jpg,1
Donetsk_2022_R4C9_5500_6000_8000_8500_jpg.rf.0641ec12e2261a255b85415184b96ccc.jpg,1
Donetsk_2022_R4C9_12000_12500_12500_13000_jpg.rf.55c094192716bd08ba6aacab9ab38179.jpg,1
austin19-42-_png_jpg.rf.0493ec214ccbf98a519fc6ec0460f500.jpg,1
austin19-47-_png_jpg.rf.4367b6c776d3e942c7270f6894a2826c.jpg,1
austin19-45-_png_jpg.rf.feb89fe8931fd28225f2d9bfe32371df.jpg,1
Donetsk_2022_R5C4_1000_1500_14500_15000_jpg.rf.7ee07a87f7d79ed84f9ef3112834d2aa.jpg,1
austin19-53-_png_jpg.rf.9b5273b3ad82917d3a6454741f6b24fd.jpg,1
austin19-48-_png_jpg.rf.a98120487ff95f7e93f78044a80cbbf6.jpg,1
Donetsk_2022_R5C4_1500_2000_15000_15500_jpg.rf.e2d35228f97ebbd35f30a6a79f36cc9d.jpg,1
Donetsk_2022_R5C4_1000_1500_16000_16500_jpg.rf.9364f32e5278a5c8af2fab6e9ff81def.jpg,1
austin19-33-_png_jpg.rf.effa99f57eda8f4822356c198c59e145.jpg,1
austin19-61-_png_jpg.rf.61038337d0d38621160de32dd7b77fb3.jpg,1
Donetsk_2022_R5C3_14500_15000_6500_7000_jpg.rf.d4384de22941f8be06c79eb4796b8915.jpg,1
austin19-26-_png_jpg.rf.3484d3fe0aa6118f4f140c18483f3c04.jpg,1
austin19-63-_png_jpg.rf.354eb804c3a201d2f622177c6f3b52e8.jpg,1
austin19-40-_png_jpg.rf.3e946e6d606f6b686d9d9d67e015d512.jpg,1
austin19-49-_png_jpg.rf.7a2e122b2f32f090d510acb6197b41cb.jpg,1
austin19-3-_png_jpg.rf.50e524d9b4800ea417e07d73f3b46c03.jpg,1
austin19-62-_png_jpg.rf.5a7fc1679bccac3cae04a77be47433c4.jpg,0
Donetsk_2022_R5C5_13000_13500_8000_8500_jpg.rf.c7652718890b713f1e6a481bb1b733d6.jpg,1
austin19-29-_png_jpg.rf.a768565bbd10b3f4348f8c6eeb3d9a89.jpg,1
Donetsk_2022_R5C5_11000_11500_11000_11500_jpg.rf.842b99665e8333b59a91bdb4ac231480.jpg,1
austin19-5-_png_jpg.rf.fa700d90898db66ad9e0ea18ceed973c.jpg,1
austin19-67-_png_jpg.rf.8a82921df5b52e8537a00a649122f9f1.jpg,1
Donetsk_2022_R5C5_14500_15000_10000_10500_jpg.rf.ad36222848efa497eaf83a789ad00d30.jpg,1
Donetsk_2022_R5C5_11500_12000_3000_3500_jpg.rf.7b4eba0733b7a5a843fd3c842fd4c183.jpg,1
austin19-58-_png_jpg.rf.7f4b1d05ca4db34908e8b558dff933f6.jpg,1
Donetsk_2022_R5C5_11000_11500_11500_12000_jpg.rf.c42caa69b7361d4bd8e1d9d29028a865.jpg,1
austin19-51-_png_jpg.rf.d13c4ec19024c174df91716ec4eba0d8.jpg,1
Donetsk_2022_R5C5_14000_14500_9000_9500_jpg.rf.41b6815fdf9abf76f119aae1d2c3107f.jpg,1
Donetsk_2022_R5C5_14000_14500_8000_8500_jpg.rf.b9e6eefc8663c17d298c350092ba57d6.jpg,1
Donetsk_2022_R5C5_13500_14000_8500_9000_jpg.rf.ddbaffb133e378ffd85f69142fd10251.jpg,1
Donetsk_2022_R5C5_11500_12000_3500_4000_jpg.rf.274a24241277b4acd9118a7d56ee0cba.jpg,1
austin19-6-_png_jpg.rf.74c3ad4edc4c6d214ac54eaa81239d49.jpg,1
Donetsk_2022_R5C5_11000_11500_15500_16000_jpg.rf.a2b279a024cae180d9940a23988459b8.jpg,1
Donetsk_2022_R5C4_11500_12000_13000_13500_jpg.rf.8b0ce5bbb3d8b2cb31e04c17c6bae2b1.jpg,1
Donetsk_2022_R5C5_11500_12000_11500_12000_jpg.rf.4668181aa1f960bb9a9bf1066d2e939e.jpg,1
Donetsk_2022_R5C5_11500_12000_12000_12500_jpg.rf.0afc11d481eeba1065de80a70190afde.jpg,1
Donetsk_2022_R5C4_11500_12000_14000_14500_jpg.rf.bd4b028378f8fe5ff7ee942edcd8123b.jpg,1
Donetsk_2022_R5C5_11500_12000_11000_11500_jpg.rf.ac23372e867e41779939aac1a31c5361.jpg,1
austin19-35-_png_jpg.rf.0e6c24628117ebdbc3f70f26f799b927.jpg,1
austin19-36-_png_jpg.rf.126ae2e06ba47c8f0c55f1e2283f31cd.jpg,1
austin19-68-_png_jpg.rf.1eacfd7e7ed164545d20189df10d0c10.jpg,1
Donetsk_2022_R5C4_12000_12500_11000_11500_jpg.rf.62c2cc71bb3305528b6155ff740e8f74.jpg,1
Donetsk_2022_R5C4_12000_12500_10000_10500_jpg.rf.9fb9bb5480682ad60b74471037f5af6a.jpg,1
chicago7-71-_png_jpg.rf.a0c0f8b483ddf061c481906a99f09a66.jpg,1
Kharkiv_2022_A_1_R2C4_5000_5500_500_1000_jpg.rf.b48024ce19f21d110609216b3acbec99.jpg,1
Kharkiv_2022_A_1_R2C5_0_500_6000_6500_jpg.rf.f79a84f3e9a0a75642cefda4f58f65f7.jpg,1
chicago8-40-_png_jpg.rf.b237c4312545757fad35666eece06116.jpg,1
Kharkiv_2022_A_1_R2C5_7000_7500_9000_9500_jpg.rf.7187d847ce25d3965374d9a9b495f3c2.jpg,1
Kharkiv_2022_A_1_R2C6_14000_14500_2500_3000_jpg.rf.da6dc9115dfa322186143f54d704b094.jpg,1
Kharkiv_2022_A_1_R2C4_1500_2000_11500_12000_jpg.rf.68295ff98bacaba631ed8f0342d9380b.jpg,1
Kharkiv_2022_A_1_R2C3_3500_4000_10000_10500_jpg.rf.75e15123e598bc24c40d5f61b7539211.jpg,1
Kharkiv_2022_A_1_R2C4_10500_11000_2000_2500_jpg.rf.d6c79838d118f125bdc1cf465216b01d.jpg,1
chicago8-43-_png_jpg.rf.066ee775c1b9785fe2228ed6aab432fa.jpg,1
Kharkiv_2022_A_1_R2C6_14500_15000_5000_5500_jpg.rf.241c3cf97005387ed7bee1e5c1053a67.jpg,1
chicago8-48-_png_jpg.rf.fefbc0f0c48521783ac351ea6329aaf3.jpg,1
chicago7-100-_png_jpg.rf.a384fbe0fcb38e6cbac03b217b366c4f.jpg,1
chicago7-10-_png_jpg.rf.00585705d73645d3e5cd4d2f01896565.jpg,1
Kharkiv_2022_A_1_R2C3_3000_3500_8000_8500_jpg.rf.0e83277fb8a8567f0e3be87cd764fe49.jpg,1
Kharkiv_2022_A_1_R2C3_6500_7000_10000_10500_jpg.rf.213a0f89790db6471180718d0a5c211e.jpg,1
Kharkiv_2022_A_1_R2C3_7500_8000_8000_8500_jpg.rf.ca6e88d59eb6d6f33e5b7870d3150034.jpg,1
Kharkiv_2022_A_1_R2C4_3500_4000_2500_3000_jpg.rf.26031d4962feef376f973ad76a0f8935.jpg,1
chicago7-11-_png_jpg.rf.4489919e21a8c34a49a8caad63e781b3.jpg,1
chicago9-17-_png_jpg.rf.40593a8f33b68c5a1a282052d2a8094f.jpg,1
chicago9-1-_png_jpg.rf.670136667b822364f168320a185d09bc.jpg,1
Kharkiv_2022_A_1_R3C3_3000_3500_2500_3000_jpg.rf.cb7cf543ff618c144b9d4d612007d6a6.jpg,1
chicago7-17-_png_jpg.rf.cce3ff2f308591c8747a52c996dcdb48.jpg,1
chicago8-70-_png_jpg.rf.cc54b39e3c134eddb7e1e0d75b938884.jpg,0
Kharkiv_2022_A_1_R2C4_1500_2000_9500_10000_jpg.rf.21beedef64a2e2d9bbe6c92522665142.jpg,1
chicago7-68-_png_jpg.rf.8a59d5bc712a0845c0baed920a460e4b.jpg,1
Kharkiv_2022_A_1_R2C4_16000_16500_11500_12000_jpg.rf.a5b7ff594a55fc81c0162eb2361872c8.jpg,1
Kharkiv_2022_A_1_R3C5_10000_10500_500_1000_jpg.rf.d311ffe0ede7c976082648373d9b1f7f.jpg,1
Kharkiv_2022_A_1_R3C5_13500_14000_500_1000_jpg.rf.f738593fce5be57a18c9467226fbc82e.jpg,1
Kharkiv_2022_A_1_R2C3_7500_8000_8500_9000_jpg.rf.58f2e662c29d19b56066963721cb384e.jpg,1
Kharkiv_2022_A_1_R2C3_8000_8500_8000_8500_jpg.rf.98cd1cc84e11e3312b318e25cdb4cc0c.jpg,1
Kharkiv_2022_A_1_R2C6_15000_15500_3000_3500_jpg.rf.f45098aeca2de88fcd2d607fbf99deac.jpg,1
Kharkiv_2022_A_1_R3C3_4000_4500_5500_6000_jpg.rf.c36303c74de195d9d538c8d35f2a07e5.jpg,1
Kharkiv_2022_A_1_R3C3_3500_4000_13500_14000_jpg.rf.4dfd48e8897cf9e7e8d76a8e1f7f797b.jpg,1
Kharkiv_2022_A_1_R3C4_0_500_13500_14000_jpg.rf.86bb502c1671ec81bee92fa02033057d.jpg,1
chicago7-41-_png_jpg.rf.914e37724905e563c31cb7bf84c41e11.jpg,1
chicago6-1-_png_jpg.rf.9d8fd35cddc63c6a936f5337b7378c4e.jpg,1
chicago7-70-_png_jpg.rf.7ceb70471c12878c86f40f4f90aecb1c.jpg,1
chicago8-81-_png_jpg.rf.aa274d57b98707aeb2f7e4f6e78147fe.jpg,1
Kharkiv_2022_A_1_R3C3_3500_4000_3500_4000_jpg.rf.efa099b93b0a7be009d87e7641b115ab.jpg,1
Kharkiv_2022_A_1_R1C3_15000_15500_6000_6500_jpg.rf.2c4126ded2bdb7da104fad6f8467025c.jpg,1
chicago7-24-_png_jpg.rf.c5fb01756391dbc8320325876b81e1fb.jpg,1
chicago7-72-_png_jpg.rf.ee4db2749e0fdcb7b5ebaa6e0aca8959.jpg,1
chicago8-96-_png_jpg.rf.a8a1492f0a440691dbbeb76f6f3b633c.jpg,1
chicago7-90-_png_jpg.rf.2266afae8941c64993ce678093b2159e.jpg,1
Kharkiv_2022_A_1_R3C3_4500_5000_5000_5500_jpg.rf.b43ff0be05674c2395394de3793cca56.jpg,1
Kharkiv_2022_A_1_R1C3_14500_15000_4000_4500_jpg.rf.5fcee7eec0c15c78b55c9e36317de97f.jpg,1
Kharkiv_2022_A_1_R3C6_1000_1500_2000_2500_jpg.rf.99cbfb248b8b0ffbd4edae162a9c376d.jpg,1
Kharkiv_2022_A_1_R2C6_16000_16500_3500_4000_jpg.rf.4d00114840db8169a9eab7d3d54cd8c6.jpg,1
Kharkiv_2022_A_1_R2C5_4000_4500_15000_15500_jpg.rf.3217663d13ed4c610ef6dce5994c0a1a.jpg,1
Kharkiv_2022_A_1_R2C5_4500_5000_5000_5500_jpg.rf.8a634f74c84c47415cf7593fff98eff5.jpg,1
Kharkiv_2022_A_1_R1C3_15500_16000_2000_2500_jpg.rf.3c282e6f9228b78a577b0a7a940ec609.jpg,1
Kharkiv_2022_A_1_R3C4_5500_6000_12000_12500_jpg.rf.bcc3ad6ba3ee49d93753891761b6f35e.jpg,1
Kharkiv_2022_A_1_R1C3_9000_9500_4500_5000_jpg.rf.06a33e8985842e75f571231a831e7ac7.jpg,1
Kharkiv_2022_A_1_R1C3_9000_9500_15000_15500_jpg.rf.79c5c06683f9019f323300d2e0378086.jpg,1
chicago7-75-_png_jpg.rf.941f0f6573ce02e1d0c0fe317870a4a7.jpg,1
Kharkiv_2022_A_1_R1C3_15000_15500_4500_5000_jpg.rf.97c23e99e69f4ecb339b8d18a73617c4.jpg,1
Kharkiv_2022_A_1_R3C1_0_500_5500_6000_jpg.rf.343782754893012ed19ae16268e0e577.jpg,1
Kharkiv_2022_A_1_R2C5_3000_3500_6000_6500_jpg.rf.04162db949190b478095370eb6469110.jpg,1
chicago8-10-_png_jpg.rf.306ab315617ba4460db363ab3e5fba3c.jpg,1
chicago7-94-_png_jpg.rf.e6eb01491f64915c6676c6ff142fde3b.jpg,1
Kharkiv_2022_A_1_R2C5_6500_7000_7500_8000_jpg.rf.0bc2e7f1e9e5b97b19339c6eef925cd6.jpg,1
Kharkiv_2022_A_1_R2C5_2500_3000_5000_5500_jpg.rf.68fd9e4ddd1a366f9f1467bdeff8c4ac.jpg,1
Kharkiv_2022_A_1_R2C5_4000_4500_15500_16000_jpg.rf.beb4f6480f7f8799c1984f52b30f0ed4.jpg,1
Kharkiv_2022_A_1_R2C6_7500_8000_5500_6000_jpg.rf.54e4ac19a3987c8d33b7b3c42b3dabc2.jpg,1
chicago8-60-_png_jpg.rf.85f73d59cb0584edd8b424b2421435d2.jpg,1
Kharkiv_2022_A_1_R1C3_9500_10000_6500_7000_jpg.rf.061e3925317393df2f1000b03450a613.jpg,1
Kharkiv_2022_A_1_R1C4_1000_1500_12000_12500_jpg.rf.44d31734037df885b09519654fd133cb.jpg,1
chicago8-17-_png_jpg.rf.0adb8ac651e68e3c92e68d21e335731e.jpg,1
Kharkiv_2022_A_1_R3C6_1000_1500_1000_1500_jpg.rf.1a2178a6bc366f06cdfafb3ecc79ef77.jpg,1
chicago7-80-_png_jpg.rf.632e49e3688f4e2070db842bab9fc9b7.jpg,1
chicago7-77-_png_jpg.rf.74a6cf5c1bf882b43ce0c215dd0cdb15.jpg,1
Kharkiv_2022_A_1_R1C4_1000_1500_11500_12000_jpg.rf.f071c6df2b09926314f351047b34c82b.jpg,1
chicago8-16-_png_jpg.rf.32488ff5184019ebdbe331fdda33a000.jpg,1
chicago7-8-_png_jpg.rf.7580b88c1c99464abbbfa6a6d1e8898a.jpg,1
chicago8-59-_png_jpg.rf.878eee8ebf6be0c2be9fe77c69afc42a.jpg,1
chicago7-95-_png_jpg.rf.17e44c0d7abfee12a10cdd36fdf4c09d.jpg,1
chicago8-13-_png_jpg.rf.3de6cb68d02208a0c3b87b47cb4bb36f.jpg,1
chicago8-14-_png_jpg.rf.8c7c2df72d830e940524961546f0403e.jpg,1
Kharkiv_2022_A_1_R1C4_1000_1500_13000_13500_jpg.rf.90991c03744f66abcbe00f511e2a4e7c.jpg,1
chicago9-39-_png_jpg.rf.ba08b9c772ad1443916432b37569cc86.jpg,1
chicago8-19-_png_jpg.rf.ae573f5008d88741f65f639bf3996fa6.jpg,1
Kharkiv_2022_A_1_R2C5_6000_6500_10000_10500_jpg.rf.c789f625a96ea3ed15ea616fd90770d9.jpg,1
Kharkiv_2022_A_1_R3C1_0_500_5000_5500_jpg.rf.c3e21f3f3d7fa2751c20baf894524a64.jpg,1
Kharkiv_2022_A_1_R1C3_8000_8500_6500_7000_jpg.rf.8765806f4b6334fd17ae548974e24801.jpg,1
Kharkiv_2022_A_1_R1C3_8500_9000_15000_15500_jpg.rf.bac1252702b70f36ea5ac0e13ab73ea8.jpg,1
Kharkiv_2022_A_1_R1C3_15500_16000_8000_8500_jpg.rf.f80c30603122b4987f0a239c23a84315.jpg,1
Donetsk_2022_R5C5_15000_15500_11500_12000_jpg.rf.e67ab524ace4aca7d25fdcb9d30e5c88.jpg,1
Kharkiv_2022_A_1_R1C3_14500_15000_4500_5000_jpg.rf.baa9cd14ac9ae5fe079485fd7737abec.jpg,1
chicago8-15-_png_jpg.rf.02e6c44fd9860f084c651af69c646be3.jpg,1
chicago8-18-_png_jpg.rf.76339012fe6cfdb877ed0beccd6419cf.jpg,1
Donetsk_2022_R5C5_15000_15500_10000_10500_jpg.rf.df2e3e4fe0915af536c436c1c6bc83f7.jpg,1
Kharkiv_2022_A_1_R1C3_8500_9000_15500_16000_jpg.rf.6d8fd31b62efb08ed7929ec229535700.jpg,1
Kharkiv_2022_A_1_R1C3_14500_15000_7000_7500_jpg.rf.30220e769e991cd5358e0ad403234b26.jpg,1
chicago7-7-_png_jpg.rf.c757bd1e999bf0ce83c413f3459ed5ef.jpg,1
Kharkiv_2022_A_1_R1C3_6000_6500_10500_11000_jpg.rf.261be70565a935cde0eb8b3f969fc950.jpg,1
Kharkiv_2022_A_1_R1C3_16000_16500_12000_12500_jpg.rf.3430e984da1df635eee601c2f2ecc34b.jpg,1
Kharkiv_2022_A_1_R1C3_15500_16000_4000_4500_jpg.rf.55e7984f11df5ac3ae06424afa4b53c7.jpg,1
Kharkiv_2022_A_1_R1C3_8500_9000_4000_4500_jpg.rf.7df36f82b7467e81896614e4a4c56b95.jpg,1
chicago7-98-_png_jpg.rf.9ece6b754410abf2a94826e317860f1b.jpg,1
chicago8-100-_png_jpg.rf.fc98da121d8a2108a03a6b82c6fd8961.jpg,1
Kharkiv_2022_A_1_R1C3_15000_15500_16000_16500_jpg.rf.45e810c3241fdcf4c8837a53309db0dd.jpg,1
chicago7-97-_png_jpg.rf.40492eae00685d1dcdb4adc8504c9499.jpg,1
Kharkiv_2022_A_1_R1C3_8000_8500_15000_15500_jpg.rf.bd4e09fcfd645f0da27d87fd0107da2a.jpg,1
chicago7-96-_png_jpg.rf.c8871770ce6eb7826ac1e6ab33df8389.jpg,1
chicago7-65-_png_jpg.rf.0c18a0d6a22c8ba21f112c39221955fd.jpg,1
chicago8-31-_png_jpg.rf.ca0b5e97bc6aaa754d50034a9b963adf.jpg,1
Donetsk_2022_R5C5_15500_16000_11000_11500_jpg.rf.38b0e303b64745399c301a54f42a4d4a.jpg,1
austin19-7-_png_jpg.rf.761bdae47790ae702bfa8afaa3092857.jpg,1
austin19-72-_png_jpg.rf.f2c2d8e253922f64dea7848c9e63af77.jpg,0
Kharkiv_2022_A_1_R1C3_8500_9000_16000_16500_jpg.rf.bc92977256fccab158f349922a6092e6.jpg,1
Kharkiv_2022_A_1_R1C3_16000_16500_6500_7000_jpg.rf.d6fbff0aa770438817525f94e108bea9.jpg,1
Kharkiv_2022_A_1_R1C3_6000_6500_3500_4000_jpg.rf.f065fe1f316e8c3b2280e30cff0bfc0c.jpg,1
Kharkiv_2022_A_1_R1C3_15000_15500_10000_10500_jpg.rf.bf225341676bcadb9edff74b1aeb6314.jpg,1
Kharkiv_2022_A_1_R1C3_15000_15500_11000_11500_jpg.rf.f00ed4f97ea128b872617fb21c84bd9d.jpg,1
Kharkiv_2022_A_1_R1C3_9000_9500_14500_15000_jpg.rf.afa0a5f153b229621d786973b84e7359.jpg,1
Donetsk_2022_R5C5_16000_16500_11000_11500_jpg.rf.46baf1df60fb159af0edadd1f17ac77c.jpg,1
chicago7-89-_png_jpg.rf.a95ffe9b3009ab40b3478e3349d8bf3e.jpg,1
chicago7-83-_png_jpg.rf.ac45fb25644d2f5e668306fe1c79e0dc.jpg,1
Kharkiv_2022_A_1_R1C3_7000_7500_16000_16500_jpg.rf.59d2e97440950698273dda87aeaf7736.jpg,1
chicago7-67-_png_jpg.rf.5b5305356f211d74c09145f97ebaf07a.jpg,1
Kharkiv_2022_A_1_R1C3_14500_15000_8000_8500_jpg.rf.81231fe17eb89127ff83bdfa883007a5.jpg,1
austin19-78-_png_jpg.rf.83a5887fcc42400b8c73ac3492d9feb1.jpg,1
chicago7-81-_png_jpg.rf.c4fdfddd861b475848356ba2bd9d7fe7.jpg,1
Donetsk_2022_R5C5_6500_7000_12000_12500_jpg.rf.5e1f454266127d3b5e6c1f0b9d328f73.jpg,1
Kharkiv_2022_A_1_R1C4_1000_1500_16000_16500_jpg.rf.a5ba519c12716908b2085d9392f3d200.jpg,1
austin19-74-_png_jpg.rf.16dfae4967aec9eccf4846e52e207e23.jpg,1
Donetsk_2022_R5C5_15500_16000_12000_12500_jpg.rf.19659e2cd2acb95df55145493dd156f1.jpg,1
Donetsk_2022_R5C5_15500_16000_11500_12000_jpg.rf.eab5d7e9ceef9927a2a4591782a8d332.jpg,1
Kharkiv_2022_A_1_R1C3_3000_3500_15500_16000_jpg.rf.02b7656b16e8bc273135edb724eccb3b.jpg,1
chicago7-69-_png_jpg.rf.2375a7036f9499a3bbbcc3bc1176adbf.jpg,1
Kharkiv_2022_A_1_R1C3_7000_7500_9000_9500_jpg.rf.51f5120a52e5bd7ed1f0189289b3ef33.jpg,1
chicago7-93-_png_jpg.rf.f98e0bf88f931c6b10a44fb0df706474.jpg,1
Kharkiv_2022_A_1_R1C4_1000_1500_15500_16000_jpg.rf.d23465b20356ccdea36d5e9c55d516c4.jpg,1
Donetsk_2022_R5C6_0_500_500_1000_jpg.rf.26cc16b5e5550b13bcbbe314a3335346.jpg,1
austin19-76-_png_jpg.rf.56f1bf91fda052ce37b76749c13da3c2.jpg,1
austin19-75-_png_jpg.rf.cd0117d36639e43adebcc3a68ad30215.jpg,1
austin19-70-_png_jpg.rf.f4d772b8ce69ddb809af0bc45122ecad.jpg,1
chicago7-86-_png_jpg.rf.3341aed255efae3993e277a0f32f16c6.jpg,1
austin19-77-_png_jpg.rf.dd663f4e5a0b42d1b62bf4c15acff25d.jpg,1
chicago8-1-_png_jpg.rf.f6d3babf68b5429bce5c6053a2ef2163.jpg,1
chicago8-2-_png_jpg.rf.41232343c9008cdaa192f38fb13c585c.jpg,1
Kharkiv_2022_A_1_R1C4_12500_13000_15000_15500_jpg.rf.beeab13d9c3f45c4695f568fbe835436.jpg,1
chicago7-87-_png_jpg.rf.55a400823f2ba5881d1a981bb4d68842.jpg,1
austin19-87-_png_jpg.rf.4220244194c4edfe11fe5591638c3832.jpg,1
Donetsk_2022_R5C5_16000_16500_11500_12000_jpg.rf.ce604f6b7c8461fb200cb99ec51e0f82.jpg,1
chicago8-12-_png_jpg.rf.45f5cb9d5033583f4d22ffa784a21932.jpg,1
austin19-80-_png_jpg.rf.61a462c7eed459a198b466936be7d4d7.jpg,1
Kharkiv_2022_A_1_R1C3_9500_10000_7000_7500_jpg.rf.e751e3fc07f86531a5caac3df3b6e90c.jpg,1
Donetsk_2022_R5C5_500_1000_6500_7000_jpg.rf.d56f038fbf9a4be25781da14f50edc44.jpg,1
Kharkiv_2022_A_1_R1C3_3000_3500_16000_16500_jpg.rf.d655a15aa5e468a46cd783e5b1a41fce.jpg,1
Kharkiv_2022_A_1_R1C3_6500_7000_15500_16000_jpg.rf.0bffadc021c3c285c9ede046d6943f5f.jpg,1
chicago8-20-_png_jpg.rf.37ebc767651e0c6237c2a8d34ff0e6e3.jpg,1
Kharkiv_2022_A_1_R1C4_15000_15500_2000_2500_jpg.rf.60fc5ee7ee6b4abf2b7bcbf2acd5b1e8.jpg,1
Donetsk_2022_R5C6_10000_10500_4500_5000_jpg.rf.cc8f33c9511dd23d1a48401c1baa67ca.jpg,1
Kharkiv_2022_A_1_R1C3_4500_5000_500_1000_jpg.rf.5cb25204678e8301d6cf9180cba7e914.jpg,1
chicago7-88-_png_jpg.rf.76f598b9a50db93b627908685de11ac9.jpg,1
austin19-86-_png_jpg.rf.96863c16db370474d00c1da3baafefeb.jpg,1
Donetsk_2022_R5C5_5500_6000_16000_16500_jpg.rf.02b75338ddd5e0a6be76a16da4ebb3ac.jpg,1
chicago8-22-_png_jpg.rf.7f13e61aabe4ef7a1a045e8e79dbe408.jpg,1
Donetsk_2022_R5C5_7000_7500_13000_13500_jpg.rf.de4c2e48fa1d58e125601ef352f65e71.jpg,1
Donetsk_2022_R5C6_1500_2000_9000_9500_jpg.rf.81fd344f11eee9c1892807e440095cea.jpg,1
Donetsk_2022_R5C6_11000_11500_14500_15000_jpg.rf.d7c5b7b6534f73fadf5b1ac3e23ae388.jpg,1
austin19-81-_png_jpg.rf.6747fb73fb587a7accad5dd698dc22ba.jpg,0
austin19-83-_png_jpg.rf.04a877e2320c9dd8bf48df87d6af595e.jpg,1
Donetsk_2022_R5C5_7500_8000_11500_12000_jpg.rf.474239bc5684205be8a53bfdfa5f2819.jpg,1
Donetsk_2022_R5C5_7500_8000_12000_12500_jpg.rf.8b23a0aa0f1c1057bea488834b200a0b.jpg,1
austin19-84-_png_jpg.rf.5f0dfb73bc6c26e6680936cb44cad379.jpg,1
tyrol-w7-64-_png_jpg.rf.c4092d67e4b96ce3e4f1e3b1f370d075.jpg,0
Tripoli_2022_V2_R2C5_8500_9000_10500_11000_jpg.rf.14cf820d325883f4f903567164ecc5cd.jpg,1
Tripoli_2022_V2_R2C5_5500_6000_5500_6000-Copy_jpg.rf.2d25331908753a751b3250fd4578e7d9.jpg,1
Tripoli_2022_V2_R2C5_8000_8500_16000_16500-Copy_jpg.rf.9cf3cd9c7404ad877614e8f6dc813275.jpg,1
tyrol-w7-9-_png_jpg.rf.fa16b8c851fd7b43626c8c129cd5193f.jpg,0
tyrol-w7-90-_png_jpg.rf.8e3cceec63a6763fbfd6253930e2b6a1.jpg,1
Tripoli_2022_V2_R3C1_4000_4500_2500_3000_jpg.rf.a51ed6da8cba267938603ea1f9ae978a.jpg,1
Tripoli_2022_V2_R3C1_5000_5500_4000_4500_jpg.rf.e7904410496845f90f901f8f5a006ede.jpg,1
Tripoli_2022_V2_R3C1_1500_2000_5000_5500_jpg.rf.6c47c152e2cdcd597b20422ba2192f8d.jpg,1
tyrol-w7-86-_png_jpg.rf.c8b6e2af0376f9d82e7483e8cc7f4a8e.jpg,0
tyrol-w7-73-_png_jpg.rf.4b619f473b815ee89c132c976e4f46c2.jpg,1
Tripoli_2022_V2_R2C5_9500_10000_12000_12500-Copy_jpg.rf.6f1214f78af7fea0187b143bf1301d1d.jpg,1
tyrol-w7-76-_png_jpg.rf.ec96c3ad9ddde272b7de287fecabb3ed.jpg,0
Tripoli_2022_V2_R3C1_500_1000_13500_14000_jpg.rf.008e016b7a908cc028cc30642af60ad1.jpg,1
tyrol-w8-19-_png_jpg.rf.29d9108353083e5ab30fbaec887c2375.jpg,0
tyrol-w7-95-_png_jpg.rf.02dcb49e271b472265d46903d19bb59a.jpg,1
Tripoli_2022_V2_R3C2_0_500_11000_11500_jpg.rf.2a3013177b9fb98e2b5545aae1f7ca57.jpg,1
Tripoli_2022_V2_R3C3_5500_6000_0_500_jpg.rf.3ea94d857b9b20c135e04c5a27fe0aa4.jpg,1
Tripoli_2022_V2_R3C4_3000_3500_12500_13000_jpg.rf.67a5e851b1ca6693a9a046dbc881f1b5.jpg,1
tyrol-w8-17-_png_jpg.rf.994c8d8f4f076d40c0a9cfce5efc5a02.jpg,0
tyrol-w7-91-_png_jpg.rf.f84478c8badf5925c62200c6f3354ece.jpg,1
Tripoli_2022_V2_R3C1_0_500_14500_15000_jpg.rf.436ea129ba89a5414714e7de7ce53588.jpg,1
Tripoli_2022_V2_R3C1_0_500_15500_16000_jpg.rf.4e7d42a9dc5fb2092c89e0ccf80e5a03.jpg,1
Tripoli_2022_V2_R2C5_9000_9500_8500_9000_jpg.rf.245033728d0755d09117afbd9ba8853d.jpg,1
tyrol-w7-77-_png_jpg.rf.2ad32543aa93fdf21c23f5fc0d4b0b63.jpg,0
Tripoli_2022_V2_R2C5_9500_10000_14000_14500_jpg.rf.b2c8b9adf25781fff3f2a27ff1f3ae9e.jpg,1
Tripoli_2022_V2_R2C5_9500_10000_12500_13000_jpg.rf.c28f804a640a3395f219b3d9b5486937.jpg,1
Tripoli_2022_V2_R2C5_9500_10000_0_500-Copy_jpg.rf.f9b608ed8104d927e0722e40bc0c443d.jpg,1
tyrol-w7-89-_png_jpg.rf.c4934c1a795d3674fd0c4d6b471a8ea8.jpg,0
Tripoli_2022_V2_R3C1_5500_6000_10500_11000_jpg.rf.4cde89f7da5b726c335a1a5aac0f280c.jpg,1
Tripoli_2022_V2_R3C4_500_1000_10500_11000_jpg.rf.956f254bd59c3f08833d6c64027ca1a8.jpg,1
tyrol-w7-87-_png_jpg.rf.5d2526808bbdcc53ff824eacc07d3742.jpg,0
Tripoli_2022_V2_R3C1_2000_2500_11500_12000_jpg.rf.8477d996cfaccac710fe8c1cf8c90cfd.jpg,1
tyrol-w7-81-_png_jpg.rf.13b2bb30fe25d3646bcf95fdbc658be0.jpg,1
Tripoli_2022_V2_R3C2_6000_6500_1500_2000_jpg.rf.1adf4f999d3419d1185f70d49f1c9849.jpg,1
Tripoli_2022_V2_R3C3_5000_5500_8500_9000_jpg.rf.704163e1d6e1a9b485c906a5a861737e.jpg,1
Tripoli_2022_V2_R3C2_4500_5000_3000_3500_jpg.rf.8f964da0d10f16d30797789a232f1ae9.jpg,1
tyrol-w7-7-_png_jpg.rf.496a9a8b856e878e29d6f592aba618ec.jpg,0
Tripoli_2022_V2_R3C2_1500_2000_11500_12000_jpg.rf.18ce051a555dbec7b75414adef70c8e0.jpg,1
Tripoli_2022_V2_R3C2_3000_3500_12000_12500_jpg.rf.8342263885c5e86ad8e2743e1b9fc1cf.jpg,1
Tripoli_2022_V2_R3C1_1000_1500_12500_13000_jpg.rf.aa92ea601087abbe0f54f9d934daaac0.jpg,1
Tripoli_2022_V2_R3C3_3000_3500_1500_2000_jpg.rf.ffbdb6b1b9040df753975481055dc909.jpg,1
Tripoli_2022_V2_R2C5_9000_9500_12000_12500-Copy_jpg.rf.67b0fe64306948de27ff87acd53970ad.jpg,1
tyrol-w8-20-_png_jpg.rf.c633a5b45d8ac02b83d35950d13e43cb.jpg,0
tyrol-w8-15-_png_jpg.rf.2dbd612da9f286492de8a03606a20d09.jpg,0
tyrol-w8-11-_png_jpg.rf.cdf3ea90197efd84bf8975336448b86a.jpg,0
Tripoli_2022_V2_R2C5_9500_10000_11000_11500_jpg.rf.936ff12dbd6bb31857711d7c3c310a0f.jpg,1
Tripoli_2022_V2_R3C4_500_1000_11500_12000_jpg.rf.e63f890e1bd320be12cca89515f01a25.jpg,1
tyrol-w8-16-_png_jpg.rf.f1c051d8f98e6a8ad2195268cd9ed510.jpg,0
tyrol-w7-71-_png_jpg.rf.765204786a8804c73e9eba32c6985281.jpg,1
tyrol-w8-1-_png_jpg.rf.4cb8a185fdad76a4566be307025cb0cd.jpg,0
tyrol-w7-70-_png_jpg.rf.8c31fdaa8ecfa244610d84e389c96ebc.jpg,1
Tripoli_2022_V2_R3C2_1500_2000_12000_12500_jpg.rf.50ea5f12ad1e8b6f7c212b9f68b691af.jpg,1
Tripoli_2022_V2_R3C2_4500_5000_11000_11500_jpg.rf.d557a04c0f41b1ca4c608d83b54fe51c.jpg,1
Tripoli_2022_V2_R2C5_8500_9000_16000_16500-Copy_jpg.rf.266735aaa188abafeeca3d0db3e16ccb.jpg,1
Tripoli_2022_V2_R2C5_9000_9500_16000_16500_jpg.rf.77be43f7ee3695395607755288afaed5.jpg,1
tyrol-w7-62-_png_jpg.rf.70706ea1ee9fbf4623446a0576f6f0c0.jpg,1
Tripoli_2022_V2_R2C5_5500_6000_3000_3500-Copy_jpg.rf.d2692de4bb93d36dd7f15d177e063070.jpg,1
tyrol-w8-13-_png_jpg.rf.e4ba49a491e9f45b9a742c3cac6e1274.jpg,0
Tripoli_2022_V2_R2C5_5500_6000_3500_4000-Copy_jpg.rf.564562219248b09eed8a5437666caf67.jpg,1
Tripoli_2022_V2_R3C4_500_1000_11000_11500_jpg.rf.d6ac52a1c151baeeb145f04a439f7794.jpg,1
Tripoli_2022_V2_R2C5_5500_6000_5000_5500-Copy_jpg.rf.d3cd734b95e16b41787cef58d19d0d69.jpg,1
Tripoli_2022_V2_R3C2_3500_4000_12000_12500_jpg.rf.93314d6b0c66328f65db0d6b0f1cfd8e.jpg,1
Tripoli_2022_V2_R2C5_9500_10000_15500_16000_jpg.rf.26b9b3c68a92a0b0a74103bb0b0e45dd.jpg,1
Tripoli_2022_V2_R2C6_16000_16500_3000_3500_jpg.rf.8668d9716509beb897b0aa4404db3c61.jpg,1
Tripoli_2022_V2_R3C2_0_500_5500_6000_jpg.rf.1f31b195c55870fcb0bbd05a34a16fb4.jpg,1
Tripoli_2022_V2_R3C1_0_500_1000_1500_jpg.rf.38aaaf11d87fd7ae1c5e809d49facd38.jpg,1
Tripoli_2022_V2_R2C6_8500_9000_1000_1500_jpg.rf.b218dbc68de336ba1cd5f94c75871f8f.jpg,1
Tripoli_2022_V2_R3C2_1500_2000_10000_10500_jpg.rf.fad71a53ab63d1468eff4399067249b2.jpg,1
tyrol-w7-97-_png_jpg.rf.bcc7d6eb2aee24f03a2a3477a3249544.jpg,0
Tripoli_2022_V2_R3C2_1000_1500_8500_9000_jpg.rf.ed617a811213581968068e05db9e4022.jpg,1
tyrol-w7-98-_png_jpg.rf.ee6ccbadac59d665e934c65fd256047a.jpg,0
Tripoli_2022_V2_R3C2_1500_2000_10500_11000_jpg.rf.f54226f95e48f9858549def1f31b9172.jpg,1
Kherson_2022_V2_R2C11_1500_2000_7000_7500_jpg.rf.f43eb8ebc7a13fa006e932cb983e4a59.jpg,1
Kherson_2022_V2_R2C11_1500_2000_8500_9000_jpg.rf.86af41b9baf36791d43bcea10e685073.jpg,1
chicago9-62-_png_jpg.rf.7e5d6204b8f21870da0a1554bdb63742.jpg,1
chicago9-47-_png_jpg.rf.a6482566f83cb382c93297c12c551c62.jpg,0
Donetsk_2022_R6C4_3500_4000_3000_3500-Copy_jpg.rf.93278d64a307217f66716b78e8496458.jpg,1
chicago10-17-_png_jpg.rf.3619f745819b8bad7009d1281426646b.jpg,1
chicago10-13-_png_jpg.rf.f2505fd6c4547c21202fd318d90e5a73.jpg,1
chicago10-39-_png_jpg.rf.1b1054cddc56fe2323aa14df2254645e.jpg,1
Tripoli_2022_R3C2_7000_7500_9500_10000_jpg.rf.b8d0aacd77697dbddccbcafc1ee1c983.jpg,1
Donetsk_2022_R6C4_8500_9000_5500_6000-Copy_jpg.rf.6e5a7456f8cc1a1bca5b9b42f4fce2c2.jpg,1
Donetsk_2022_R6C4_8000_8500_7000_7500-Copy_jpg.rf.86fe36380c0bd64ad4e738756d0aacbc.jpg,1
chicago10-24-_png_jpg.rf.703cb779a492bd8cdd60e462179f5078.jpg,1
Donetsk_2022_R6C4_2500_3000_1000_1500-Copy_jpg.rf.dca4c67fef45a20064d3e64622246988.jpg,1
chicago10-16-_png_jpg.rf.6ac98aa0fff1232812b456d722033a8f.jpg,1
chicago10-58-_png_jpg.rf.7171ed11eb7be079f14d8a58034f3972.jpg,1
chicago10-52-_png_jpg.rf.6b12e1970543062ee408af1402fea305.jpg,1
Donetsk_2022_R6C4_2000_2500_1000_1500-Copy_jpg.rf.a17b9feb9df3ec606b474d8d38aceea4.jpg,1
Tripoli_2022_R3C2_8500_9000_9500_10000_jpg.rf.9b31d5fd7dd651865e53988ce6dcacbb.jpg,1
chicago10-20-_png_jpg.rf.9db913dd37936d8af13bfc0118356fc0.jpg,1
Donetsk_2022_R6C4_8000_8500_7500_8000-Copy_jpg.rf.8a534e328f3646508685614932e1d707.jpg,1
chicago10-46-_png_jpg.rf.9b8cbf654ec52dde44fdf12b4b925bc5.jpg,1
chicago10-57-_png_jpg.rf.a58106ac2512b64e9332b0b3a99b5c17.jpg,1
Donetsk_2022_R6C4_5000_5500_8500_9000-Copy_jpg.rf.4134f5a5227ed9d94391182f72f938f8.jpg,1
chicago10-32-_png_jpg.rf.fbaa5df363ab44303fe4a46096d47797.jpg,1
chicago10-50-_png_jpg.rf.f2992d0a635813779980e71a82256110.jpg,1
Tripoli_2022_R3C3_10000_10500_10500_11000_jpg.rf.15d55af40e5742fcc5a654d65a893ccc.jpg,1
tyrol-w5-27-_png_jpg.rf.cf391618144f8a047312616210f3348e.jpg,0
Tripoli_2022_R3C2_9500_10000_13500_14000_jpg.rf.51f972ed67f193fe90082f75214b36b1.jpg,1
chicago10-55-_png_jpg.rf.a1b57449ea672eacd9ca2f457760648f.jpg,1
Donetsk_2022_R6C4_2500_3000_3000_3500-Copy_jpg.rf.cbdcfef1af7c45d169eaba6c28f6d847.jpg,1
Donetsk_2022_R6C4_2000_2500_2500_3000-Copy_jpg.rf.5c8d0f3c2fcbee280cf4b01c70ca09b4.jpg,1
Donetsk_2022_R6C4_8500_9000_7000_7500-Copy_jpg.rf.3bd9fe41be7c5689a6d529b4212b8409.jpg,1
Tripoli_2022_R3C2_9500_10000_11500_12000_jpg.rf.6069fd33975b0fef322104c8da42d469.jpg,1
tyrol-w5-38-_png_jpg.rf.d5ea01fef1e2c4d3c9e97a0e9e0739cd.jpg,0
Donetsk_2022_R6C4_6500_7000_5500_6000-Copy_jpg.rf.62280861a68cc356a5186e84b3bc2751.jpg,1
Donetsk_2022_R6C4_6500_7000_6000_6500-Copy_jpg.rf.931b84b4a61879b828e6b08ba333d266.jpg,1
Donetsk_2022_R6C4_6500_7000_7500_8000-Copy_jpg.rf.fc99e486be3b047ff9bded7d9674e772.jpg,1
Tripoli_2022_R3C3_500_1000_8500_9000_jpg.rf.4624890ccc5d6a0d2a44f10dfd5aa971.jpg,1
Donetsk_2022_R6C4_7500_8000_6000_6500-Copy_jpg.rf.37175abae707b18edce2a5fa3b5f9226.jpg,1
Donetsk_2022_R6C4_7500_8000_6500_7000-Copy_jpg.rf.8950b2d970f0004b79cc4d8ff1537be1.jpg,1
Donetsk_2022_R6C4_7500_8000_4000_4500-Copy_jpg.rf.a1f5edb54257cfcf6882fa1f2afef412.jpg,1
chicago10-42-_png_jpg.rf.b51e6aac6939ce18f94457d738037b59.jpg,1
Donetsk_2022_R6C4_7500_8000_7000_7500-Copy_jpg.rf.cc888d07cff42b10cd026cdf3ad367d0.jpg,1
Tripoli_2022_R3C3_11000_11500_6000_6500_jpg.rf.23c82202a044cb363bab8e870ee8a342.jpg,1
Tripoli_2022_R3C3_10500_11000_6000_6500_jpg.rf.48348992abb85803c9ff33e4225fade4.jpg,1
Tripoli_2022_R3C3_11000_11500_2500_3000_jpg.rf.ecb3a8bb70786c34ac82061b1f8d9e24.jpg,1
tyrol-w5-43-_png_jpg.rf.18b2c739dd552aada9e2cc00e1fc6731.jpg,1
tyrol-w5-40-_png_jpg.rf.c7c9a025c6a6f8ca56d77d3be6da65a7.jpg,1
Tripoli_2022_R3C2_8500_9000_13000_13500_jpg.rf.78608cc0edb76f1e527d7c7d785a337d.jpg,1
chicago10-33-_png_jpg.rf.8dbfef0364e7f676d6c00279c16d79e2.jpg,1
tyrol-w5-39-_png_jpg.rf.08a4d5adb7d271be78fa3687c0b2f09c.jpg,1
Donetsk_2022_R6C4_8000_8500_5000_5500-Copy_jpg.rf.a31890d8e07f3631f0ea1ec910e64cc8.jpg,1
Tripoli_2022_R3C3_500_1000_1500_2000_jpg.rf.11e1bf941934ac084baff94f876a2d96.jpg,1
Tripoli_2022_R3C3_11500_12000_11500_12000_jpg.rf.9cdcaac3d8b477d16ab9b621facd2e93.jpg,1
tyrol-w5-24-_png_jpg.rf.a84da27b6ee95859594154abc3ec26d3.jpg,1
tyrol-w5-45-_png_jpg.rf.45394415c188c0fd4713fd7c25bcb96c.jpg,1
tyrol-w24-55-_png_jpg.rf.e7b185d2c9088a4e91371fb1827e2fbb.jpg,1
tyrol-w5-19-_png_jpg.rf.07e30b8cfbf7c21de86e5763e170eedb.jpg,1
Tripoli_2022_R3C2_8500_9000_4000_4500_jpg.rf.88e6d1d4a4718a5637042be551c3ef20.jpg,1
chicago10-34-_png_jpg.rf.d29796d5c3853d132abee087b79a65d1.jpg,1
Tripoli_2022_R3C2_8000_8500_10500_11000_jpg.rf.522b07bf85df5d075bc185c61f9d56c3.jpg,1
Tripoli_2022_R3C2_9500_10000_14500_15000_jpg.rf.3737fa47ed26bf67e14d236ddef89a71.jpg,1
tyrol-w5-32-_png_jpg.rf.7cdf9f6a4806e65d9c8039b202d0bb75.jpg,0
Tripoli_2022_R3C3_10000_10500_14000_14500_jpg.rf.9e0d062387f432f8b23654f4c84b5db4.jpg,1
Donetsk_2022_R6C4_8000_8500_2500_3000-Copy_jpg.rf.088905a19fc9695f8fcf5b18eadf9cda.jpg,1
chicago10-44-_png_jpg.rf.ddc3a6f738df6c46b77869653390637b.jpg,1
tyrol-w5-52-_png_jpg.rf.792e8fb74360775fcd3f949919626239.jpg,1
Tripoli_2022_R3C3_10000_10500_11500_12000_jpg.rf.0fd130aed5afde2d8a9f6a01cf663d31.jpg,1
Tripoli_2022_R3C3_10500_11000_11000_11500_jpg.rf.c4bd540f9e776496a3a0670fe3e05067.jpg,1
tyrol-w5-36-_png_jpg.rf.e032c67b74d7619d9cc6316ead136399.jpg,1
Tripoli_2022_R3C3_12000_12500_0_500_jpg.rf.f636c05f1fa5280d27ec7eb022f53001.jpg,1
tyrol-w5-17-_png_jpg.rf.6e0d07461d2d0ee14147d460f97fc7cb.jpg,0
tyrol-w5-16-_png_jpg.rf.ac4738b9f1e5ae64237df82f10d1ddf2.jpg,1
Tripoli_2022_R3C2_7500_8000_15500_16000_jpg.rf.b61113893503253c4cc93003f1432819.jpg,1
chicago10-47-_png_jpg.rf.ff9ad1151cd003777e2450f21de5e88a.jpg,1
tyrol-w5-2-_png_jpg.rf.b4f67bd42b993539386d62b90e096404.jpg,1
Tripoli_2022_R3C2_8500_9000_10000_10500_jpg.rf.e199bfd4dc3c33bb93f981cef6546a59.jpg,1
Tripoli_2022_R3C3_11000_11500_7000_7500_jpg.rf.72b4fc0fb6b8117a259572146e574517.jpg,1
Tripoli_2022_R3C3_11500_12000_12000_12500_jpg.rf.b78e314c386c6a4bd769fe859a8bfb93.jpg,1
tyrol-w5-44-_png_jpg.rf.c46ac1dae746ae11ae9cffaa66ff501f.jpg,1
Tripoli_2022_R3C2_9500_10000_6500_7000_jpg.rf.3f027d92c4265d3f57aa195e8eab5b04.jpg,1
tyrol-w5-34-_png_jpg.rf.becda32b0670c5079e11f0f3fc1c96be.jpg,1
Tripoli_2022_R3C3_6500_7000_4000_4500_jpg.rf.a3b075689fbe2b425fedcfeb0cf9f7ee.jpg,1
tyrol-w5-53-_png_jpg.rf.cc02a2968a3e538960a46377ccee8630.jpg,1
tyrol-w5-20-_png_jpg.rf.aeb0a30c76e0a2db4cf0295c500d91d0.jpg,1
Tripoli_2022_R3C2_8500_9000_11000_11500_jpg.rf.c9d158a697030df02053adff92c6e804.jpg,1
tyrol-w5-33-_png_jpg.rf.df18146b8b535e887b5236811ca6921a.jpg,1
Tripoli_2022_R3C3_4500_5000_5500_6000_jpg.rf.0e25f57ab3af209103596e6be2d8577f.jpg,1
tyrol-w5-47-_png_jpg.rf.11fcc97c35317acc39f81cac095f22db.jpg,1
tyrol-w5-5-_png_jpg.rf.b9b09a62ef2b5f634edb1e2ac4c713e6.jpg,1
Tripoli_2022_R3C3_500_1000_3000_3500_jpg.rf.f2d74dcd065abe1dbc3df75088daeaf2.jpg,1
Tripoli_2022_R3C2_8500_9000_15500_16000_jpg.rf.6138f7db6280d5cff31bf79494c7991e.jpg,1
chicago10-5-_png_jpg.rf.e44c9c11f527972fadf47c33fb5f874a.jpg,1
tyrol-w5-35-_png_jpg.rf.6233de04b5e9385af76ea34149694e48.jpg,0
Tripoli_2022_R3C3_12000_12500_1000_1500_jpg.rf.aeac94a15e751df590caae759ae998b0.jpg,1
Tripoli_2022_R3C2_9000_9500_2500_3000_jpg.rf.67f24c6a5b90380779672f3bff2fb213.jpg,1
Tripoli_2022_R3C3_6500_7000_3500_4000_jpg.rf.3f6d510d770033992aea8ff0f5c14412.jpg,1
tyrol-w5-49-_png_jpg.rf.fa6f6f69b497e7439ce6f52f81a930b6.jpg,1
Tripoli_2022_R3C3_0_500_9000_9500_jpg.rf.00da51b6b9349db2c8efa440fd863460.jpg,1
Tripoli_2022_R3C2_9500_10000_7000_7500_jpg.rf.adcd695db0d52aca7772a7d790a16c41.jpg,1
Tripoli_2022_R3C3_0_500_1500_2000_jpg.rf.f6d8db85c86f74a89cc751d3b2ca6ba3.jpg,1
Tripoli_2022_R3C3_6000_6500_13500_14000_jpg.rf.126081b4befff6746d4eb9db5a2a98a0.jpg,1
Mykolaiv_2022_A_1_R2C2_15500_16000_3000_3500_jpg.rf.5290cd265ba65e0240242f97d0637eff.jpg,1
Tripoli_2022_R3C2_9000_9500_1000_1500_jpg.rf.3a2a727d8ed879ba36f6274fbda6961a.jpg,1
Mykolaiv_2022_A_1_R2C2_2500_3000_16000_16500_jpg.rf.511c922c05b495f2f2454b33b6f370b9.jpg,1
Tripoli_2022_R3C3_6500_7000_6500_7000_jpg.rf.63d5a37d4efe5502d9e7a6186adc43bf.jpg,1
tyrol-w5-48-_png_jpg.rf.1e9982c457752e92a81e94df1fc935d2.jpg,1
Tripoli_2022_R3C3_12000_12500_2500_3000_jpg.rf.355da1cb5e5349d5e4afe397edd646eb.jpg,1
Tripoli_2022_R3C2_8000_8500_14000_14500_jpg.rf.f30d047fa628721e67fda0672982a1c5.jpg,1
tyrol-w24-81-_png_jpg.rf.9d5dc0fc1b719e2c8decd20999e96a6b.jpg,0
Mykolaiv_2022_A_1_R2C2_8500_9000_0_500_jpg.rf.59739e20835455e2ac003c539dc67acf.jpg,1
tyrol-w24-9-_png_jpg.rf.f60e1ee6bee66e369a50ca344ca54a2e.jpg,1
tyrol-w24-82-_png_jpg.rf.4f05e30e346ae20057a4f16995fed6ae.jpg,1
tyrol-w25-13-_png_jpg.rf.bdbb782ca56fd0033dd676601028a305.jpg,0
Tripoli_2022_R3C3_4000_4500_14000_14500_jpg.rf.dc6bdb0d2cb73e6166513d1715cd8dd1.jpg,1
Mykolaiv_2022_A_1_R2C2_4000_4500_8000_8500_jpg.rf.1329b0c375801e325009cc3327715b30.jpg,1
tyrol-w24-72-_png_jpg.rf.95559890e36ea4302cc5738a03efc813.jpg,1
Mykolaiv_2022_A_1_R2C2_4000_4500_9000_9500_jpg.rf.404cf295fcfd1639ffae7c1d338dc12d.jpg,1
tyrol-w24-83-_png_jpg.rf.a2b70e79e4c125ca173ca2f84d80df59.jpg,1
Mykolaiv_2022_A_1_R2C2_14000_14500_10500_11000_jpg.rf.baca95e75ec09e25c87236a59abea6a7.jpg,1
Mykolaiv_2022_A_1_R2C2_4000_4500_9500_10000_jpg.rf.8710cb7e52b9ba2494916669866c69eb.jpg,1
Mykolaiv_2022_A_1_R2C2_14000_14500_11000_11500_jpg.rf.16fdf536f148eb2c1cb93b134a607ad5.jpg,1
Mykolaiv_2022_A_1_R2C3_13500_14000_15500_16000_jpg.rf.1fa058a4f36acab45f9c4312a8ecc0b9.jpg,1
Mykolaiv_2022_A_1_R2C3_14000_14500_14000_14500_jpg.rf.9dbacaa08c79451436c6412538a0f4b7.jpg,1
tyrol-w25-10-_png_jpg.rf.a20322a121f89143a2e378e67ad6ec8c.jpg,1
Mykolaiv_2022_A_1_R2C3_13500_14000_15000_15500_jpg.rf.b96b36e0f6b0017c5e8458570468898f.jpg,1
Mykolaiv_2022_A_1_R2C2_8500_9000_1000_1500_jpg.rf.08160a019988ef26a6bedea151234ab9.jpg,1
Mykolaiv_2022_A_1_R2C3_14000_14500_14500_15000_jpg.rf.b3e478f782b0d3deb3625ce674780900.jpg,1
Mykolaiv_2022_A_1_R2C2_9000_9500_500_1000_jpg.rf.e6272f0be09fdd8f5ea5e6a7e204ae5e.jpg,1
Mykolaiv_2022_A_1_R2C2_14500_15000_9500_10000_jpg.rf.6f52d302eb9792ed6d1256e95d96c652.jpg,1
Mykolaiv_2022_A_1_R2C2_8000_8500_1000_1500_jpg.rf.8acfbbf24109e7b6fd8cdbd562eaaca7.jpg,1
Mykolaiv_2022_A_1_R2C2_13500_14000_8500_9000_jpg.rf.e997accd85a64303f2ca52febe59168f.jpg,1
tyrol-w24-92-_png_jpg.rf.3c357924631fbdea2e376475f6ea192e.jpg,0
Mykolaiv_2022_A_1_R2C2_7000_7500_0_500_jpg.rf.3ce7b02ec1449bada16f615034e85e5f.jpg,1
tyrol-w24-64-_png_jpg.rf.4c662694e28f4f979d430dce124088c2.jpg,1
Mykolaiv_2022_A_1_R2C2_8000_8500_0_500_jpg.rf.86c8f5a91338e5389e4b2688909e0338.jpg,1
tyrol-w24-87-_png_jpg.rf.ab04d0fd895fc78005ef50d79c9c2510.jpg,1
tyrol-w24-91-_png_jpg.rf.30f50a771b36ebf1980342d9f86bb322.jpg,0
Mykolaiv_2022_A_1_R2C3_0_500_5500_6000_jpg.rf.ae82b82a6bba4978cb1ec675ab461959.jpg,1
Mykolaiv_2022_A_1_R2C3_0_500_5000_5500_jpg.rf.fae6613e0c6940506be8aa05f5bd4c47.jpg,1
Mykolaiv_2022_A_1_R2C2_15000_15500_1000_1500_jpg.rf.1bb6e26cfb706e54f072f49b59eab53b.jpg,1
Mykolaiv_2022_A_1_R2C2_14000_14500_12000_12500_jpg.rf.2d9704d37bdb16e9a507530477565653.jpg,1
tyrol-w24-65-_png_jpg.rf.d75ce68818738621c41bc5e802fb029f.jpg,1
tyrol-w24-84-_png_jpg.rf.de60c78ba396b2ade7f43f055b507e63.jpg,1
Mykolaiv_2022_A_1_R2C3_12500_13000_15500_16000_jpg.rf.70fb6adc82161cbb2f5e78234b4556dc.jpg,1
tyrol-w25-12-_png_jpg.rf.25f4fd04f05d04008cf642d4d641fe3d.jpg,0
tyrol-w24-94-_png_jpg.rf.273e4bf7f96644b105d5bbefcdadf9f8.jpg,0
tyrol-w24-70-_png_jpg.rf.650a62fb8058c5b48b2ff415dac7c661.jpg,1
Mykolaiv_2022_A_1_R2C2_14500_15000_11000_11500_jpg.rf.6cd9d95762c1494df451ef7931f860fa.jpg,1
tyrol-w25-16-_png_jpg.rf.cae7a6606e91761e269354e3fa7478dc.jpg,0
Mykolaiv_2022_A_1_R2C3_14500_15000_13500_14000_jpg.rf.d17e0c153f0ee645f97d9d6b26dcd7f0.jpg,1
tyrol-w24-93-_png_jpg.rf.1f557c4ead1276e1d44318599f446232.jpg,0
Mykolaiv_2022_A_1_R2C3_14000_14500_15000_15500_jpg.rf.d55e5a411a041951c4dc91c0887b3e9a.jpg,1
Mykolaiv_2022_A_1_R2C3_12500_13000_16000_16500_jpg.rf.ad84c05deed4fa44a56ed8dbb088c11f.jpg,1
Mykolaiv_2022_A_1_R2C3_13000_13500_15500_16000_jpg.rf.a400229022929c449f56de69190de41d.jpg,1
tyrol-w25-17-_png_jpg.rf.4f967b7b07233d7a938f0a2cb20cd579.jpg,0
tyrol-w25-19-_png_jpg.rf.8462b22f771f80272215cf504760f692.jpg,1
Mykolaiv_2022_A_1_R2C3_14500_15000_14500_15000_jpg.rf.b34c5d6f4dd07462694cbce7fff421d4.jpg,1
Mykolaiv_2022_A_1_R2C2_4500_5000_15000_15500_jpg.rf.9f091fc5b312ffa9957dced910f9fb17.jpg,1
Mykolaiv_2022_A_1_R2C2_5000_5500_15500_16000_jpg.rf.aae3ac380b477e0fd75d9c32d52bbf92.jpg,1
Mykolaiv_2022_A_1_R2C2_4500_5000_15500_16000_jpg.rf.b67159fe1ac7f0aa76dcfe39347b8db7.jpg,1
Mykolaiv_2022_A_1_R2C2_4500_5000_16000_16500_jpg.rf.bff976d1bc357783459ddb4d45cf9857.jpg,1
tyrol-w24-73-_png_jpg.rf.1ba510d3be82ca6c6112a7058e9c5b7f.jpg,1
tyrol-w24-69-_png_jpg.rf.241d80dcfcac44f94a61442958939924.jpg,1
tyrol-w24-7-_png_jpg.rf.fb89605901fcbcadab180d29288bac79.jpg,1
Donetsk_2022_R2C9_11500_12000_3500_4000_jpg.rf.84adceb287d9be4d4e1a31f8a73510d3.jpg,1
Donetsk_2022_R2C9_12000_12500_13000_13500_jpg.rf.4311b1df1b87b20728c200d0081af8e0.jpg,1
Mykolaiv_2022_A_1_R2C2_15000_15500_2500_3000_jpg.rf.f5a9dd62866332189cd650a66cb0a845.jpg,1
Mykolaiv_2022_A_1_R2C2_15000_15500_8500_9000_jpg.rf.fe7c07abdd4736bb400f488121efcaa4.jpg,1
Mykolaiv_2022_A_1_R2C2_15000_15500_3000_3500_jpg.rf.812457f51aff9ac3482ee3c8a0996385.jpg,1
Donetsk_2022_R2C9_12500_13000_3500_4000_jpg.rf.1cc5f2445670e57094c24725a7ba6fe0.jpg,1
Donetsk_2022_R2C9_12000_12500_3500_4000_jpg.rf.6690af98e42c74e13d634f91948e8b8f.jpg,1
Donetsk_2022_R2C9_13000_13500_12500_13000_jpg.rf.78790f36f291ad448c3ef82993ff4586.jpg,1
Donetsk_2022_R2C9_12000_12500_3000_3500_jpg.rf.a99056af9a543291d270ccb2ff5f5d3b.jpg,1
austin17-30-_png_jpg.rf.b6e6748bd6b04fffb4f750a9e105ab14.jpg,1
austin17-3-_png_jpg.rf.011b19c5425686cbb957150700ec0530.jpg,0
austin17-33-_png_jpg.rf.df9e12fe7ce025b84bd2a819f39ea861.jpg,1
Donetsk_2022_R2C9_13500_14000_15000_15500_jpg.rf.1378b9df24b830239a48cdde73e3a33f.jpg,1
Donetsk_2022_R3C10_0_500_5000_5500_jpg.rf.02f107b5f5ed7d971527d4a940a1c822.jpg,1
Donetsk_2022_R2C9_11500_12000_4000_4500_jpg.rf.e6187f811446e3bd61226b6b5274b1a3.jpg,1
Donetsk_2022_R2C8_7000_7500_13500_14000-Copy_jpg.rf.762fe6c706a75994017578791760d82c.jpg,1
Donetsk_2022_R2C9_13500_14000_14500_15000_jpg.rf.c566a9c91c64a544dc45242f2a2c3153.jpg,1
austin17-45-_png_jpg.rf.4d02cb3d46832e2b90e3071d84561255.jpg,1
Donetsk_2022_R2C9_13500_14000_3500_4000_jpg.rf.0fe3ac02ed2ff5eddf1d09fc38b60f84.jpg,1
austin17-35-_png_jpg.rf.8f1b608261c4d2ecec08a18e52607916.jpg,1
austin17-6-_png_jpg.rf.bc97c9141a609ee576762c6597bba96d.jpg,1
austin17-17-_png_jpg.rf.341bb6bc81a55af4778bf20188b71df1.jpg,1
Donetsk_2022_R2C8_8500_9000_15500_16000-Copy_jpg.rf.358c6f105b83d3ae0cd2cba4e4eebaaf.jpg,1
austin17-16-_png_jpg.rf.50541cc6cf6fe12270aef3c988da886d.jpg,1
Zalingei_2022_1_A_1_R1C1_7000_7500_13000_13500_jpg.rf.01cdf93254ccde9608b14d346b31edb7.jpg,1
austin17-46-_png_jpg.rf.af7d83946486f7d72512415016cefc12.jpg,1
tyrol-w9-15-_png_jpg.rf.1ad105c1bc60e39bbaf973a7d0322b8e.jpg,0
austin17-58-_png_jpg.rf.9752722f95d0477fe0431231ba66f29c.jpg,1
Donetsk_2022_R3C10_0_500_7500_8000_jpg.rf.f3976f4aba90127d62704eeb004e3297.jpg,1
tyrol-w9-1-_png_jpg.rf.fc9cb010532147c2b0e7a015b63fb8c1.jpg,0
Donetsk_2022_R2C9_13500_14000_3000_3500_jpg.rf.df50e1d0188177eff678cb64b313cf3a.jpg,1
austin17-44-_png_jpg.rf.73d23be6f1a7cd0df05c8ac3f2e8227c.jpg,1
austin17-61-_png_jpg.rf.6f30de792308c64ca9f59140c5511df9.jpg,1
tyrol-w9-10-_png_jpg.rf.c77386102d3211ab691b3a43e14cb12a.jpg,1
Donetsk_2022_R3C10_0_500_4500_5000_jpg.rf.1bc8a70b6d66816c576895a5e7bffa4d.jpg,1
austin17-55-_png_jpg.rf.5123c7090fa21a500d8cee2d7fe697fa.jpg,1
Donetsk_2022_R2C9_16000_16500_15000_15500_jpg.rf.62de408d1f4f2ecf7c3065bfe32773eb.jpg,1
austin17-36-_png_jpg.rf.31cc21efb0f2a1cf343c70352325cc62.jpg,1
Donetsk_2022_R2C9_15500_16000_13000_13500_jpg.rf.6dfd0931022a57ea2a8f09dbf69563c0.jpg,1
tyrol-w9-18-_png_jpg.rf.a5908e46fbed0f1b20dd7693b393b91e.jpg,0
Donetsk_2022_R3C10_0_500_1500_2000_jpg.rf.c6a772c6c333ccba4cfa6f6aa1988ad7.jpg,1
Donetsk_2022_R2C9_16000_16500_0_500_jpg.rf.68f7b9ef99a92de3929b1e16e4572b09.jpg,1
Donetsk_2022_R2C9_15500_16000_13500_14000_jpg.rf.90badb9819d8bf81a6c1bd15bd52a829.jpg,1
austin17-48-_png_jpg.rf.edcf67d20a93fe881b6223c4b8fad0c2.jpg,1
Zalingei_2022_1_A_1_R1C1_6500_7000_13000_13500_jpg.rf.5254df39087ac92a6793d024a99fb47b.jpg,1
Zalingei_2022_1_A_1_R1C1_6500_7000_12500_13000_jpg.rf.efa1b046e6335be5f59b3348ecbfad29.jpg,1
austin17-25-_png_jpg.rf.a33ddfb7c9fe232c56c0146ab7f38d4a.jpg,1
Donetsk_2022_R3C10_0_500_2000_2500_jpg.rf.548a991b0019afa20848cdd001ab4b6b.jpg,1
austin17-56-_png_jpg.rf.c15db68bba1c4b931f9adec310fbd578.jpg,1
Zalingei_2022_1_A_1_R1C1_7000_7500_16000_16500_jpg.rf.ac34bae52b8c1ae16e739f372e50865a.jpg,1
Donetsk_2022_R2C9_5500_6000_8500_9000_jpg.rf.7758cd4580bf6a69f3de309aaa5a971c.jpg,1
tyrol-w9-19-_png_jpg.rf.563dc68f139e0ad68ca12e39bc436d22.jpg,0
Zalingei_2022_1_A_1_R1C1_7500_8000_10500_11000_jpg.rf.5b85ab83504639f68404c1da6e9ce3ed.jpg,1
Zalingei_2022_1_A_1_R1C1_7500_8000_10000_10500_jpg.rf.d2b3c9b9aafdc7557129b353e364534e.jpg,1
Donetsk_2022_R2C9_14000_14500_14500_15000_jpg.rf.1b554acde6a2c0ebd2201ce9a294be71.jpg,1
Donetsk_2022_R2C9_10500_11000_6500_7000_jpg.rf.375fe66623c2f01d5e59dc4f8a563734.jpg,1
tyrol-w9-17-_png_jpg.rf.46592da18927ebf5ff938da09b595f0f.jpg,0
Zalingei_2022_1_A_1_R1C1_9000_9500_8500_9000_jpg.rf.a2b0fde7d38c6cccf41ecf78926088f6.jpg,1
Donetsk_2022_R2C9_14000_14500_15000_15500_jpg.rf.2615809f6182396ddc432d67a0d9a186.jpg,1
austin17-49-_png_jpg.rf.8e5ef30ba3d70c3d42f7764e60aeda4f.jpg,1
Zalingei_2022_1_A_1_R1C1_7500_8000_12500_13000_jpg.rf.bdb73e04661cf4ca1a09a57b0c64ddf6.jpg,1
Donetsk_2022_R2C9_10500_11000_7000_7500_jpg.rf.173986909c3a2d251cee5f796e0e2f4f.jpg,1
Donetsk_2022_R2C8_9000_9500_0_500-Copy_jpg.rf.43f2caa034baf81c605d3c0d1d64a5fc.jpg,1
austin17-29-_png_jpg.rf.7766cc680b790543edba7b90c76805f3.jpg,1
Donetsk_2022_R2C9_10500_11000_7500_8000_jpg.rf.bef40e0b53bf8ec847beaa0f411eba6a.jpg,1
Donetsk_2022_R2C9_11500_12000_3000_3500_jpg.rf.c80659b5375b969d1322c09897c76109.jpg,1
austin17-2-_png_jpg.rf.f6b3fd9b558d3e084b2a927de252b1d4.jpg,1
Donetsk_2022_R2C9_16000_16500_14500_15000_jpg.rf.0f10ceb634932307664cca3340ffb1f5.jpg,1
Donetsk_2022_R2C8_8500_9000_9500_10000-Copy_jpg.rf.35ee6a8e072db44654ea32d79dc116a9.jpg,1
Zalingei_2022_1_A_1_R1C1_7000_7500_14000_14500_jpg.rf.2d17eb64cbc6456b4611962aba1f44af.jpg,1
Zalingei_2022_1_A_1_R1C1_9000_9500_8000_8500_jpg.rf.1c17457d321687ab9deb8d15db6a7645.jpg,1
tyrol-w9-36-_png_jpg.rf.cf3a24d568c790431abb64adb4cf2080.jpg,0
Donetsk_2022_R2C9_9500_10000_14500_15000_jpg.rf.41636c8e8bfdf414dd11135b2f82b94c.jpg,1
austin17-51-_png_jpg.rf.c3d8d4b9bde86d1e715d9a8ace85949e.jpg,1
Zalingei_2022_1_A_1_R1C1_7500_8000_9500_10000_jpg.rf.cde211b951a2f75e152caff694a91241.jpg,1
Donetsk_2022_R2C9_14000_14500_14000_14500_jpg.rf.6f52dbc47cae5f20401577832e595b3a.jpg,1
austin17-20-_png_jpg.rf.dcebab57768b7d36ae39bfe5365e7811.jpg,1
Zalingei_2022_1_A_1_R1C1_7500_8000_11500_12000_jpg.rf.083ee9556289930d6c6f166a74e29380.jpg,1
Zalingei_2022_1_A_1_R1C1_9000_9500_9000_9500_jpg.rf.1aa7b34656b000d5d2b935e6d91da451.jpg,1
tyrol-w9-4-_png_jpg.rf.4af3ae181d0db0861c8eaf6e8db59d82.jpg,1
Donetsk_2022_R2C8_9000_9500_15000_15500-Copy_jpg.rf.2d615be93cc0554b542559e4312d02a7.jpg,1
austin17-22-_png_jpg.rf.ee8454aeca09e60cad43f2efe50e2f13.jpg,1
tyrol-w9-12-_png_jpg.rf.197bb3162db7d1396aec0d2581466103.jpg,1
Donetsk_2022_R2C9_14000_14500_15500_16000_jpg.rf.c860c64327c980a4c85f186f46bd8394.jpg,1
austin17-4-_png_jpg.rf.dbe74c30a41cfeece58b1d8fedfba265.jpg,1
Zalingei_2022_1_A_1_R1C1_7000_7500_9500_10000_jpg.rf.83c2df26e7171aa1f52cf7e1b005c24d.jpg,1
tyrol-w9-34-_png_jpg.rf.e0299cb3b6130a8652be1a504eaf80d7.jpg,0
tyrol-w9-25-_png_jpg.rf.dc60a4dd7d55cc640935c023662bb940.jpg,0
tyrol-w9-100-_png_jpg.rf.c71243684c151760621ccb554572c768.jpg,0
Zalingei_2022_1_A_1_R1C1_8000_8500_13500_14000_jpg.rf.72342bd0c56f886e888726951902faa7.jpg,1
austin17-52-_png_jpg.rf.c03f51e6c9d70e32cda24401d0273072.jpg,1
Donetsk_2022_R2C9_10500_11000_8000_8500_jpg.rf.17bf2d02a6f1d3921c300160aa5fe5c9.jpg,1
Donetsk_2022_R2C9_10500_11000_0_500_jpg.rf.4f3f45f8e1fffaf10e217d3c45c90655.jpg,1
austin17-23-_png_jpg.rf.cd0b3c436097dd3f757eb06a41a10763.jpg,1
Donetsk_2022_R6C5_1500_2000_500_1000_jpg.rf.cf204ae7d7e772580d521cd65397f2c8.jpg,1
tyrol-w9-31-_png_jpg.rf.028a6479e2f40c33fb6e75b440f93345.jpg,1
austin17-54-_png_jpg.rf.3404a94ffe89682cffd452b78801a53b.jpg,1
Donetsk_2022_R3C10_0_500_0_500_jpg.rf.6c204450ef752b5c2c875fa248a9fb7b.jpg,1
tyrol-w9-32-_png_jpg.rf.d5bf8dbef92ace783bc5c6ac718dccad.jpg,1
tyrol-w9-40-_png_jpg.rf.2dc9581bd67e2e15322414966521bc64.jpg,1
austin17-43-_png_jpg.rf.0239570f9381870a2b9902b3ca40fc6a.jpg,1
tyrol-w9-13-_png_jpg.rf.7938430764a8828bc543581ed3207186.jpg,1
Zalingei_2022_1_A_1_R1C1_7000_7500_12500_13000_jpg.rf.af01e4ea3277c3b37a3a4b23239d30b3.jpg,1
Donetsk_2022_R2C9_10500_11000_2000_2500_jpg.rf.95a222395c7610ad2c6b7ad4e1392cd0.jpg,1
Zalingei_2022_1_A_1_R1C1_7500_8000_8500_9000_jpg.rf.b65a8e59091062f7f4b66f932a376536.jpg,1
chicago10-80-_png_jpg.rf.ab921642be8b88f8dc7bc3c183b45427.jpg,1
tyrol-w9-33-_png_jpg.rf.94633ce8b6153c3d808653c08dc70182.jpg,1
austin17-26-_png_jpg.rf.f6ad87e81a723b699caed62856eaa3e8.jpg,1
Donetsk_2022_R2C9_14500_15000_0_500_jpg.rf.36de1c3cad4da6724144f96ac3395ecf.jpg,1
Zalingei_2022_1_A_1_R1C1_7000_7500_11000_11500_jpg.rf.e90f99a9dfd67f5b771c58e7e3108ff1.jpg,1
Donetsk_2022_R6C5_14000_14500_3500_4000_jpg.rf.113a21ea35f6b1f2df5c36165969ae75.jpg,1
Donetsk_2022_R6C5_1500_2000_3500_4000_jpg.rf.474d91d6675d417ebe688a98c2b79f24.jpg,1
Zalingei_2022_1_A_1_R1C1_8500_9000_15500_16000_jpg.rf.a4bb656f796b1297b8194ef62c9fc321.jpg,1
Zalingei_2022_1_A_1_R1C1_8000_8500_14000_14500_jpg.rf.0718e62dcc5474a38303c6e66b581c41.jpg,1
Donetsk_2022_R2C9_11500_12000_12500_13000_jpg.rf.0f90e21bb050b91cf9211d5a7341cb01.jpg,1
Donetsk_2022_R2C9_10500_11000_8500_9000_jpg.rf.f29bdb279e1e464c4a520300df4cfaa8.jpg,1
chicago10-79-_png_jpg.rf.de702be619061289c57ab120d34a7824.jpg,1
Zalingei_2022_1_A_1_R1C1_7000_7500_10500_11000_jpg.rf.916f1b644ccf80a9483141d791746dad.jpg,1
Donetsk_2022_R6C5_2000_2500_2500_3000_jpg.rf.369d002a832c00a9dd26e37ad59b2e29.jpg,1
chicago10-78-_png_jpg.rf.3226ad68bcd46fe97ed704cef17d47aa.jpg,1
chicago10-96-_png_jpg.rf.3a1af7d9100cd72e04a2988c05dcd718.jpg,0
Donetsk_2022_R6C5_14000_14500_3000_3500_jpg.rf.ecd1773c3cced533a8de800d0b890373.jpg,1
Zalingei_2022_1_A_1_R1C1_8000_8500_14500_15000_jpg.rf.4996ee1cf31531ccabd0a56b22fd4794.jpg,1
Donetsk_2022_R6C6_7000_7500_2500_3000-Copy_jpg.rf.6c85d0af93bfb9cf2374de11cec6230a.jpg,1
Donetsk_2022_R6C5_1500_2000_12000_12500_jpg.rf.792f94c24aab412f8310ffce8cc3d954.jpg,1
Zalingei_2022_1_A_1_R1C2_7500_8000_500_1000_jpg.rf.6f9328fe8e33b8e0a15c4625a0a1308a.jpg,1
tyrol-w9-45-_png_jpg.rf.0e6930ad03c3edd0308b0818856ed5ac.jpg,0
Zalingei_2022_1_A_1_R1C1_7000_7500_10000_10500_jpg.rf.484f594626242c0d6803800ed1bcc205.jpg,1
tyrol-w9-44-_png_jpg.rf.76e48ee78f95d9e215bba8a451f0b44a.jpg,0
chicago10-97-_png_jpg.rf.3e66711bd6a8d8cedb7cb457dfd0edc7.jpg,1
chicago10-8-_png_jpg.rf.573a37a3b3c0478836cab541021a68e3.jpg,1
Zalingei_2022_1_A_1_R1C1_8500_9000_13000_13500_jpg.rf.1165741c469b88c434abb9ab85ace718.jpg,1
austin17-28-_png_jpg.rf.b3356064b535bee5802fdfb2e0a6296e.jpg,1
Zalingei_2022_1_A_1_R1C2_6000_6500_1500_2000_jpg.rf.2c96ddd5f29cd517fad40cce873fac8f.jpg,1
Zalingei_2022_1_A_1_R1C2_5500_6000_0_500_jpg.rf.7fb90221a640d0dee4905b0c5f0d2cc1.jpg,1
Donetsk_2022_R6C5_0_500_12500_13000_jpg.rf.797b28a316134ffdf8848b0d438c95ff.jpg,1
Zalingei_2022_1_A_1_R1C1_8000_8500_9500_10000_jpg.rf.d0fa9617c04572585b24a35e82a569d5.jpg,1
tyrol-w9-5-_png_jpg.rf.90170d3c67b46c3222782b4d56ceaad4.jpg,0
Zalingei_2022_1_A_1_R1C1_8500_9000_12500_13000_jpg.rf.b80c1c506555d56a6e235e14136729c4.jpg,1
tyrol-w9-51-_png_jpg.rf.c4e6857d68a8dcde292b35bd35c3eb2a.jpg,1
Zalingei_2022_1_A_1_R1C2_5500_6000_1000_1500_jpg.rf.00ccda7eca742ec7b0aa2d13786c2acf.jpg,1
tyrol-w9-46-_png_jpg.rf.0ee7ab242d2ae34eace30c6d62bd4878.jpg,1
chicago10-82-_png_jpg.rf.c0d5d021507765d548f0165d4a25ae69.jpg,1
chicago10-98-_png_jpg.rf.ca1ee78704e7a6a30dead1451061eb5e.jpg,0
Donetsk_2022_R6C6_7000_7500_3500_4000_jpg.rf.de677aee45c3be9a90aad16280a75bdc.jpg,1
Zalingei_2022_1_A_1_R1C2_6000_6500_500_1000_jpg.rf.62352279df6ef0e414abb2e02aa161e9.jpg,1
tyrol-w9-48-_png_jpg.rf.873ac6a503c2286723137f56b8047d79.jpg,1
Donetsk_2022_R6C7_0_500_10500_11000_jpg.rf.542f3d3dc42bae55ed4929014189ea10.jpg,1
chicago10-67-_png_jpg.rf.0ae098a783bea64cefa045a9fc5dda3c.jpg,1
Donetsk_2022_R6C5_2000_2500_500_1000_jpg.rf.0ad1697dd79e80aba1fee1440148fe95.jpg,1
Zalingei_2022_1_A_1_R1C2_7000_7500_1500_2000_jpg.rf.13ce63bf3b738e115acfad9c12e5a309.jpg,1
Donetsk_2022_R6C5_1000_1500_12000_12500_jpg.rf.5b413e148f425ec00132c5e21807dc37.jpg,1
chicago10-70-_png_jpg.rf.c98bfe0622f7546f64e80cd1fc0f1d35.jpg,1
chicago10-66-_png_jpg.rf.e06d2eaddcb7d67602c5e1f3609bea80.jpg,1
Zalingei_2022_1_A_1_R1C1_8000_8500_12000_12500_jpg.rf.e8cba4f27c7c5c09ef95aa8c245acb41.jpg,1
chicago10-99-_png_jpg.rf.eb1a57824b0566875e9ae14322655187.jpg,1
Donetsk_2022_R6C7_0_500_13000_13500_jpg.rf.c2f01e6df0dc6e26fa3588ab000da05b.jpg,1
Donetsk_2022_R6C6_4500_5000_12500_13000-Copy_jpg.rf.f3ed0a6f728e6c3733a87818b19d1579.jpg,1
chicago6-10-_png_jpg.rf.e09300e3b4f9f10c441dd04093176a98.jpg,1
chicago10-83-_png_jpg.rf.070b750f13185beb35ede747bde569eb.jpg,1
Donetsk_2022_R6C5_3000_3500_2000_2500_jpg.rf.bf9d284393f3375b53cb7829bc2d3fbb.jpg,1
chicago10-81-_png_jpg.rf.34261d7e6e4a4398b90e9afb42f02108.jpg,1
Donetsk_2022_R6C7_13500_14000_6000_6500_jpg.rf.8fa702645ff0edb6260a05e31ebd16ef.jpg,1
tyrol-w9-52-_png_jpg.rf.6441ac1b9bfa9b46155aeb02552656c3.jpg,0
Zalingei_2022_1_A_1_R1C2_6500_7000_1000_1500_jpg.rf.a6b0e641633edbeb38afad90fc9e7720.jpg,1
Donetsk_2022_R6C5_2500_3000_6000_6500_jpg.rf.15315b2555d31840872124f727ca4a53.jpg,1
Donetsk_2022_R6C5_1000_1500_12500_13000_jpg.rf.b27dd1cd02f93b717f8bea7a84cc7850.jpg,1
Donetsk_2022_R6C5_2500_3000_3000_3500_jpg.rf.ddd36d01523130144ce13c483aa5f18c.jpg,1
Donetsk_2022_R6C7_13500_14000_5000_5500_jpg.rf.6b1d8218e52cae3209ce3eec8947c5ce.jpg,1
Donetsk_2022_R1C7_12500_13000_12500_13000_jpg.rf.bdec1302285b224d7d207d68615ef509.jpg,1
chicago10-90-_png_jpg.rf.21e65af72c6a89dad1ebe5dc0aaa9077.jpg,1
chicago6-11-_png_jpg.rf.3be2e2c43e3e6d03b25e4baea5fa4140.jpg,1
chicago6-12-_png_jpg.rf.c849e93cef58bdefb4630ffd591b0ccb.jpg,1
Donetsk_2022_R6C5_4000_4500_15000_15500_jpg.rf.ba5a2c076f83e9c04587574a365343e9.jpg,1
chicago10-87-_png_jpg.rf.d471186f863d3c1f902d01edd956e4a0.jpg,1
Donetsk_2022_R6C5_2500_3000_5500_6000_jpg.rf.6d1a5f3b74b128f57232c41f05d1dc13.jpg,1
Donetsk_2022_R6C5_0_500_13500_14000_jpg.rf.75c1956f753947b3033eb7abaccdf2b2.jpg,1
Donetsk_2022_R6C5_5000_5500_6000_6500_jpg.rf.f3d8ba810e3c286e20ffbbe624a99d5a.jpg,1
chicago10-72-_png_jpg.rf.5e3eb4f791ffd7ac818251deb90c1b5b.jpg,1
Donetsk_2022_R2C9_10000_10500_4500_5000_jpg.rf.cc487079434fc949ad3e77b4bb81ee67.jpg,1
Donetsk_2022_R6C5_3000_3500_500_1000_jpg.rf.9f3f058bcc11c5e2e19ece8f2fb045b7.jpg,1
Donetsk_2022_R6C5_6000_6500_6500_7000_jpg.rf.c2525c5cf6f9a50568574d73cebd8834.jpg,1
chicago10-89-_png_jpg.rf.cc9f238d97ee1e238fb242363f4ca763.jpg,1
Donetsk_2022_R1C7_10500_11000_7000_7500_jpg.rf.b3ad3ac0735a5546d77d1ef6fd89fc9c.jpg,1
chicago6-13-_png_jpg.rf.e398ca6b89da0795e7530484dace657c.jpg,1
Donetsk_2022_R6C6_13000_13500_15500_16000_jpg.rf.d69b28b621add45d39fa8e686e0ec5ff.jpg,1
chicago6-14-_png_jpg.rf.52a958f42830720e70b32c791db097e1.jpg,1
chicago6-16-_png_jpg.rf.b225d8bdb6f3d412acc0eafaeee5892c.jpg,1
Donetsk_2022_R6C6_4500_5000_12000_12500-Copy_jpg.rf.33a7f081cd1dea8c8ec653607c96d26d.jpg,1
Donetsk_2022_R6C7_15500_16000_10500_11000_jpg.rf.a648b333c6087fb78f4cb90cc18baf82.jpg,1
Donetsk_2022_R6C7_15500_16000_11000_11500_jpg.rf.f0e146c18c5ac5e5ce776346b06acee1.jpg,1
chicago10-91-_png_jpg.rf.4dee39118366d46a0961d46fcb25c17a.jpg,1
Donetsk_2022_R6C6_13000_13500_6500_7000_jpg.rf.aced1e0876a71389647b0bc72cb828b7.jpg,1
chicago10-93-_png_jpg.rf.d2bf43f7e53406cbd4ef010ea98b166d.jpg,1
Donetsk_2022_R6C6_13000_13500_7000_7500_jpg.rf.df43aea26936d4e1aa8078e2c4d2aaec.jpg,1
Donetsk_2022_R6C5_1000_1500_3500_4000_jpg.rf.24cd9b1634939166ed01dbe5a748d826.jpg,1
Zalingei_2022_1_A_1_R1C2_8000_8500_0_500_jpg.rf.5445143a991a4795e6cd2d0ec7320778.jpg,1
Donetsk_2022_R6C5_9000_9500_7000_7500_jpg.rf.52794c1097dd7d03252ab985e1bb1ec3.jpg,1
tyrol-w5-71-_png_jpg.rf.4ffd6efa45dbbea49200e88661652cbf.jpg,0
Tripoli_2022_R3C3_9000_9500_7500_8000_jpg.rf.70eafd9ea99e6c688c34cf2daeb09c7a.jpg,1
Tripoli_2022_R3C3_8500_9000_9000_9500_jpg.rf.cf72e76969fe30a4921106031780ea68.jpg,1
chicago6-15-_png_jpg.rf.d05197911ae10d00e19d415e7e22af60.jpg,1
Donetsk_2022_R6C5_10500_11000_3500_4000_jpg.rf.7a881006a1c2039dd13ee25a8ed86ba5.jpg,1
tyrol-w5-61-_png_jpg.rf.ddebda8122d52f5bb8fd61af1769f579.jpg,1
Tripoli_2022_R3C3_8000_8500_2000_2500_jpg.rf.64c60480c14d2e827fed0152eb40840e.jpg,1
Tripoli_2022_R3C3_7000_7500_5500_6000_jpg.rf.4d39a7dd7c19a8418c8587ac4949fdbf.jpg,1
Tripoli_2022_R3C3_7000_7500_11500_12000_jpg.rf.b0b775c00f850bdc24f267df71627c7e.jpg,1
tyrol-w5-75-_png_jpg.rf.76e92a08594b454242f8704daa3070ab.jpg,0
Tripoli_2022_R3C3_8000_8500_7000_7500_jpg.rf.d153550a04b7f6535c405a8b3ba2687b.jpg,1
Tripoli_2022_R3C3_7500_8000_12500_13000_jpg.rf.eba37dbed79c400e1ae5ebd339ac2e8d.jpg,1
tyrol-w6-12-_png_jpg.rf.125c0016e74a9d8626054836d6bde0d5.jpg,1
Tripoli_2022_V2_R2C2_10500_11000_7500_8000_jpg.rf.e23c30d108febd068776a8935f463dde.jpg,1
Tripoli_2022_V2_R1C1_8000_8500_10500_11000_jpg.rf.e2ee95198c12d66eaab796e07c108295.jpg,1
tyrol-w5-66-_png_jpg.rf.f59e7da482d7628a931413e1dc9dcd77.jpg,1
Tripoli_2022_R3C3_7500_8000_6000_6500_jpg.rf.8e23abf82b0864f3588dbb17f6dd821b.jpg,1
Tripoli_2022_R3C3_7500_8000_8000_8500_jpg.rf.a21e0253ecf4cccb9767c30ea3b2d49c.jpg,1
Tripoli_2022_V2_R1C1_8500_9000_11500_12000_jpg.rf.9b8d995febd7ea0f219f945427a2adf6.jpg,1
tyrol-w5-64-_png_jpg.rf.abbefae1e13da3bbc73bb9775a51a4e1.jpg,1
tyrol-w5-65-_png_jpg.rf.e45417a2ca3e2a8c402b6542012fa622.jpg,1
Tripoli_2022_R3C3_8500_9000_13000_13500_jpg.rf.a6fa65a7c8004c7f064fd5557203082d.jpg,1
tyrol-w5-68-_png_jpg.rf.b7106bb84ff9c5dc327619c6de85a994.jpg,1
Tripoli_2022_R3C3_8000_8500_3500_4000_jpg.rf.e7be229c97cd46298ef80b50a94ce7c2.jpg,1
tyrol-w6-11-_png_jpg.rf.c1834414064584ead84d27fa3d9dea5d.jpg,1
Tripoli_2022_R3C3_9000_9500_9500_10000_jpg.rf.970630ccd7ca0ace65312231e783b826.jpg,1
tyrol-w5-67-_png_jpg.rf.33727141edd7021c571ec3118c10ae6a.jpg,1
Tripoli_2022_V2_R1C3_11000_11500_6000_6500_jpg.rf.acd91a0d465000c4fb5486f0e35589e1.jpg,1
tyrol-w5-60-_png_jpg.rf.228942841faeae085789cd873dc1b1d9.jpg,1
tyrol-w5-69-_png_jpg.rf.2f0aee891690556e56b45f73bf1761b5.jpg,1
Tripoli_2022_V2_R1C3_11500_12000_4500_5000_jpg.rf.f6bc8bc712b6f5742268a2dc3aba4997.jpg,1
tyrol-w5-82-_png_jpg.rf.938c8aba349025fad31e8f1f6ed760a1.jpg,0
tyrol-w5-72-_png_jpg.rf.e128d1c803e5a0629e3b7946da6bff1e.jpg,0
tyrol-w5-9-_png_jpg.rf.ee9b729dcf259023fd07dc6aeb739b14.jpg,1
Tripoli_2022_V2_R2C1_11000_11500_500_1000_jpg.rf.f18ac8dac0063f190dfcef96f5ec10df.jpg,1
Tripoli_2022_V2_R1C3_10500_11000_1000_1500_jpg.rf.45f64d6da3740624d646062aa0c4f074.jpg,1
tyrol-w5-78-_png_jpg.rf.ebe06c320499e319a3175e507f2927fc.jpg,0
Tripoli_2022_V2_R2C2_11000_11500_10000_10500_jpg.rf.b0e75ba96e9274fe0328e86fbbe02ae5.jpg,1
tyrol-w5-83-_png_jpg.rf.930ea86bf714c55dab41245cc31108e1.jpg,0
Tripoli_2022_V2_R1C2_9000_9500_4000_4500_jpg.rf.264059c29ac2e40e9729744050048cf8.jpg,1
tyrol-w5-77-_png_jpg.rf.88779c01431d8d18fc9337afc1fbb186.jpg,0
Tripoli_2022_V2_R1C1_11500_12000_5000_5500_jpg.rf.f24d6eab7b3d5b34fd2911066c7aab81.jpg,1
Tripoli_2022_V2_R1C3_10000_10500_8500_9000_jpg.rf.b11627116726a9b81601e3742119ea76.jpg,1
Tripoli_2022_V2_R1C3_15500_16000_11500_12000_jpg.rf.64a193a81c1554f5fb2786824b46b67f.jpg,1
tyrol-w5-86-_png_jpg.rf.b99d920a741ac72f3751fa24dc961e1d.jpg,0
tyrol-w5-90-_png_jpg.rf.133803453df821702d0c20cc680b4717.jpg,0
Tripoli_2022_V2_R2C1_2000_2500_5500_6000_jpg.rf.3534abd128f1d22cc38bc7f6eb740007.jpg,1
Tripoli_2022_V2_R1C3_10500_11000_500_1000_jpg.rf.affcb57a1fd2ac7660ff8e9d5563c2db.jpg,1
Tripoli_2022_V2_R2C1_11500_12000_4500_5000_jpg.rf.384551398676cd5239c5cdc3dcfebe83.jpg,1
tyrol-w5-89-_png_jpg.rf.d1c43a75ab9a92edd3e6d291bacf5043.jpg,0
tyrol-w5-91-_png_jpg.rf.77a3c09d9998f9dddb192b0bb4c364a8.jpg,0
tyrol-w5-79-_png_jpg.rf.c7bcc0a7e1f0a75730d63c7908d978d6.jpg,0
Tripoli_2022_V2_R1C4_11000_11500_9000_9500_jpg.rf.76ab4f8a6392f611e9e2318082a164ed.jpg,1
Tripoli_2022_V2_R2C1_2500_3000_8500_9000_jpg.rf.0b39ca8130cc2ae038d3d6b6d0cd5d16.jpg,1
Tripoli_2022_V2_R1C2_9000_9500_3500_4000_jpg.rf.e7ecddcc29acad977db157c2f5bed37f.jpg,1
Tripoli_2022_V2_R2C1_3500_4000_8500_9000_jpg.rf.f7507a23554d37d391f985f547fd4d1d.jpg,1
tyrol-w5-80-_png_jpg.rf.f92a0f2dc0c7a65b74ada48b7aa7353d.jpg,0
Tripoli_2022_R3C3_8000_8500_3000_3500_jpg.rf.5faddb3919000aa242407927dd120387.jpg,1
Mykolaiv_2022_A_1_R2C3_8500_9000_5000_5500_jpg.rf.e116be28151c3eb7e44881a007faa231.jpg,1
Tripoli_2022_V2_R2C1_3500_4000_9000_9500_jpg.rf.5ff948a0052b638061e1a69e8fed59b5.jpg,1
Tripoli_2022_V2_R1C3_15500_16000_12000_12500_jpg.rf.7ca51852455f7ba8a1137e52b9a87394.jpg,1
tyrol-w5-94-_png_jpg.rf.c0a3d57f3bff633c2b63320e69ea8c51.jpg,0
tyrol-w5-97-_png_jpg.rf.897d36eff7fc9430f4d063f0833c9956.jpg,0
tyrol-w5-99-_png_jpg.rf.e1ccbda8d6b9264025cf263ea1b4e202.jpg,0
austin17-34-_png_jpg.rf.f13f9f63d817de2137d34b7a016e497b.jpg,1
Mykolaiv_2022_A_1_R2C3_9500_10000_2500_3000_jpg.rf.a8159a94a97829011c064c0f66ade682.jpg,1
Tripoli_2022_V2_R2C1_5000_5500_4000_4500_jpg.rf.198dab78c71386d7ee45850a04b0b72e.jpg,1
Tripoli_2022_V2_R2C1_4500_5000_5000_5500_jpg.rf.53ea47b1f1a76b8bd4c91c6c9051897c.jpg,1
Tripoli_2022_V2_R2C1_6000_6500_3000_3500_jpg.rf.d0aaf8a1e0b918292b86b04660eb858b.jpg,1
Mykolaiv_2022_A_1_R2C4_0_500_2500_3000_jpg.rf.645d2fc4bd2ab534f1c1bbfe9e6c7268.jpg,1
Tripoli_2022_V2_R2C1_4000_4500_7500_8000_jpg.rf.0fe928c41c3bd44434edad40a061f967.jpg,1
tyrol-w6-1-_png_jpg.rf.3170bcf2d579a2e767365f412de1c028.jpg,1
tyrol-w25-33-_png_jpg.rf.6e29e732fe1610cdd1fcb80c56277f08.jpg,1
tyrol-w25-34-_png_jpg.rf.d19de67bd9d458d3afc93ad3a32b696c.jpg,1
tyrol-w25-32-_png_jpg.rf.f1b31c4a297793dd1224ef335bb95bff.jpg,1
Tripoli_2022_V2_R2C2_10500_11000_10000_10500_jpg.rf.499ad8b0a9ab752d987fa9be5a040e3d.jpg,1
tyrol-w6-100-_png_jpg.rf.458c3b9f69b33263703879bcfbfdff45.jpg,1
Mykolaiv_2022_A_1_R2C3_9000_9500_4500_5000_jpg.rf.d068d9ed1090c4b0d5cef2237239b1a2.jpg,1
tyrol-w9-62-_png_jpg.rf.1ef752611dd9bdf4dbf8e9335390206c.jpg,0
Tripoli_2022_V2_R2C1_4500_5000_5500_6000_jpg.rf.623ef1dd45db036a99ebb54e31fdd5d0.jpg,1
Tripoli_2022_V2_R2C1_8000_8500_9000_9500_jpg.rf.e1aed7ab4b37a322b01370f9ef434464.jpg,1
Mykolaiv_2022_A_1_R2C4_0_500_6500_7000_jpg.rf.32c7bbad4d8de82311edb9bab1f02002.jpg,1
tyrol-w25-35-_png_jpg.rf.588f4c6e9aec8a1ff1a34bf1c0e697df.jpg,1
Mykolaiv_2022_A_1_R2C4_0_500_3500_4000_jpg.rf.dbd17d2d6eba92b107f6b3997c27ff60.jpg,1
tyrol-w9-61-_png_jpg.rf.13845df05e4acfc93feb4223aed01a77.jpg,1
Mykolaiv_2022_A_1_R2C4_13000_13500_10500_11000_jpg.rf.d77aa51ce6d1b2f1bf479f61c5d18a47.jpg,1
Donetsk_2022_R1C9_4000_4500_9000_9500_jpg.rf.28a7770dc61106c99a4e9945262dab69.jpg,1
Donetsk_2022_R2C10_8500_9000_1000_1500_jpg.rf.9d349c68eece82d8dbae63357d2404d4.jpg,1
Donetsk_2022_R2C10_16000_16500_6500_7000_jpg.rf.b2812c3773f0f2010ad93eda081135fd.jpg,1
tyrol-w25-36-_png_jpg.rf.3726abe8fde0864af3f4c3a6021e5f5e.jpg,1
Mykolaiv_2022_A_1_R2C4_0_500_8500_9000_jpg.rf.b5c85f27a2590042c12625efb7bbedcc.jpg,1
tyrol-w25-46-_png_jpg.rf.b0afa6d6681574230d3270f059a8f6e2.jpg,1
Tripoli_2022_V2_R2C1_8000_8500_8500_9000_jpg.rf.8395ccaf2fb34796b6594dd3448d0aec.jpg,1
Donetsk_2022_R2C10_16000_16500_9500_10000_jpg.rf.0e3edb92d5cebb766babfc1b77b3b8f3.jpg,1
tyrol-w9-69-_png_jpg.rf.1bca3d1fc1e70826d498211495ad8b69.jpg,1
Donetsk_2022_R1C9_5000_5500_12000_12500_jpg.rf.4181957fdc3ced89cb607338be3624f5.jpg,1
tyrol-w9-63-_png_jpg.rf.66dd9caac655c4bd064be8dccc24172d.jpg,0
Donetsk_2022_R2C10_12000_12500_6500_7000_jpg.rf.76a6421f72a25ad215fcb883cdb092e9.jpg,1
Mykolaiv_2022_A_1_R2C4_13000_13500_14500_15000_jpg.rf.1f8e11c2734c1044190cbd8aeb4c044a.jpg,1
Mykolaiv_2022_A_1_R2C4_14500_15000_12000_12500_jpg.rf.bc4a4716c1ef86423b6a710946f5d09d.jpg,1
Mykolaiv_2022_A_1_R2C4_13000_13500_1500_2000_jpg.rf.6e26dbf1d70e42db695a94eb2d03f7b7.jpg,1
Mykolaiv_2022_A_1_R2C4_13000_13500_13000_13500_jpg.rf.9d6b82f8746153fd8f8a1a33a802b3e7.jpg,1
Donetsk_2022_R2C10_15000_15500_5000_5500_jpg.rf.a0058e319e4fbdc12262d6dd81dd46c6.jpg,1
Mykolaiv_2022_A_1_R2C4_12000_12500_8000_8500_jpg.rf.3f896830a6338c67466155bd93c8fde9.jpg,1
Donetsk_2022_R2C10_9500_10000_2000_2500_jpg.rf.1f0e8fd6d25ec53ed25538f63af36616.jpg,1
Mykolaiv_2022_A_1_R2C4_13000_13500_3000_3500_jpg.rf.1a658b24154cdc4d44b4c41b73ef84ce.jpg,1
Mykolaiv_2022_A_1_R2C4_10000_10500_15000_15500_jpg.rf.28de9ac95ab77dae1caea810171203cc.jpg,1
tyrol-w25-4-_png_jpg.rf.28ee24a42253aad825d79398a6c14d44.jpg,0
Donetsk_2022_R2C10_9500_10000_8000_8500_jpg.rf.3ee901110c6c3bd11d11b4ac1fb7bc1e.jpg,1
tyrol-w25-43-_png_jpg.rf.738eefee666ac5f35b1a9e7e20252010.jpg,1
Donetsk_2022_R2C10_15500_16000_5000_5500_jpg.rf.25e1165994e64afb10b3f74a64f7de85.jpg,1
Donetsk_2022_R2C10_16000_16500_1500_2000_jpg.rf.69fbe2117153c90bfa5ba2479953a04a.jpg,1
Donetsk_2022_R2C10_15500_16000_1000_1500_jpg.rf.9429ea0bd750ee83ed391692120a349c.jpg,1
tyrol-w9-66-_png_jpg.rf.c3de55d8be495c1520a7f10c88b175b9.jpg,1
Mykolaiv_2022_A_1_R2C4_1000_1500_3500_4000_jpg.rf.0e31abee6cc6f4e99026e46efdf0a41d.jpg,1
tyrol-w9-71-_png_jpg.rf.63d976564f878efc3dbfa770d099b008.jpg,1
Mykolaiv_2022_A_1_R2C4_1000_1500_4500_5000_jpg.rf.ce4203d54a87b0abfe41bafc13a87ad1.jpg,1
tyrol-w9-86-_png_jpg.rf.0d1433ec7410ae2268cd593bbad3f89b.jpg,1
Donetsk_2022_R2C11_14500_15000_3000_3500_jpg.rf.353ece0c811ad4067c6377f7f5275a2e.jpg,1
Mykolaiv_2022_A_1_R2C4_14000_14500_6000_6500_jpg.rf.58dde5326c32c0995a7247c58d7e246d.jpg,1
Mykolaiv_2022_A_1_R2C4_13500_14000_4000_4500_jpg.rf.ef7066bb8b0b94892f087654f050d4b9.jpg,1
tyrol-w25-48-_png_jpg.rf.9b9530b73cc00ef0fcc56a57089e0a70.jpg,0
tyrol-w25-50-_png_jpg.rf.ffd1d4b03133b46a216d5367615ee93a.jpg,1
Donetsk_2022_R2C10_15500_16000_8000_8500_jpg.rf.939cde974c7d6ffd0cff15beaba787ec.jpg,1
Donetsk_2022_R2C10_9000_9500_3000_3500_jpg.rf.5cb7a88910e68a81c298f84438d06dfc.jpg,1
Mykolaiv_2022_A_1_R2C4_14500_15000_5500_6000_jpg.rf.7a8841492d5528c26e35bc018565116a.jpg,1
tyrol-w9-74-_png_jpg.rf.5e48e842bee926aa7b961924857d474a.jpg,1
Donetsk_2022_R2C8_11000_11500_10000_10500_jpg.rf.d465ba7d50e152416970c95cabfb476e.jpg,1
Mykolaiv_2022_A_1_R2C4_13000_13500_9500_10000_jpg.rf.28cd9735cf79a6f2157ad3efa56db9db.jpg,1
Mykolaiv_2022_A_1_R2C4_13500_14000_9000_9500_jpg.rf.cb509d11044be1bea07b7788f06fa8a8.jpg,1
tyrol-w9-73-_png_jpg.rf.634b03ce20e45cb90a813e63d26a1a36.jpg,0
tyrol-w9-54-_png_jpg.rf.04d8c0c0936e19c48a5e460279209bf9.jpg,0
tyrol-w9-67-_png_jpg.rf.5f38d961528b455850b2b412b7013ecd.jpg,1
Donetsk_2022_R2C10_9000_9500_8000_8500_jpg.rf.464f15dcb6209639d2f9b9a174618a0d.jpg,1
tyrol-w25-57-_png_jpg.rf.6da74dfff926829134ae5868ec11ddf5.jpg,1
tyrol-w25-5-_png_jpg.rf.15091a82069238c9628925a44b93623a.jpg,1
tyrol-w25-6-_png_jpg.rf.441173dc646444eae9b068a0a33c4e36.jpg,0
Mykolaiv_2022_A_1_R2C4_14500_15000_7000_7500_jpg.rf.46b873ef33ce35505409b48165b79903.jpg,1
tyrol-w25-61-_png_jpg.rf.ec48da71ee70a6965a2a042d1d1215c8.jpg,1
tyrol-w25-51-_png_jpg.rf.fb62980093820c86ae7ae19aa8019f6c.jpg,1
Donetsk_2022_R3C11_9500_10000_15500_16000_jpg.rf.4054657a4636f4ba3d64a708db3d95ad.jpg,1
tyrol-w9-65-_png_jpg.rf.fd430fa665c789420b09c5bc18965c68.jpg,1
Donetsk_2022_R2C8_12500_13000_1000_1500_jpg.rf.bf2aa1766579a778587bdc62d51522d3.jpg,1
tyrol-w9-92-_png_jpg.rf.96a4ab57cc1c8a7d6f088bcdebbaacf8.jpg,0
Donetsk_2022_R3C12_2000_2500_1000_1500_jpg.rf.62def1f386e7823ac29752a0a2128471.jpg,1
tyrol-w25-56-_png_jpg.rf.d1d529402fc0c11dd325d4a4f6e7e695.jpg,1
Mykolaiv_2022_A_1_R2C4_13500_14000_0_500_jpg.rf.e08cca56566f7599d428c71bf524b93c.jpg,1
Donetsk_2022_R2C8_1000_1500_2000_2500-Copy_jpg.rf.8389b17da136b7eddba1f9448ced0c49.jpg,1
tyrol-w9-72-_png_jpg.rf.ef8ce9cf0fdb3f0688e3efeb07318198.jpg,0
Mykolaiv_2022_A_1_R2C4_15000_15500_12500_13000_jpg.rf.2702a0ad830eac33b2e88de2bdb57d78.jpg,1
tyrol-w25-63-_png_jpg.rf.e7fb3a71b291bc0e83f01da98e09f14e.jpg,1
austin17-83-_png_jpg.rf.77c0c5ff16ed4f90e78f786b0c9ab09e.jpg,1
austin17-86-_png_jpg.rf.d4f220a5c22385965d8533a20077e9c9.jpg,1
Donetsk_2022_R2C8_13500_14000_6500_7000_jpg.rf.066a2a5c47be7e32004e9a2682ea3fad.jpg,1
Donetsk_2022_R2C8_14500_15000_7000_7500_jpg.rf.d71c049be917ec636ad1f8126ecdd42d.jpg,1
tyrol-w9-90-_png_jpg.rf.da8a5a4cd36e8fe9e8ef0354fdf41f2c.jpg,0
Mykolaiv_2022_A_1_R2C4_15000_15500_13500_14000_jpg.rf.8d3b4ae7d1d22ed44e8487d40802161f.jpg,1
tyrol-w9-9-_png_jpg.rf.24e0a7871b3ffd818748ab88c5b6c22d.jpg,1
tyrol-w9-89-_png_jpg.rf.85144e52f6905d17207adbf738c9529d.jpg,0
Donetsk_2022_R3C5_7000_7500_13000_13500_jpg.rf.62c57d406717d1e840a6c16174e13a76.jpg,1
austin17-85-_png_jpg.rf.7de9c782ed51de33d18e5bcecc141dd5.jpg,1
austin17-93-_png_jpg.rf.cd51ad033845bff37e995e7e051136d3.jpg,1
Donetsk_2022_R3C5_7000_7500_13500_14000_jpg.rf.d9c9b9c0f288ad0a553dc32c677ff000.jpg,1
Donetsk_2022_R2C8_1000_1500_11000_11500-Copy_jpg.rf.80b0207956ae61b9fef937c434af4cb8.jpg,1
Donetsk_2022_R1C8_10500_11000_9500_10000_jpg.rf.11c91ce7cd37659b24c305c7118cd5e5.jpg,1
Donetsk_2022_R1C8_11000_11500_3500_4000_jpg.rf.1925f880f707c2229d93d4354530a61e.jpg,1
tyrol-w9-55-_png_jpg.rf.6b6dbae642fb6abc2a61e8643c6292f0.jpg,0
Mykolaiv_2022_A_1_R2C4_15000_15500_13000_13500_jpg.rf.883bd8a386e14fe17233a7027b62c718.jpg,1
tyrol-w9-78-_png_jpg.rf.fc78acfb09b00854a9905cfe68d81eed.jpg,1
austin17-84-_png_jpg.rf.e1c8fde2cc7bcd1fdcb568549c362024.jpg,1
tyrol-w9-87-_png_jpg.rf.0e3846b3b4afef3269e8868016643e17.jpg,1
Donetsk_2022_R2C8_14500_15000_10500_11000_jpg.rf.979303c8aa7d25d2dd35826c1c7482d5.jpg,1
tyrol-w9-75-_png_jpg.rf.b801c7346141bbff27782a8c5bd54c00.jpg,1
Mykolaiv_2022_A_1_R2C4_14500_15000_6000_6500_jpg.rf.e6f0da1b28686e333cf5ee0bcbd32ee9.jpg,1
austin18-100-_png_jpg.rf.74217d7e9ee971f3a2c1267a12960bdc.jpg,1
Donetsk_2022_R2C12_1500_2000_1500_2000_jpg.rf.7fa20a21ba9200e2db267111df251bde.jpg,1
Donetsk_2022_R3C10_500_1000_5500_6000_jpg.rf.7d6ac98a9bdddaa5d2fada04dbc8e670.jpg,1
Donetsk_2022_R2C7_3000_3500_11000_11500_jpg.rf.dbd93934cceb7a8bb1ec5edb1701d6f8.jpg,1
tyrol-w9-82-_png_jpg.rf.38d4414661d37331cb820a8a049b7295.jpg,0
Donetsk_2022_R3C10_5500_6000_9000_9500_jpg.rf.bfa683433a0e27b1d9eebbb333885fd2.jpg,1
Donetsk_2022_R3C5_8500_9000_11500_12000_jpg.rf.9dfb315442054802022a4720a41bc07d.jpg,1
Donetsk_2022_R3C5_8500_9000_12500_13000_jpg.rf.a91a4f973068f2b7fb17e0552c363856.jpg,1
Donetsk_2022_R2C7_3000_3500_16000_16500_jpg.rf.7402020d463853a34a6b9c20f3e7d601.jpg,1
Donetsk_2022_R3C6_0_500_10000_10500_jpg.rf.0d98106c0d316efae1e2d1e63f46a2f1.jpg,1
Donetsk_2022_R3C5_8500_9000_11000_11500_jpg.rf.cd5cbf00e727ed183ee19639cd08038e.jpg,1
austin17-74-_png_jpg.rf.059cbae3ff1ab00ef7ce353d2726d826.jpg,1
Donetsk_2022_R2C7_3500_4000_13500_14000_jpg.rf.8b6912e64168d7c1004b3532a57e7e7b.jpg,1
Donetsk_2022_R1C8_9000_9500_8500_9000_jpg.rf.4fdcaf5842ac6e9b7c96f39d199006ff.jpg,1
austin18-15-_png_jpg.rf.c9dfb7343f1d17666f4ac5ae8f99f65c.jpg,1
austin17-96-_png_jpg.rf.38d2037d0422c44d17b94e277212d059.jpg,1
austin17-73-_png_jpg.rf.7e47dd40657daab08b237f41c09e271b.jpg,1
tyrol-w9-8-_png_jpg.rf.383fb081df0d8a70aad3c49ac23eebb0.jpg,1
tyrol-w9-98-_png_jpg.rf.a9600f2dc5e4833fb0add0ba413e1c55.jpg,0
Donetsk_2022_R3C10_500_1000_2000_2500_jpg.rf.fc1f80d3198cd1e51faea42cba469377.jpg,1
Donetsk_2022_R1C8_11500_12000_11000_11500_jpg.rf.73090e34fe1ad26ab3b48c69539a0a11.jpg,1
tyrol-w9-70-_png_jpg.rf.7c963056d669e93b02c4a3569c689372.jpg,1
tyrol-w9-59-_png_jpg.rf.7fe9e3685e400099025f6e0bf2ca0de6.jpg,1
Donetsk_2022_R2C9_13500_14000_15500_16000_jpg.rf.bdf17d25b0b9c18259ee6ae571abc4bb.jpg,1
tyrol-w9-6-_png_jpg.rf.c07997f6574980ed74d759fa98125aa5.jpg,1
Donetsk_2022_R3C10_500_1000_0_500_jpg.rf.cff3492f43928e034dfd99048969453a.jpg,1
tyrol-w9-60-_png_jpg.rf.d5b167ca1981612ba0ca1f57fd19f1fa.jpg,1
Donetsk_2022_R3C10_500_1000_1000_1500_jpg.rf.f50eef4079f2b259e4e5aa2f442bfb30.jpg,1
austin17-98-_png_jpg.rf.b024c5f18abe97bec8910436738a551a.jpg,1
Donetsk_2022_R2C8_6500_7000_4500_5000-Copy_jpg.rf.38fe0453bd61db854e6c3e17723b1d82.jpg,1
austin18-12-_png_jpg.rf.5314da2dce1bf215fbfe803a7a4bc35d.jpg,1
Donetsk_2022_R3C5_8000_8500_14000_14500_jpg.rf.bda5ad98fe5c6e59e1ac3fe990071f72.jpg,1
Donetsk_2022_R3C6_12500_13000_5000_5500_jpg.rf.636d6df460b324d1e6a46b241edfd9d9.jpg,1
Donetsk_2022_R3C6_12500_13000_6000_6500_jpg.rf.8af2bb22fa0fdea31b334d2b18938cba.jpg,1
Donetsk_2022_R3C6_0_500_10500_11000_jpg.rf.b0500c1d038b2b18f0c9a33dfb50200e.jpg,1
austin17-77-_png_jpg.rf.76cf68d77e7b0f680fea609b8fc033ad.jpg,1
austin18-1-_png_jpg.rf.4ffd28df5b6203d5067de9082286d415.jpg,1
Donetsk_2022_R3C5_8000_8500_13500_14000_jpg.rf.f415b7267084ae8e6c687d061bbf6741.jpg,1
Donetsk_2022_R3C6_13000_13500_7500_8000_jpg.rf.42da549338800ca2db8c2a987a6ef518.jpg,1
austin17-8-_png_jpg.rf.18932af90a4c0022af3b769bfd1c2ce4.jpg,1
Donetsk_2022_R3C12_7000_7500_0_500_jpg.rf.15e0128fd15ccd6f3a4e95e00b75ea90.jpg,1
Donetsk_2022_R3C10_8000_8500_13500_14000_jpg.rf.3181723a005f5646bfd3be313c1320b0.jpg,1
Donetsk_2022_R3C10_6500_7000_8500_9000_jpg.rf.d0d9bcec99bb767d3d9d7efd1047b5dc.jpg,1
austin17-79-_png_jpg.rf.d40b5c6ea867fa591082acafd3faa6aa.jpg,1
austin17-65-_png_jpg.rf.ba056d971e49fb5a7d6264c44e7a5823.jpg,1
austin16-14-_png_jpg.rf.42618696cc2b00e32cd79e7e6e1726b6.jpg,1
Donetsk_2022_R2C8_15500_16000_10500_11000_jpg.rf.527feee4d466a9dfedf06e3a59b2a3ac.jpg,1
tyrol-w9-93-_png_jpg.rf.673a84f89effbc925c6cbfb814b8c15a.jpg,1
austin17-68-_png_jpg.rf.b28b3fc17cd00a1881911717eab6aef8.jpg,1
Donetsk_2022_R3C10_500_1000_5000_5500_jpg.rf.2188d748bd29f1ac02610148f675fc82.jpg,1
austin17-66-_png_jpg.rf.a820cfa4615c1cb7184179f7cd9c4d3e.jpg,1
austin16-15-_png_jpg.rf.d985895d0d3538b2e4477fd12439605d.jpg,1
austin17-88-_png_jpg.rf.3b66a43bff46e388ef6871e5d10f2413.jpg,1
Donetsk_2022_R3C12_2000_2500_500_1000_jpg.rf.67d110d04e291a2ba831f4f9acbdbf8a.jpg,1
swiss_IMG_8717_JPG_jpg.rf.96af8a64ab6f8546f85ef7756bb446b6.jpg,1
Donetsk_2022_R2C8_15000_15500_5000_5500_jpg.rf.c262e085cf6836d875f759902d82a621.jpg,1
Donetsk_2022_R3C11_8000_8500_9500_10000_jpg.rf.f0703c255150d7deee6f5f0110ea4204.jpg,1
austin17-69-_png_jpg.rf.7fa8f8bf9b795af63c942fbb7eb8b4ce.jpg,1
Donetsk_2022_R2C9_13500_14000_2500_3000_jpg.rf.df755fce458fdcec7b2d69b6d1dc3d52.jpg,1
tyrol-w9-95-_png_jpg.rf.51c1c94e0ded97d9d8ae34ed86513ad5.jpg,1
Donetsk_2022_R3C11_8000_8500_9000_9500_jpg.rf.71674f191967793eace238104459d658.jpg,1
tyrol-w9-97-_png_jpg.rf.e6c3d0c816cb1a05cbfd37d25f070a6d.jpg,0
Donetsk_2022_R3C10_7000_7500_3500_4000_jpg.rf.eb2d9b68957da106b17f3b603c1b1051.jpg,1
austin17-7-_png_jpg.rf.24f8f8be22385d2fe59e73d00c861765.jpg,1
Donetsk_2022_R6C5_1000_1500_4000_4500_jpg.rf.4c3972b53caa1c5f970225466b38d305.jpg,1
austin17-67-_png_jpg.rf.d725629231f0015fdf865d0eab77565f.jpg,1
Donetsk_2022_R3C12_2000_2500_1500_2000_jpg.rf.4d0def6ed7d4a2dfc699a1b64a6ab8af.jpg,1
austin17-89-_png_jpg.rf.a5754ce758d23341683c6fb8c4e21cd5.jpg,1
Donetsk_2022_R3C5_10000_10500_11500_12000_jpg.rf.2f621e989c8dcb93437e515978257d6e.jpg,1
Donetsk_2022_R3C12_7000_7500_1500_2000_jpg.rf.92a18418c176a1efc1575499d64553a4.jpg,1
austin17-9-_png_jpg.rf.909a0dcd42cbab5bd1bd6805f24228e8.jpg,1
Donetsk_2022_R3C5_10000_10500_13000_13500_jpg.rf.e6161e13303d1cda7556e5bc8c7f77c6.jpg,1
Donetsk_2022_R3C5_10000_10500_6500_7000_jpg.rf.01a7609e2783070bbf55743e403d6af6.jpg,1
Donetsk_2022_R3C12_7000_7500_500_1000_jpg.rf.936af41122b31c2c22bb470f915de03b.jpg,1
austin17-92-_png_jpg.rf.d3d76451d256f0aa64849d8ffd216e74.jpg,1
austin17-91-_png_jpg.rf.d767ef8d02c7286b780d359b94e6c7fa.jpg,1
austin17-90-_png_jpg.rf.facb233432e4cc92d905d106d02a6145.jpg,1
austin17-82-_png_jpg.rf.7b33db6b9542fa20af1f19cdc74f6da7.jpg,1
Donetsk_2022_R3C5_10000_10500_7000_7500_jpg.rf.1c287e953e52f54210df06b1bd284008.jpg,1
tyrol-w6-20-_png_jpg.rf.92f27d09af9637b749fde1e74f4d88b1.jpg,0
Tripoli_2022_V2_R2C2_14000_14500_8000_8500_jpg.rf.21944208c3f1d3e2aa569637f819be68.jpg,1
Tripoli_2022_V2_R2C2_13000_13500_500_1000_jpg.rf.a1068a0fc45fe4bd6d4b9406b910b182.jpg,1
Tripoli_2022_V2_R2C2_13500_14000_15000_15500_jpg.rf.3258d8ad8167b53b0f3a04368979213f.jpg,1
Tripoli_2022_V2_R2C2_14500_15000_15000_15500_jpg.rf.80ec397354604e3b9b247678e9c82f8a.jpg,1
tyrol-w6-25-_png_jpg.rf.f6bc0e4572cc704f1dc6b11797076aca.jpg,1
tyrol-w6-2-_png_jpg.rf.cdd7adca34a0af50fc704d28ae507a3c.jpg,1
tyrol-w6-23-_png_jpg.rf.2a54d207f08040e8593ef12c4c41839a.jpg,1
Tripoli_2022_V2_R2C2_13500_14000_13500_14000_jpg.rf.34d1bf4e021e4bed8980066db89494a0.jpg,1
Tripoli_2022_V2_R2C2_15000_15500_4500_5000_jpg.rf.0d2e3c87ed8623718e5c395bb1aa0ca0.jpg,1
Tripoli_2022_V2_R2C2_16000_16500_5000_5500_jpg.rf.36e51281bc3ba45129fdc5a3d4cf96b3.jpg,1
Tripoli_2022_V2_R2C2_15000_15500_16000_16500_jpg.rf.40d25c41f6a20ca5947226858dcc7132.jpg,1
tyrol-w6-26-_png_jpg.rf.7fc1c51d5a808184230329e06377a85d.jpg,0
Tripoli_2022_V2_R2C2_5500_6000_5000_5500_jpg.rf.72a53f17ebdeb223de049d226d1bf7e5.jpg,1
Tripoli_2022_V2_R2C2_6000_6500_15500_16000_jpg.rf.4316091b3ac18175867a0f2ec82b6c4f.jpg,1
Tripoli_2022_V2_R2C2_6000_6500_15000_15500_jpg.rf.b977ed608682bb8e83a5ecff6faa52a3.jpg,1
tyrol-w6-21-_png_jpg.rf.47aed5a7be2c8de7f064651f67ce1ada.jpg,1
Tripoli_2022_V2_R2C2_13500_14000_14500_15000_jpg.rf.131dacfd791663fb80b8c009b1bf305f.jpg,1
tyrol-w6-34-_png_jpg.rf.1dd2bf23ee5d351fc797daf54f55cf8f.jpg,1
Tripoli_2022_V2_R2C2_6000_6500_14500_15000_jpg.rf.e4342cfb1b05457480bba7d8e0a6392f.jpg,1
Tripoli_2022_V2_R2C2_14000_14500_14500_15000_jpg.rf.a3b296c7cb1b20153d192792b2b3f60a.jpg,1
Tripoli_2022_V2_R2C2_7500_8000_2500_3000_jpg.rf.e7f4f9d3fbfa419061acf89e9683c38e.jpg,1
Tripoli_2022_V2_R2C2_7500_8000_5500_6000_jpg.rf.f20358c67ec4190e0d321735c075f38b.jpg,1
Tripoli_2022_V2_R2C2_11500_12000_10000_10500_jpg.rf.1cd862e641fb1057585334eb1bdcbb55.jpg,1
Tripoli_2022_V2_R2C2_6500_7000_6000_6500_jpg.rf.21e2639c340086795357e26eef971e94.jpg,1
tyrol-w6-15-_png_jpg.rf.3a4169beb35dbff7c6c7e8168662a3ea.jpg,1
tyrol-w6-4-_png_jpg.rf.612fc2af47e341f51bffdea37330bdd2.jpg,1
Tripoli_2022_V2_R2C2_7500_8000_6000_6500_jpg.rf.feac548101c242c94021f291d6898c43.jpg,1
tyrol-w6-33-_png_jpg.rf.aaf26a38c500b47f89668da2a9e2632f.jpg,1
Tripoli_2022_V2_R2C2_7000_7500_7500_8000_jpg.rf.fbe78f46c8a5b52d9c81db3c83ce29a9.jpg,1
tyrol-w6-5-_png_jpg.rf.77f99534309cabfb283754dac16d5267.jpg,1
Tripoli_2022_V2_R2C2_7000_7500_9000_9500_jpg.rf.04c3f6a23fc24c2afa6ef5ba4c7306c2.jpg,1
tyrol-w6-40-_png_jpg.rf.7b8a5ecd69540e84c395ab0661456a07.jpg,1
Tripoli_2022_V2_R2C2_11000_11500_9500_10000_jpg.rf.bd52190e617b0fd314259f53c070ca19.jpg,1
Tripoli_2022_V2_R2C2_16000_16500_5500_6000_jpg.rf.26712c32fe560accf142ee55d3875996.jpg,1
tyrol-w6-27-_png_jpg.rf.ccba3e1289d6efea1a41406b6ad5aa55.jpg,0
tyrol-w6-28-_png_jpg.rf.4bd04186f6ba1519265255c91bfa2b0e.jpg,1
Tripoli_2022_V2_R2C2_7000_7500_9500_10000_jpg.rf.db3b945901d0228ec5c3524acbef0957.jpg,1
Tripoli_2022_V2_R2C2_8500_9000_3500_4000_jpg.rf.619ab4bd98273f198303113e4c4fba1c.jpg,1
tyrol-w6-51-_png_jpg.rf.b96532ec845baa4f20ab6196a352ab45.jpg,1
Tripoli_2022_V2_R2C3_10000_10500_14000_14500_jpg.rf.e0320ec07a06c67b580ed5e00b7f4c5b.jpg,1
tyrol-w6-29-_png_jpg.rf.9ff6e3d721f6ce14696c48013f2f0795.jpg,1
tyrol-w6-41-_png_jpg.rf.71718523918d648a730f68549a506f0b.jpg,1
tyrol-w6-44-_png_jpg.rf.b09e192b64b6cf9cead4d833e872e48e.jpg,0
tyrol-w6-59-_png_jpg.rf.0663d237d6fbf26d51d63c515ebdcfbc.jpg,1
Tripoli_2022_V2_R2C2_5500_6000_15500_16000_jpg.rf.24d09ba605533c93749a421df70cd315.jpg,1
Tripoli_2022_V2_R2C2_5500_6000_16000_16500_jpg.rf.cc34294e3a8163abb175030ab398c4d1.jpg,1
tyrol-w6-53-_png_jpg.rf.60613c0462b03c87535bb65d0f5e4d65.jpg,1
Tripoli_2022_V2_R2C2_8500_9000_10500_11000_jpg.rf.4aeae526d11b4f4b9f191d54f4135399.jpg,1
tyrol-w6-35-_png_jpg.rf.4e0a3f6804cb7bece4f5e97eb4d89f91.jpg,1
Tripoli_2022_V2_R2C2_8000_8500_5000_5500_jpg.rf.823aed5c23dc7f1ea8121ca936fa66b8.jpg,1
tyrol-w6-6-_png_jpg.rf.bd5f54b738809590751aca8ad3cd5485.jpg,0
tyrol-w6-60-_png_jpg.rf.fe229202815d8d5f59a6c6fda93d022b.jpg,1
tyrol-w6-49-_png_jpg.rf.41db59f7718f94bc231eb6ba0e78ff59.jpg,1
Donetsk_2022_R4C4_13000_13500_8500_9000_jpg.rf.474be462d085a243d9f9493a09f210ec.jpg,1
Tripoli_2022_V2_R2C2_8500_9000_4500_5000_jpg.rf.76d12969eb4eaab95578f341ffb05c9d.jpg,1
Tripoli_2022_V2_R2C2_13000_13500_13500_14000_jpg.rf.8195ba6e9e11722278efcea9b3a141de.jpg,1
Tripoli_2022_V2_R2C2_8500_9000_3000_3500_jpg.rf.8498c5a4635149f765bf01c6221a5d99.jpg,1
Tripoli_2022_V2_R2C2_8500_9000_11500_12000_jpg.rf.aa306d53f0a90dce9addc192ca85f2b2.jpg,1
Tripoli_2022_V2_R2C2_9000_9500_3500_4000_jpg.rf.b54b59f1055f1a50dbd5e57052748690.jpg,1
Tripoli_2022_V2_R2C2_9000_9500_7500_8000_jpg.rf.bd93bb0e80a763ab0504f7d76bf71a47.jpg,1
tyrol-w6-32-_png_jpg.rf.5e2183b1ba8404800de49e98bb0a756a.jpg,1
Donetsk_2022_R4C11_500_1000_3500_4000_jpg.rf.9b217351736fa4d5bce0d2441ada3cf9.jpg,1
tyrol-w6-58-_png_jpg.rf.286ed03a657d480643aa19aa03eeef17.jpg,1
Tripoli_2022_V2_R2C3_1000_1500_12000_12500_jpg.rf.820a535ab6c6979ac3f15f6931f77e8c.jpg,1
Tripoli_2022_V2_R2C3_1000_1500_11500_12000_jpg.rf.89babefcdde3d1dcadc4b4c41c3acda4.jpg,1
Tripoli_2022_V2_R2C3_1000_1500_16000_16500_jpg.rf.b6e16af2a3fc60bf5d3e2b9b74005572.jpg,1
Tripoli_2022_V2_R2C2_3500_4000_15500_16000_jpg.rf.d97bb78eb1b0e298d4d2b216881be68e.jpg,1
Tripoli_2022_V2_R2C3_11500_12000_16000_16500_jpg.rf.26b7a6cf0801a02697304a5ef1de283a.jpg,1
tyrol-w6-42-_png_jpg.rf.5cc59bfb8a25d18405e8bef1dc46fd7c.jpg,0
austin17-47-_png_jpg.rf.e715bfec1a6f5e84be5f423831e3b794.jpg,1
Tripoli_2022_V2_R2C3_11500_12000_15500_16000_jpg.rf.15085c63b2bcc24ab48849295a0f3965.jpg,1
Tripoli_2022_V2_R2C3_1000_1500_12500_13000_jpg.rf.3a164309f9ec5c76d3a31957d4391f2f.jpg,1
tyrol-w6-56-_png_jpg.rf.756e282a96910e67bd129891184c6b87.jpg,1
Donetsk_2022_R4C4_14000_14500_11000_11500_jpg.rf.997c24c8000f1d9b2fb9c68b0756994a.jpg,1
Donetsk_2022_R4C11_0_500_4500_5000_jpg.rf.8617d778f177a36e8ab3d2785ba02a1a.jpg,1
Donetsk_2022_R4C10_7000_7500_4500_5000_jpg.rf.b109ae199e9e694a289680d4edc567ca.jpg,1
austin17-42-_png_jpg.rf.08ca4348c36098d45aa0beb61529d082.jpg,1
austin17-59-_png_jpg.rf.cea520cc42f831b1fbef6060fd7ecb35.jpg,1
austin17-40-_png_jpg.rf.3138b26879cbeb023073d026cbdd32af.jpg,1
Donetsk_2022_R3C10_500_1000_3000_3500_jpg.rf.d4ff57a541c1693461b6ab8efa1e5529.jpg,1
Donetsk_2022_R4C5_3000_3500_10500_11000_jpg.rf.1fe61db4387dce0d20c363415b7ac106.jpg,1
austin17-13-_png_jpg.rf.02c45360faac602aa8f03af3ea5754de.jpg,0
Donetsk_2022_R4C4_14000_14500_10500_11000_jpg.rf.08b6513f0879d60f86f57cfa5864a71d.jpg,1
austin17-60-_png_jpg.rf.b685af7719fbddb9065f29dfd0fed370.jpg,1
austin16-2-_png_jpg.rf.f622f47a48721ccf3e1298f4c09d3cd0.jpg,1
Donetsk_2022_R3C9_0_500_16000_16500_jpg.rf.7ff70adfc2923cd93815c7cb525a4d86.jpg,1
austin18-82-_png_jpg.rf.b369c27a3ba2cc6688db080cd6ed2b19.jpg,1
Donetsk_2022_R5C8_12500_13000_3000_3500-Copy_jpg.rf.aa0c9de1ef422f714460691f65001492.jpg,1
Donetsk_2022_R3C9_1000_1500_15000_15500_jpg.rf.823b58a90d4b8b93f6d7d52b086c4264.jpg,1
austin19-28-_png_jpg.rf.07dd446de1cb08cb3b56afc9cd58d216.jpg,1
Tripoli_2022_V2_R2C3_13500_14000_14500_15000_jpg.rf.5ac71b2ae31fcb4c07cf13aaace6850a.jpg,1
Donetsk_2022_R2C9_16000_16500_15500_16000_jpg.rf.7d4f8430e2f2d96cda6409cd0ffbb8b0.jpg,1
austin16-68-_png_jpg.rf.ed6ceae2207429b18fecb9ac17f53333.jpg,0
Donetsk_2022_R3C9_10000_10500_5000_5500_jpg.rf.7d00779d207f91ac227f687fb2d9ba51.jpg,1
austin17-10-_png_jpg.rf.d88c178dc207e42f91e281549f851bb8.jpg,1
Donetsk_2022_R3C9_0_500_15000_15500_jpg.rf.ee4a4e2f53ef1bbda77a6e7a49b4bceb.jpg,1
austin16-29-_png_jpg.rf.76306392cd62db8c6540bf07b406e422.jpg,1
Donetsk_2022_R2C9_13500_14000_4000_4500_jpg.rf.8d351cc6b751a98c062c64f1832b78be.jpg,1
Donetsk_2022_R5C9_13500_14000_4500_5000_jpg.rf.6c0ca75062c8511f1ce67b1e24d27e73.jpg,1
austin18-83-_png_jpg.rf.785ad43067fdf101c697c2beb8cd6ab5.jpg,1
Donetsk_2022_R3C11_8500_9000_9500_10000_jpg.rf.0ddaf20a046af84b0e95492951457080.jpg,1
Donetsk_2022_R6C2_3000_3500_12000_12500_jpg.rf.d038824839fd20d62b754c6cb1ab86be.jpg,1
Donetsk_2022_R3C10_500_1000_2500_3000_jpg.rf.355c8e701ccf60727702d5141c8eafbf.jpg,1
austin16-26-_png_jpg.rf.94e4bb285c3ab3a1cd4f099e31e2eca9.jpg,1
Donetsk_2022_R3C11_9500_10000_1000_1500_jpg.rf.1fc8cbf8441aba041dc517f7186020a4.jpg,1
Donetsk_2022_R3C10_500_1000_6000_6500_jpg.rf.5d9f6f79d3204031298baa625d307b23.jpg,1
Donetsk_2022_R3C11_12000_12500_6000_6500_jpg.rf.da67a556b0eb593bf610eb46ec2f0c0d.jpg,1
Donetsk_2022_R3C9_10500_11000_13500_14000_jpg.rf.f7e41ea2ec89383255e1196711f0c629.jpg,1
austin17-15-_png_jpg.rf.492272121e40ba32c0361a2117adb970.jpg,1
Donetsk_2022_R5C9_13000_13500_500_1000_jpg.rf.9f8e7e8c29af618226d0086168bc1175.jpg,1
austin18-47-_png_jpg.rf.07dfecdbc6fd6a3e45c43975ce380842.jpg,1
Donetsk_2022_R3C5_8500_9000_12000_12500_jpg.rf.302c0e66afa39f60daf6aeabb02844c9.jpg,1
Donetsk_2022_R5C7_2000_2500_2500_3000_jpg.rf.e9af73bae5befdf16e2e76a89ea25efc.jpg,1
Donetsk_2022_R5C3_3500_4000_14000_14500_jpg.rf.2e3a607db957b9ae06ef9d5bc41736a8.jpg,1
Donetsk_2022_R5C3_3500_4000_13500_14000_jpg.rf.914545da08875d177252e0dc8d68b889.jpg,1
tyrol-w6-69-_png_jpg.rf.f8eb8674a87f6ffb269cb93171f6255b.jpg,1
austin17-18-_png_jpg.rf.76118fda49a440eb0afb7675e48a8c4f.jpg,1
Donetsk_2022_R5C9_1500_2000_7000_7500_jpg.rf.3e58ec72c45c68c47ed3cb104657ba02.jpg,1
Tripoli_2022_V2_R2C3_2000_2500_6500_7000_jpg.rf.5f1cbbb2d5b44d9ad3d43d7fbe8a3218.jpg,1
austin18-84-_png_jpg.rf.d0f2c40d4b6872b0fe7240ac70d3e942.jpg,1
Tripoli_2022_V2_R3C5_1000_1500_15500_16000_jpg.rf.e74a3ae3e19029def7f81d323a6b219f.jpg,1
austin16-75-_png_jpg.rf.035f15ac0853df294645894d0b1180bc.jpg,1
Tripoli_2022_V2_R2C3_1500_2000_14500_15000_jpg.rf.16fce1f52bdf4359a3f39250f8d8a366.jpg,1
austin17-78-_png_jpg.rf.338f719b432b68ed307edcf193f177ea.jpg,1
austin17-76-_png_jpg.rf.c310e884e39f0aaac5f860e3ccfd5c51.jpg,1
Donetsk_2022_R3C9_500_1000_16000_16500_jpg.rf.8dc20b30174fec860a14cf5dc826ef8c.jpg,1
Donetsk_2022_R5C7_11500_12000_10500_11000_jpg.rf.5b56b71b7842b1df09ade8beaec1fa77.jpg,1
tyrol-w6-7-_png_jpg.rf.4c680bb2179b131f1a61597beacced81.jpg,0
Donetsk_2022_R5C6_11000_11500_15000_15500_jpg.rf.5dccef5c83dbf56abe364762c1b034b4.jpg,1
Donetsk_2022_R3C6_2000_2500_9000_9500_jpg.rf.14173bf080591b17a31848ff09a232a5.jpg,1
austin18-61-_png_jpg.rf.220caab2f50823aeecc5da8366d281cc.jpg,1
Donetsk_2022_R5C7_14000_14500_4500_5000_jpg.rf.dfce09301032032eb1f602e57fc6c4dd.jpg,1
austin16-87-_png_jpg.rf.ebe4959056eeeea131d56a5386ff2fc4.jpg,1
Donetsk_2022_R5C4_1000_1500_14000_14500_jpg.rf.04780602a9bdaf2e209a3a5b88ced880.jpg,1
swiss_IMG_8761_JPG_jpg.rf.aee9a7a102e89ea104d9d3c35601604c.jpg,1
tyrol-w8-27-_png_jpg.rf.f0f8f8ee6c5dd359d3a1c32314be5cc5.jpg,0
Donetsk_2022_R5C4_2500_3000_12500_13000_jpg.rf.8142f85df6685774c9c92442772e3a1a.jpg,1
tyrol-w6-75-_png_jpg.rf.ca7ff4be371ec7fb34f9b4856378ed40.jpg,1
Donetsk_2022_R5C4_12000_12500_14000_14500_jpg.rf.3237536dc96ae2cb1b1e85b096d3e590.jpg,1
Donetsk_2022_R6C4_1500_2000_500_1000-Copy_jpg.rf.acb1d6065d06dbb98773f9cdebadcfc1.jpg,1
tyrol-w6-77-_png_jpg.rf.bfe540bc895085727459fd910c703071.jpg,1
austin16-91-_png_jpg.rf.25e1e5b5db0be31de3067dda762bb413.jpg,1
Donetsk_2022_R3C6_7500_8000_10500_11000_jpg.rf.bf58d1692b835323c67f44d532d94b62.jpg,1
austin16-96-_png_jpg.rf.d124ad9b20d1b309ffc46f2d2edd6ede.jpg,1
austin18-72-_png_jpg.rf.eededa790a491d89e53ed7c54cd50d67.jpg,1
Donetsk_2022_R6C4_2000_2500_500_1000-Copy_jpg.rf.b72e706fbb7bfa1717fae66970e91d0c.jpg,1
austin17-97-_png_jpg.rf.4ec5c884495d97864cfde45dd2cdcb50.jpg,1
tyrol-w6-78-_png_jpg.rf.b59c9952eacf30c5d2c171a43f9f97dc.jpg,1
austin16-99-_png_jpg.rf.293b34b552c26d4d97be8a949624c5b5.jpg,1
Donetsk_2022_R5C7_3500_4000_1500_2000_jpg.rf.76de83ea621168b410f188eee63c5dae.jpg,1
Tripoli_2022_V2_R2C3_1500_2000_8000_8500_jpg.rf.3a253c8c5a1eb018c61ded1dd5c1d697.jpg,1
Donetsk_2022_R6C4_13000_13500_11000_11500_jpg.rf.4e567e869e6d702799b3c957d629de74.jpg,1
Tripoli_2022_V2_R2C3_2000_2500_6000_6500_jpg.rf.8a6b504d2a1ba4eaa072728edd4a8c5a.jpg,1
austin19-57-_png_jpg.rf.dc84a54f3fd215b06a765e38cb55d97b.jpg,1
Donetsk_2022_R6C3_500_1000_9000_9500_jpg.rf.0d4fe35abcd30a8dd6b6f2eb8e6c5c2d.jpg,1
austin19-100-_png_jpg.rf.3422a96010732b9baae55ea0458821b4.jpg,0
tyrol-w6-64-_png_jpg.rf.35854b74fef218d07cc5a0605778a7ff.jpg,0
Tripoli_2022_V2_R2C3_12500_13000_2000_2500_jpg.rf.49c84f077e4b3a2220be961697239eff.jpg,1
tyrol-w6-63-_png_jpg.rf.84e372993be3ea92be7bb34ae0b35e14.jpg,1
Donetsk_2022_R6C3_2000_2500_14000_14500_jpg.rf.aa479d7948423f562cfcfff88bbb9be9.jpg,1
Tripoli_2022_V2_R2C3_2000_2500_4500_5000_jpg.rf.0830c737727ff4c64f6cd093b5c2c0df.jpg,1
tyrol-w6-76-_png_jpg.rf.251243d4760fe2154ced85675f86f27b.jpg,1
austin18-75-_png_jpg.rf.e46bb70c878e8c475c3cbef02d7364ba.jpg,1
austin19-30-_png_jpg.rf.5f76fce90ebb395c8acb646ea3227a9b.jpg,1
Donetsk_2022_R6C6_1500_2000_4000_4500-Copy_jpg.rf.22a577f64ed753db8d960c8e288e4937.jpg,1
Donetsk_2022_R6C6_0_500_16000_16500-Copy_jpg.rf.85d6457de04cb701769fe13a9aa37df1.jpg,1
Donetsk_2022_R6C3_1500_2000_16000_16500_jpg.rf.6e10daf5e0bbf9c8639364d25c99e181.jpg,1
Donetsk_2022_R3C6_7500_8000_11000_11500_jpg.rf.b2ead183c1b4bf144b3238f983b5acc6.jpg,1
swiss_IMG_8763_JPG_jpg.rf.a22850017d6a67cb964f2f17b9330e23.jpg,1
Donetsk_2022_R5C4_3000_3500_11000_11500_jpg.rf.06e706456cec172bd26090200b4bbaf1.jpg,1
austin18-13-_png_jpg.rf.b547ed9d07e68eb8c92d4637517cb942.jpg,1
tyrol-w8-24-_png_jpg.rf.68e0ef2a2b54c6fb56a041a0be2d7545.jpg,0
Donetsk_2022_R6C6_3500_4000_10000_10500-Copy_jpg.rf.1af07b6ca2e516807f281388ec62b550.jpg,1
Donetsk_2022_R6C6_4500_5000_11500_12000-Copy_jpg.rf.3838ca59852ee3f88bf7d9d030090a01.jpg,1
Donetsk_2022_R6C3_15000_15500_2500_3000_jpg.rf.01eb6064ac5d7ccc58db8d8556cc7d5e.jpg,1
austin19-13-_png_jpg.rf.c2f5443b922ef77584320d50f1aa0e54.jpg,1
tyrol-w6-65-_png_jpg.rf.cab0efdad4ac011c814cb8fbf276c8f3.jpg,0
austin19-32-_png_jpg.rf.402a09483ccc3e6bda83578b59c99592.jpg,1
tyrol-w8-25-_png_jpg.rf.9dd8ed8d32a4bc054cfb13b89f63d112.jpg,0
Tripoli_2022_V2_R3C5_0_500_12000_12500_jpg.rf.13bdf1fda847bc3f5d130ef48205d009.jpg,1
austin19-52-_png_jpg.rf.6e620979e223c71ab44f3895c9f4ec0d.jpg,1
Donetsk_2022_R6C4_13000_13500_11500_12000_jpg.rf.f03b206750b05f2c3fd9f918d29746c5.jpg,1
Donetsk_2022_R6C3_13500_14000_6500_7000_jpg.rf.82572f98db6e7327cc89608589828145.jpg,1
austin19-1-_png_jpg.rf.3e18c0046ae0f73803d8de238443ead2.jpg,1
austin17-21-_png_jpg.rf.552c96dad3118a5df194ddde4d77b228.jpg,1
austin19-10-_png_jpg.rf.db6aebfc3fb717bd9c2e89946e12425b.jpg,1
austin17-37-_png_jpg.rf.7f3bcd50cc9c346e690f9038db6a867a.jpg,1
Tripoli_2022_V2_R2C3_4000_4500_9500_10000_jpg.rf.5d13c8796c8ac1e673674e1dcb491254.jpg,1
tyrol-w6-84-_png_jpg.rf.81f69cb7249a4a7832046ce88f4ccee5.jpg,0
austin19-46-_png_jpg.rf.234e703718fbd633f21d0d4b0b4d9773.jpg,1
Donetsk_2022_R6C4_1000_1500_1000_1500-Copy_jpg.rf.959ccb6fc8b9607b4126bb7985dd2b95.jpg,1
Donetsk_2022_R6C4_4000_4500_4000_4500-Copy_jpg.rf.cff2054e33301685794bcf4bad2dc46a.jpg,1
Donetsk_2022_R6C5_1500_2000_2500_3000_jpg.rf.f48e49d5ee73eedac9a9a52aff78542d.jpg,1
Tripoli_2022_V2_R3C5_0_500_14500_15000_jpg.rf.d9bc18a06cac5dbd616570683ee75908.jpg,1
tyrol-w6-83-_png_jpg.rf.379db14a9ea8b7f9699e6081ec42754b.jpg,0
tyrol-w6-74-_png_jpg.rf.57b7f7e9fca52d9183b55c280c7a30f4.jpg,0
Tripoli_2022_V2_R2C3_15500_16000_5500_6000_jpg.rf.95d1b0becad3b95721887936d8d8e461.jpg,1
Donetsk_2022_R5C4_1500_2000_15500_16000_jpg.rf.a5d32f91094dcb8894a203d05891b888.jpg,1
Donetsk_2022_R5C6_11500_12000_15500_16000_jpg.rf.cc5056c797bf619fcbebbb4e51ed01c5.jpg,1
Donetsk_2022_R6C4_4500_5000_10500_11000-Copy_jpg.rf.1253153dbe07900cab76c2d0d8e9fa38.jpg,1
Tripoli_2022_V2_R3C5_0_500_13000_13500_jpg.rf.a4811ef516dd73502d121be0426b2461.jpg,1
Tripoli_2022_V2_R2C3_500_1000_12500_13000_jpg.rf.1d907876308ed76e65d5655bfb2f42d0.jpg,1
Tripoli_2022_V2_R2C3_6000_6500_8000_8500_jpg.rf.4ed3e16e0a5f4f4ca9d9e49a153f9c47.jpg,1
Tripoli_2022_V2_R2C3_500_1000_12000_12500_jpg.rf.5a3670671280864df4d1aeb84417ecaa.jpg,1
tyrol-w6-87-_png_jpg.rf.86061cc3e1f558c54d56930c5d4adb9c.jpg,1
austin17-80-_png_jpg.rf.3c0a1bdd72046efba011e8c2bb361979.jpg,1
Donetsk_2022_R5C6_11500_12000_8000_8500_jpg.rf.4ecef66cd4dc369477c97b6d98d286b1.jpg,1
austin18-30-_png_jpg.rf.69c382409c8beaef2a77850516bd4dbb.jpg,1
austin18-10-_png_jpg.rf.b57b0d404ef66e87189c8546a37482e7.jpg,1
Donetsk_2022_R5C6_1500_2000_9500_10000_jpg.rf.f070a0a44cc042439c1b0eeeaa383b80.jpg,1
austin20-23-_png_jpg.rf.704e5c33abc2700f754180760fb65bdc.jpg,1
Donetsk_2022_R6C5_1500_2000_8000_8500_jpg.rf.a027579905e22a9ef3b4fa04a1628f4d.jpg,1
Donetsk_2022_R6C4_4500_5000_3000_3500-Copy_jpg.rf.bb600565797d0e9c0d41aabbcb66cdc6.jpg,1
austin19-85-_png_jpg.rf.ca4d8b33717f7e036d8ef89eac7e59d9.jpg,1
austin20-28-_png_jpg.rf.ee9c79f2a4dad8caf6746a256befaefb.jpg,1
tyrol-w6-9-_png_jpg.rf.0413a43c3b4aa0c8c07728d8dcbf45fb.jpg,1
tyrol-w6-89-_png_jpg.rf.95c308b49f0eb0a81865c4e1db7b9ae4.jpg,1
Donetsk_2022_R6C4_4500_5000_4000_4500-Copy_jpg.rf.dcca0b26f00b9b15a684d0fde36379ec.jpg,1
Donetsk_2022_R5C4_11500_12000_13500_14000_jpg.rf.2b1bcb49a919d4fe002487d15c14a94a.jpg,1
Donetsk_2022_R5C4_1000_1500_15500_16000_jpg.rf.73844a570efda20797841450f03ea06b.jpg,1
tyrol-w8-26-_png_jpg.rf.358816d54d44883d8d7081b1f3cc1b66.jpg,0
Tripoli_2022_V2_R2C3_500_1000_13500_14000_jpg.rf.5688d5b91b9c78672b563d98ec259308.jpg,1
Donetsk_2022_R5C6_6500_7000_10500_11000_jpg.rf.92750431bc196e47b25729309a3c1116.jpg,1
austin18-42-_png_jpg.rf.b94e643872b6df1da4e80ad354c6beee.jpg,1
Tripoli_2022_V2_R2C3_16000_16500_12000_12500_jpg.rf.e49511df91766a7d17c4bcc9213ad6a2.jpg,1
austin20-48-_png_jpg.rf.258bf58068e75a6ba394629d2ec65593.jpg,1
Donetsk_2022_R6C5_5500_6000_7000_7500_jpg.rf.2b06bc1f9cddb7d8dd0eea0738cb589c.jpg,1
Donetsk_2022_R6C4_2500_3000_2500_3000-Copy_jpg.rf.7430718da295a2ad0eb372ba63c20ea6.jpg,1
Tripoli_2022_V2_R2C3_1500_2000_6500_7000_jpg.rf.debd5f9ec3fc3503705446dbe18280f3.jpg,1
tyrol-w6-85-_png_jpg.rf.2588f5b0a882e96ae3e48c645a6f66f2.jpg,1
Donetsk_2022_R6C4_9000_9500_5000_5500_jpg.rf.799f390823d22c8cfdf06dc8373544f7.jpg,1
austin19-71-_png_jpg.rf.97a6ad1f8a670d788fb77856d1f50b1e.jpg,1
Tripoli_2022_V2_R2C3_6500_7000_500_1000_jpg.rf.ddb9bf08a76f38ffe0657a1a79e09a0e.jpg,1
tyrol-w6-81-_png_jpg.rf.fe6142a8d8915de3c3da8c68f2bdeae5.jpg,0
austin20-60-_png_jpg.rf.086f619fce65f4cf28aecaa8460e7ad2.jpg,1
tyrol-w6-70-_png_jpg.rf.3350f020b052e34c974b19a065bdf030.jpg,1
Tripoli_2022_V2_R2C3_6500_7000_16000_16500_jpg.rf.57dc85a0dfac4f4a06e9a31283122655.jpg,1
Tripoli_2022_V2_R2C3_500_1000_14000_14500_jpg.rf.8391077309eb5064d52beb53b48102a5.jpg,1
Tripoli_2022_V2_R2C3_6500_7000_12500_13000_jpg.rf.b57fbd956595cd78a937d1ea15fb8e22.jpg,1
Donetsk_2022_R6C4_8000_8500_5500_6000-Copy_jpg.rf.5720e02d0c8ed82863cee0a0d64f2609.jpg,1
Donetsk_2022_R5C4_2000_2500_16000_16500_jpg.rf.04363afc79beddd5dfcb5b192d7bc0ae.jpg,1
austin18-33-_png_jpg.rf.338392719826953b59f0599888e3c67b.jpg,1
tyrol-w6-91-_png_jpg.rf.44d2cf54df1f77de0b0a2c13b99d6cca.jpg,0
Tripoli_2022_V2_R2C3_7000_7500_16000_16500_jpg.rf.654bd1254e6e849df848db2626dbeb21.jpg,1
austin20-50-_png_jpg.rf.ccb33f0fdb552633afd79b845c45429d.jpg,1
Tripoli_2022_V2_R2C3_2500_3000_14500_15000_jpg.rf.43ce993b42793e02ad637f8ee7e03375.jpg,1
austin18-18-_png_jpg.rf.b79944a864930cbff1a314358c7a958e.jpg,1
Tripoli_2022_V2_R2C3_500_1000_15000_15500_jpg.rf.6b0837e158878cb25d30afeb090f927f.jpg,1
tyrol-w6-82-_png_jpg.rf.88082a45700bb8ee96fe89bf7816947a.jpg,0
Tripoli_2022_V2_R2C3_6000_6500_16000_16500_jpg.rf.c7e88984b364d9c6054226a3e9d5f947.jpg,1
austin19-92-_png_jpg.rf.f7e02c10cd938d4d9e414675165368dc.jpg,1
Donetsk_2022_R6C5_5500_6000_7500_8000_jpg.rf.ca3151a43ce395a495f6c817d2271584.jpg,1
tyrol-w6-8-_png_jpg.rf.7668e207734d3841df2d82bda6de19cc.jpg,0
austin17-87-_png_jpg.rf.ef4ab18cf99d8abc1eac13b7d087d9d9.jpg,1
Tripoli_2022_V2_R2C3_4500_5000_7500_8000_jpg.rf.c0e6382e7eb8e2074df424d67b66ee1c.jpg,1
tyrol-w6-95-_png_jpg.rf.fbafe7e958b82637b4e8818c2e522d84.jpg,0
Donetsk_2022_R6C5_5500_6000_8000_8500_jpg.rf.788d80aafa2704355d90ffb3d75fd03c.jpg,1
austin19-96-_png_jpg.rf.164e66a77bc4156d0f8b4dc723beb23d.jpg,1
Donetsk_2022_R6C4_9000_9500_8500_9000_jpg.rf.4a796365035dd79efd16a6ef33a20b12.jpg,1
Donetsk_2022_R6C4_8500_9000_3500_4000-Copy_jpg.rf.e53c4ee37c9918b95e6468736c09c9b2.jpg,1
Tripoli_2022_V2_R2C3_4000_4500_2000_2500_jpg.rf.ac07f9b74f2edc7b6b0185c83fffce96.jpg,1
Tripoli_2022_V2_R2C3_7000_7500_8500_9000_jpg.rf.c399de3f057936194790c8cb85cb4ed0.jpg,1
Donetsk_2022_R6C5_1000_1500_14500_15000_jpg.rf.66a0d3b7c533152558b3f543f280e047.jpg,1
Donetsk_2022_R6C4_8500_9000_8000_8500-Copy_jpg.rf.b1b7d4f5f3e5c96368ffde927e929e6e.jpg,1
tyrol-w6-97-_png_jpg.rf.85f8d7f99614390097f312f437f15f48.jpg,1
Donetsk_2022_R5C5_11000_11500_12500_13000_jpg.rf.b335323cad06a7f85af2ca11a21f07a0.jpg,1
austin20-6-_png_jpg.rf.3b669ca80709a401ebbf2c3315ad6ce0.jpg,1
tyrol-w6-90-_png_jpg.rf.3e2a76f182470805f1a24361d4a989d5.jpg,1
Tripoli_2022_V2_R2C3_7500_8000_3000_3500_jpg.rf.cf8967fa938f4d640af29bb0e75242c4.jpg,1
Tripoli_2022_V2_R2C3_500_1000_9500_10000_jpg.rf.1800b51e257f59d04c52bc77fb9830ce.jpg,1
tyrol-w6-93-_png_jpg.rf.815c9f6dfcc00f2c24968140af13a8f8.jpg,0
austin19-60-_png_jpg.rf.bd86a2b7d14e2585242810c3c5f51d9c.jpg,1
tyrol-w25-69-_png_jpg.rf.0da3534bdefea45f2501520f2dd418ed.jpg,0
Mykolaiv_2022_A_1_R2C4_1500_2000_4500_5000_jpg.rf.3af5207c2cab2cca5da6eaf619892787.jpg,1
Mykolaiv_2022_A_1_R2C4_1500_2000_6000_6500_jpg.rf.6935329b60e538adde23c7a92a46f697.jpg,1
tyrol-w6-92-_png_jpg.rf.74fccb2b5362a5c669f295de3cfd666e.jpg,0
Tripoli_2022_V2_R2C3_7500_8000_15000_15500_jpg.rf.ec5a6d6ab32b668efbe1008558005372.jpg,1
Mykolaiv_2022_A_1_R2C4_15000_15500_9000_9500_jpg.rf.2bfeaa7f2c9072f76d83519a001739cc.jpg,1
Donetsk_2022_R6C5_1500_2000_1500_2000_jpg.rf.897c66dd2617fb6de61292baade9638d.jpg,1
Donetsk_2022_R6C5_5500_6000_6500_7000_jpg.rf.09f298bc6d08d10bc5794e4902c368be.jpg,1
Mykolaiv_2022_A_1_R2C4_1500_2000_7500_8000_jpg.rf.94441b482c78d4d7293cd3ccf4833031.jpg,1
Tripoli_2022_V2_R2C3_8500_9000_0_500_jpg.rf.b3bba536a9e65b62805ef5153a9267f9.jpg,1
Tripoli_2022_V2_R2C3_7500_8000_9000_9500_jpg.rf.ec1ec46f37a1eb2c26a1e3659cb72cb4.jpg,1
Mykolaiv_2022_A_1_R2C4_15000_15500_8500_9000_jpg.rf.205455ce180aad444e36c83a59b3537a.jpg,1
Mykolaiv_2022_A_1_R2C4_15000_15500_6500_7000_jpg.rf.33d70728941658372c013b4c37586c65.jpg,1
tyrol-w25-64-_png_jpg.rf.a1d73c7d72b2768682e0d4cb08b0b964.jpg,0
tyrol-w25-67-_png_jpg.rf.be26fc38ce069cbbc040d2a2da5cc3b1.jpg,1
tyrol-w6-94-_png_jpg.rf.453d57eb94e99ec9087a8004366dbe13.jpg,1
Mykolaiv_2022_A_1_R2C4_3000_3500_7000_7500_jpg.rf.ae1974fe81c973e002a605412fdcf7e6.jpg,1
tyrol-w25-70-_png_jpg.rf.660ce83b90a77f56561099b986815581.jpg,1
Mykolaiv_2022_A_1_R2C4_1500_2000_4000_4500_jpg.rf.a6510e22db5ac0ead288802232cc69d6.jpg,1
tyrol-w25-71-_png_jpg.rf.cf6bea066c74cb7cfb02817facf3404a.jpg,1
tyrol-w25-85-_png_jpg.rf.e56e9bea236b3661f98ca7b528ddf890.jpg,0
Mykolaiv_2022_A_1_R2C4_2000_2500_6500_7000_jpg.rf.964551bf07b337993797eb227deeed09.jpg,1
tyrol-w25-66-_png_jpg.rf.c57d282baca1bd51f0d16ef8d7784ab1.jpg,1
tyrol-w25-79-_png_jpg.rf.800fe1c7e4ef9cb62e789cf00d24a991.jpg,1
Mykolaiv_2022_A_1_R2C4_2000_2500_7500_8000_jpg.rf.f1d5e725850ffa7d9d98e54f232f1e79.jpg,1
Mykolaiv_2022_A_1_R2C4_5000_5500_7500_8000_jpg.rf.6cd9ee66506d89dbffe7ddcac8254b89.jpg,1
tyrol-w25-95-_png_jpg.rf.beb941d3053ca5b7f1754b9f2f7d040c.jpg,0
tyrol-w25-82-_png_jpg.rf.8f66f1d26b76646cafaf11ddebe90a8e.jpg,1
Mykolaiv_2022_A_1_R2C4_2500_3000_6000_6500_jpg.rf.e7f33cd689c069bcdfa70524330bfe4a.jpg,1
tyrol-w26-2-_png_jpg.rf.c9ab7a644392c629b4bd00d05a8d2f86.jpg,0
Mykolaiv_2022_A_1_R2C4_3000_3500_8500_9000_jpg.rf.989fbdc45c74cd0da83ee0d8d0634c76.jpg,1
tyrol-w25-97-_png_jpg.rf.f6044428212558b708fd6f7f54b8b59c.jpg,1
tyrol-w25-8-_png_jpg.rf.a7124d47c3ebf571b5631ab5793418c7.jpg,1
Mykolaiv_2022_A_1_R2C4_2000_2500_5000_5500_jpg.rf.b601767c988a8997a0ced67d663aa431.jpg,1
Mykolaiv_2022_A_1_R2C4_3000_3500_5500_6000_jpg.rf.34c2982adc64268efe999eead711b3ca.jpg,1
Mykolaiv_2022_A_1_R2C4_15500_16000_13000_13500_jpg.rf.8b7f1d5953d7aa453b53a463002f536e.jpg,1
Mykolaiv_2022_A_1_R2C4_2500_3000_10500_11000_jpg.rf.90b0caa1855032f09f5533ba5f9e52f8.jpg,1
Mykolaiv_2022_A_1_R2C4_5500_6000_6000_6500_jpg.rf.ab4db070a7260d03d84d4657ccceb83b.jpg,1
Mykolaiv_2022_A_1_R2C4_2500_3000_10000_10500_jpg.rf.bce00e16356b80125ba72a410b0a3253.jpg,1
tyrol-w26-18-_png_jpg.rf.3c5aaf10b1be9c43782b2eb92ff7e59d.jpg,1
Mykolaiv_2022_A_1_R2C4_5000_5500_6500_7000_jpg.rf.e48ebfa1de94e1d2e9f0da0fdfafcd6a.jpg,1
tyrol-w25-92-_png_jpg.rf.cdba920ace8bf4a60fa50bba2102f2b3.jpg,1
Mykolaiv_2022_A_1_R2C4_5000_5500_7000_7500_jpg.rf.69afd039f5e5e7fc9e6a2df55e055db8.jpg,1
Mykolaiv_2022_A_1_R2C4_2000_2500_8500_9000_jpg.rf.6cf3ffcb455b4fe6ca5173bcd63ecddb.jpg,1
Mykolaiv_2022_A_1_R2C4_2000_2500_7000_7500_jpg.rf.6f221e70be0e50af15cdc68501ee6971.jpg,1
tyrol-w26-19-_png_jpg.rf.40aa5d69983986e64bcdcb7b50f78c7b.jpg,1
Mykolaiv_2022_A_1_R2C4_2500_3000_9500_10000_jpg.rf.8c5a70fa8e93c849b47c1d7e77940dc9.jpg,1
tyrol-w25-89-_png_jpg.rf.f4ec7544677649aee35e19eb341e76d9.jpg,1
tyrol-w26-10-_png_jpg.rf.543c0d7c7c8896186cf3e4b38302a70d.jpg,1
Mykolaiv_2022_A_1_R2C4_2000_2500_6000_6500_jpg.rf.9b8ae70b59c69814c734e27980fc7328.jpg,1
Mykolaiv_2022_A_1_R2C4_2500_3000_7000_7500_jpg.rf.241b8c95fd57b44e38bd3a6313a54003.jpg,1
Mykolaiv_2022_A_1_R2C4_2500_3000_9000_9500_jpg.rf.574af6f3dc9fa6fcee5a68e1c2a36c23.jpg,1
Mykolaiv_2022_A_1_R2C4_5500_6000_6500_7000_jpg.rf.63b55095e2ce9753858a86bb2a584efd.jpg,1
tyrol-w26-1-_png_jpg.rf.66c78bdae3ae0f5d67002576ce507e57.jpg,0
tyrol-w25-98-_png_jpg.rf.683da7bdd03068c0ac896cd21f7aed7d.jpg,1
tyrol-w26-11-_png_jpg.rf.12d9293afb18e32b15a96a6f544e5a3e.jpg,0
Mykolaiv_2022_A_1_R2C4_3500_4000_8000_8500_jpg.rf.6cd2da5372c8db13ed581493fd085754.jpg,1
tyrol-w26-13-_png_jpg.rf.826373a4a74de4fc462b0a82473e8cbb.jpg,0
Mykolaiv_2022_A_1_R2C4_3000_3500_5000_5500_jpg.rf.82288885bfd181d3f3f6d8a6147a270a.jpg,1
Mykolaiv_2022_A_1_R2C4_2500_3000_8000_8500_jpg.rf.a45f83e3a4465f7a4fb89324bd1b49d4.jpg,1
Mykolaiv_2022_A_1_R2C4_4500_5000_7000_7500_jpg.rf.d652f20a0a1565063a95536f3d83d35c.jpg,1
Mykolaiv_2022_A_1_R2C4_4000_4500_6500_7000_jpg.rf.5fde3d73386b013c001d6908942b0b70.jpg,1
tyrol-w25-90-_png_jpg.rf.8c1335f6f2d6d377caa383d4126df808.jpg,0
Mykolaiv_2022_A_1_R2C4_5000_5500_5500_6000_jpg.rf.78c04d7580d1bdfc5361188ff1c5cb71.jpg,1
Mykolaiv_2022_A_1_R2C4_4000_4500_7000_7500_jpg.rf.5347c051167b136d19a9da6a61563462.jpg,1
Donetsk_2022_R6C9_3500_4000_5500_6000_jpg.rf.007661524776637bea93848fed25ab4a.jpg,1
tyrol-w26-12-_png_jpg.rf.a64ac44f45f3b45fec20d112073e2d33.jpg,0
Mykolaiv_2022_A_1_R2C4_5000_5500_6000_6500_jpg.rf.01d0f7d75b5102751da9cdeff00591a8.jpg,1
Mykolaiv_2022_A_1_R2C4_2500_3000_7500_8000_jpg.rf.218e210db72ad2da48a4a2c73a0ff070.jpg,1
Donetsk_2022_R6C9_4000_4500_4500_5000_jpg.rf.9d1c59b35a12ff326deedb21083d6b9f.jpg,1
austin18-50-_png_jpg.rf.3b53f54056bd3a30bea62b0522885867.jpg,1
tyrol-w26-17-_png_jpg.rf.bde5d3fb30ed7319f68b90472bf78b70.jpg,1
Donetsk_2022_R3C9_7500_8000_9500_10000_jpg.rf.d203b84b9e003ef2f36939c203eb4318.jpg,1
Donetsk_2022_R3C9_9000_9500_5500_6000_jpg.rf.f7596d80ecd9bf2b6ff7e32cf6778a93.jpg,1
chicago6-51-_png_jpg.rf.17d85e47a6aff747f7a0d8bc4ee1874a.jpg,1
tyrol-w6-54-_png_jpg.rf.591596478ff2e8d0f055f58132742d9f.jpg,0
Donetsk_2022_R6C9_2000_2500_1500_2000_jpg.rf.1012519351e1c111a400522c5185bf5a.jpg,1
chicago6-53-_png_jpg.rf.4139e952ecb2e88daf6b32c97062aef5.jpg,1
chicago6-49-_png_jpg.rf.c12e71658c6e8f500baa4a80ced38d88.jpg,1
Donetsk_2022_R3C9_7500_8000_11000_11500_jpg.rf.65b52c06a71abe07d94c30ec0a7ce61f.jpg,1
Donetsk_2022_R3C9_7500_8000_10500_11000_jpg.rf.7ee507acec10c109216400becb1a8133.jpg,1
chicago6-57-_png_jpg.rf.b9703a1ca2d4fe091acf1bd7506ae759.jpg,1
Donetsk_2022_R6C9_3500_4000_1000_1500_jpg.rf.910301fffa755c918e6c1d7e5c692aa9.jpg,1
Donetsk_2022_R3C9_6500_7000_15000_15500_jpg.rf.1d072030f297234c26cd39fb10e476c1.jpg,1
Donetsk_2022_R3C9_6500_7000_14000_14500_jpg.rf.492a24d791fb51c71e0fd18eea910987.jpg,1
Donetsk_2022_R3C9_6500_7000_13500_14000_jpg.rf.94894b71ef2cfd2f2cbfcdd21f01aa4c.jpg,1
austin18-48-_png_jpg.rf.e47cd6327b751dc1fb2750d68f1bb7df.jpg,1
Donetsk_2022_R6C9_4500_5000_3500_4000_jpg.rf.21a230d01d5317d37fb8fbf40cd3ad5c.jpg,1
Donetsk_2022_R6C9_5500_6000_3500_4000_jpg.rf.6fcb151e8c6913dd3c335abbbd886974.jpg,1
Donetsk_2022_R6C9_4500_5000_4000_4500_jpg.rf.7ea9e3e8f50e4151988e36f5a273d1e4.jpg,1
Donetsk_2022_R6C9_4000_4500_5000_5500_jpg.rf.d16589866f58ecf599d5cc7bcdd95796.jpg,1
Donetsk_2022_R6C9_0_500_5500_6000_jpg.rf.9f06aa0bdff6ea1e29ce6540d49a2717.jpg,1
Donetsk_2022_R6C9_3000_3500_4500_5000_jpg.rf.fa8c25889b87fecffeeed7f6b7af39b1.jpg,1
austin18-45-_png_jpg.rf.df3b2e39205b6c8ccfe0667b0381da3f.jpg,1
Donetsk_2022_R3C6_5000_5500_8500_9000_jpg.rf.334dc56468906cdf13f82ed6a73ce087.jpg,1
Donetsk_2022_R3C9_9500_10000_4500_5000_jpg.rf.78b3ba8fd0cac8187c358838b736ed9b.jpg,1
austin18-62-_png_jpg.rf.ec96e08b2b069426845f43966c326d87.jpg,1
Donetsk_2022_R6C9_5500_6000_4500_5000_jpg.rf.6be41ea8eca0790ba4b4f954f25772df.jpg,1
chicago6-46-_png_jpg.rf.795339e06dbd4b62646b724d747ae935.jpg,1
chicago6-48-_png_jpg.rf.d7ddbde3226f04d1577011b0785d6c84.jpg,1
Donetsk_2022_R6C9_0_500_5000_5500_jpg.rf.39aab49d05f4c904d8be0935d335a9bd.jpg,1
austin18-25-_png_jpg.rf.14b74e86425c27d91663019bd46a1e96.jpg,1
Donetsk_2022_R3C6_7000_7500_7500_8000_jpg.rf.80ebf9fcbae094c481e1d8e73692d1b6.jpg,1
austin18-52-_png_jpg.rf.bce2036cd8887b8dfcf1efac625cc37f.jpg,1
Donetsk_2022_R6C9_1500_2000_8000_8500_jpg.rf.c767b08ad6cf8be90d8d64c893b94f27.jpg,1
Donetsk_2022_R6C9_6000_6500_4000_4500_jpg.rf.5543f196ca523cfc55e7b2c1f14a1844.jpg,1
Donetsk_2022_R3C6_6500_7000_7500_8000_jpg.rf.723dfc837c5935b205ee20e523d53064.jpg,1
Donetsk_2022_R3C6_7000_7500_10500_11000_jpg.rf.b0c8d89f20fe0b29e04e6dccee94d879.jpg,1
Donetsk_2022_R3C9_9500_10000_4000_4500_jpg.rf.506d5b65da8fd03dc2da4997c64a6374.jpg,1
Donetsk_2022_R4C11_1000_1500_6500_7000_jpg.rf.d66ebbe5dd9691847049269d6b58104f.jpg,1
chicago6-60-_png_jpg.rf.161bb17d6e5053a2883733a0a9694daf.jpg,1
Donetsk_2022_R4C11_1000_1500_4500_5000_jpg.rf.105859e49c1adbdb31f3c6382f5fc48b.jpg,1
austin18-58-_png_jpg.rf.5893e6ebd1d07457035a0db2c7cda7db.jpg,1
chicago6-38-_png_jpg.rf.6018ef6e7caf136a0d198b6168212067.jpg,1
Donetsk_2022_R6C8_7500_8000_12000_12500_jpg.rf.6887b2cc711335340061261f70623490.jpg,1
austin18-59-_png_jpg.rf.c5ac0e0cad95f0c7ef2e438b3a2bc46d.jpg,1
austin18-24-_png_jpg.rf.2e920e28ffe8ca31c177486369e4822d.jpg,1
austin18-32-_png_jpg.rf.32e415b7123299ab4fab7ba6fdb7eed9.jpg,1
austin18-27-_png_jpg.rf.5c280c805f9bce4ab4bc1a9c0bdeac65.jpg,1
Donetsk_2022_R3C6_7000_7500_11000_11500_jpg.rf.a7d08fa1dec94827608c67af9af553f2.jpg,1
chicago6-4-_png_jpg.rf.4a73ebbcd7d072b318934a7c26b6d70f.jpg,1
Donetsk_2022_R6C8_9500_10000_3000_3500_jpg.rf.829069cbda23543ccfb167e0de4650c0.jpg,1
chicago6-40-_png_jpg.rf.b58ac6e2ef81ba8567d6ac0127bcc803.jpg,1
Donetsk_2022_R4C11_1000_1500_7000_7500_jpg.rf.1a64af5710c1ae3c495148769f2bb260.jpg,1
chicago6-39-_png_jpg.rf.83b54958a12e7d8a8c09337e2ceaa06b.jpg,1
Donetsk_2022_R4C11_1000_1500_5500_6000_jpg.rf.ebf1541955f341b88ebfad6dbd795f57.jpg,1
Donetsk_2022_R3C8_6500_7000_1500_2000_jpg.rf.d7e3317ae3f81edc5886590930b5aceb.jpg,1
Donetsk_2022_R3C8_3500_4000_10500_11000_jpg.rf.aed19131880fdc153945e99a6067e714.jpg,1
austin18-22-_png_jpg.rf.b781663ca5c5712e099d1c0aa51859b9.jpg,1
Donetsk_2022_R3C6_5500_6000_6500_7000_jpg.rf.afe1d32acb6673132930c14ec7c37da0.jpg,1
Donetsk_2022_R3C9_13000_13500_500_1000_jpg.rf.8d233cd82a49616897793a4167f92d08.jpg,1
austin18-60-_png_jpg.rf.621bcdc0941216e2eced088b0c8b4c51.jpg,1
chicago6-59-_png_jpg.rf.0a744e3b2158a9ce6e94eb94e8ffa77e.jpg,1
Donetsk_2022_R3C8_3500_4000_14000_14500_jpg.rf.1e3e33e71e75e885b25edcc909753853.jpg,1
Donetsk_2022_R6C9_5500_6000_4000_4500_jpg.rf.53c41b41f0eaa26388362aece84da781.jpg,1
austin18-20-_png_jpg.rf.b11909a040c2383ea394654af5334412.jpg,1
Donetsk_2022_R3C6_6000_6500_6500_7000_jpg.rf.1c5b7d20e7d330b9c8e86e48026cf9d1.jpg,1
Donetsk_2022_R6C8_9500_10000_3500_4000_jpg.rf.6c1f3dd2ca9b1ea8fdf8693d49b76ed7.jpg,1
chicago6-41-_png_jpg.rf.bb62f7caade96f232556b98f65aec5d8.jpg,1
Donetsk_2022_R3C9_0_500_14500_15000_jpg.rf.e75ed77b127683b29cf93834c5b83182.jpg,1
Donetsk_2022_R4C11_1000_1500_5000_5500_jpg.rf.7d0ca1d039d84f907769fca2282db029.jpg,1
Donetsk_2022_R3C8_6000_6500_15000_15500_jpg.rf.1fd997d6ab49b3331a1ea46fd8d86162.jpg,1
austin18-35-_png_jpg.rf.dd8196ed14cc53b6e409178452daab96.jpg,1
Donetsk_2022_R3C8_1000_1500_6500_7000_jpg.rf.316551fce80356520686a25478270ed6.jpg,1
Donetsk_2022_R3C7_7500_8000_7000_7500_jpg.rf.535432b4c950ab5d93b35570144e1729.jpg,1
Donetsk_2022_R3C8_10500_11000_2000_2500_jpg.rf.a431b1e159527537e7f3cbb59eb52aed.jpg,1
austin18-43-_png_jpg.rf.567876dcff85df1a9063fe5f303e907b.jpg,1
Donetsk_2022_R3C9_0_500_14000_14500_jpg.rf.5c7ba111be67602680b5168549ae7a57.jpg,1
Donetsk_2022_R3C8_3500_4000_11500_12000_jpg.rf.6f6c904d8036d42f74bf545f9994f134.jpg,1
Donetsk_2022_R3C8_4000_4500_11000_11500_jpg.rf.e73773ea06e199dccc16ccda157264c0.jpg,1
Donetsk_2022_R3C6_6500_7000_7000_7500_jpg.rf.0bdddfe6dab275ee9d5176d413e9e4b8.jpg,1
austin18-2-_png_jpg.rf.7717e3ef9f7fb32d88b14c532322ba6e.jpg,1
Donetsk_2022_R3C9_1000_1500_13500_14000_jpg.rf.2bc4f4000f0beee44817235c8b713887.jpg,1
austin18-36-_png_jpg.rf.d1bdddb351486fb16cf4d51782b85d1a.jpg,1
austin18-28-_png_jpg.rf.2f610903515e4221b5d0c6739a0b7edd.jpg,1
austin18-23-_png_jpg.rf.9ee26d0ccb0d31e7d63a97e93fa4dda1.jpg,1
austin18-21-_png_jpg.rf.b35948f926fc2c76c585b0549e32d2b3.jpg,1
Donetsk_2022_R3C8_6000_6500_15500_16000_jpg.rf.2b4da004043fd06c57caff4ddef42867.jpg,1
Donetsk_2022_R3C8_11000_11500_2500_3000_jpg.rf.5e8d5751dd8c2bfdbfd18dc4578b774d.jpg,1
Donetsk_2022_R3C8_6000_6500_9000_9500_jpg.rf.b56777065ede53928c9ec37ed5a85aa3.jpg,1
austin18-41-_png_jpg.rf.b7d655cd082cae89616bbcec5d5ed149.jpg,1
tyrol-w26-27-_png_jpg.rf.fe61079a55a98d4d4611631baecfc3b1.jpg,1
tyrol-w6-80-_png_jpg.rf.62b7d6e1886ce8441a1d26a39f63da93.jpg,1
austin18-44-_png_jpg.rf.749c10dff32c4bb306313f805d1f7865.jpg,1
Donetsk_2022_R3C8_6500_7000_1000_1500_jpg.rf.c33284bbd3bc71e8254559f1a922880a.jpg,1
Mykolaiv_2022_A_1_R2C5_15500_16000_500_1000_jpg.rf.8dedb63f802b6385f06510475cfb1154.jpg,1
Donetsk_2022_R3C8_6000_6500_8500_9000_jpg.rf.6792e4a8d8078d3050d28bbc15a106a4.jpg,1
Mykolaiv_2022_A_1_R2C5_12500_13000_3500_4000_jpg.rf.858bfa061f6fac7d05d020f2b10b512a.jpg,1
Donetsk_2022_R3C9_9500_10000_5500_6000_jpg.rf.97adeded6fa2585e65e2bc24aed8dd56.jpg,1
austin18-54-_png_jpg.rf.d9c87cb47085d8644daaea212f0a1079.jpg,1
austin20-42-_png_jpg.rf.d290a0e71b239c6d691214e5b4b3e375.jpg,1
tyrol-w26-34-_png_jpg.rf.4d88066d6835175c150bdbc79d2ef410.jpg,0
Mykolaiv_2022_A_1_R2C5_11000_11500_6000_6500_jpg.rf.8cc4719cf98dbd625d7ec357c401aafc.jpg,1
Mykolaiv_2022_A_1_R2C4_8500_9000_12500_13000_jpg.rf.ce0eab89ae89e2532de9aa919def7d5b.jpg,1
Mykolaiv_2022_A_1_R2C4_6000_6500_6500_7000_jpg.rf.4d18eeff628375f5c3e954b553c047c6.jpg,1
Donetsk_2022_R4C11_0_500_5000_5500_jpg.rf.dc4992a2db08b8013dd928d7d3a1cc4d.jpg,1
Mykolaiv_2022_A_1_R2C5_11500_12000_6500_7000_jpg.rf.1e4fe4d63c07279d1ef2972ec49c9760.jpg,1
Mykolaiv_2022_A_1_R2C5_12500_13000_6500_7000_jpg.rf.3e4f5730dec73e0853824a5483ec4585.jpg,1
Mykolaiv_2022_A_1_R2C5_12500_13000_6000_6500_jpg.rf.910a9a68d9e32d3cc065d3ed55d610b0.jpg,1
tyrol-w26-38-_png_jpg.rf.aa0d71f685e0cbea9a0117b977722716.jpg,1
Donetsk_2022_R4C11_0_500_5500_6000_jpg.rf.5b8e748edb7c2852c437544936f0c755.jpg,1
austin18-56-_png_jpg.rf.96011405a237638f1bd4aeb8323d7c90.jpg,1
Mykolaiv_2022_A_1_R2C4_6000_6500_7000_7500_jpg.rf.1540f7df4fb626f89d61d5a6e5852d2c.jpg,1
tyrol-w26-22-_png_jpg.rf.78a80415ffaa1684c3adfe69d401cd12.jpg,0
tyrol-w26-36-_png_jpg.rf.992f3676ca7b71156b3bb881e3f1b64c.jpg,0
Mykolaiv_2022_A_1_R2C4_8000_8500_13500_14000_jpg.rf.ae27b315919eb3681b15a2e969b30b62.jpg,1
tyrol-w26-23-_png_jpg.rf.469583a5bfd1d017ec9cebe11a09231f.jpg,0
tyrol-w26-21-_png_jpg.rf.6cc732edd0e1753775c0e76a69556390.jpg,0
Mykolaiv_2022_A_1_R2C4_6000_6500_6000_6500_jpg.rf.e67ccadfcecb0531c98f6bb67c1e1947.jpg,1
austin18-57-_png_jpg.rf.69d92d3e237d9843650f05347bbb858a.jpg,1
Donetsk_2022_R4C11_0_500_1500_2000_jpg.rf.783ccfe9f6d5f9e35eb711a6f1eb344d.jpg,1
Donetsk_2022_R4C11_1000_1500_3500_4000_jpg.rf.9a3b76aab3bc052e211ef2217963a6ee.jpg,1
tyrol-w26-37-_png_jpg.rf.60b1ea3a3a5ec31e6a0569a727d373cf.jpg,1
tyrol-w26-40-_png_jpg.rf.7e7fd2d172980dbdc8fb4d7aa5d63460.jpg,0
Mykolaiv_2022_A_1_R2C4_6500_7000_6500_7000_jpg.rf.e99b829b0d312fabcaa9d63284f77da4.jpg,1
Mykolaiv_2022_A_1_R2C5_16000_16500_2000_2500_jpg.rf.dc7c61fa5c8529bcb1313110953d76a6.jpg,1
Mykolaiv_2022_A_1_R2C4_6500_7000_7000_7500_jpg.rf.1774e19398e1ed43878a238d8d343132.jpg,1
Mykolaiv_2022_A_1_R2C4_8500_9000_7500_8000_jpg.rf.3e4ea0ca2539fc4924416640d4f4a194.jpg,1
Mykolaiv_2022_A_1_R2C4_8000_8500_12500_13000_jpg.rf.d783d2897b7bfb02c7e9bb7c370995aa.jpg,1
Tripoli_2022_V2_R2C3_4500_5000_16000_16500_jpg.rf.4d6b5d5ffa1ff579689569699b8fb931.jpg,1
Mykolaiv_2022_A_1_R3C2_7000_7500_7500_8000_jpg.rf.7adb2b6041bc9bde3c970a42b266aa55.jpg,1
tyrol-w26-67-_png_jpg.rf.6a727639a0f4df0bbecc4e921a27352b.jpg,1
tyrol-w26-25-_png_jpg.rf.5f9472cebaa9244e43f559f6b484b354.jpg,0
Mykolaiv_2022_A_1_R2C4_8000_8500_13000_13500_jpg.rf.7aef5e66a72d9811d00a150079817c13.jpg,1
Mykolaiv_2022_A_1_R2C5_7500_8000_3500_4000_jpg.rf.8bc6e294483760c8b53e9f47cdbf8e56.jpg,1
Mykolaiv_2022_A_1_R3C2_8000_8500_12500_13000_jpg.rf.5c289186d3c1ee1987331e516c69dbcf.jpg,1
tyrol-w26-24-_png_jpg.rf.fc14eb875d23a296b8cc53715d622ac9.jpg,0
Donetsk_2022_R4C11_0_500_1000_1500_jpg.rf.158cafbda75971f8d62b42d3711f31e7.jpg,1
tyrol-w26-70-_png_jpg.rf.6f785e333bb3156a3615bae8ef6f7947.jpg,1
Mykolaiv_2022_A_1_R3C2_16000_16500_8000_8500_jpg.rf.3cdeb24f1cea68ef32a5ca1956a38586.jpg,1
tyrol-w26-46-_png_jpg.rf.ab01078a604310262952302e6c60b64c.jpg,1
Mykolaiv_2022_A_1_R3C3_2500_3000_9500_10000_jpg.rf.d489ce2c56e98640cb1336bea4b566f0.jpg,1
tyrol-w26-53-_png_jpg.rf.6bddfe5c91ee7588e3a5cfd00fcf350c.jpg,0
Mykolaiv_2022_A_1_R3C3_3000_3500_12500_13000_jpg.rf.baf4840a532e2d662267a87a0a5a7760.jpg,1
Mykolaiv_2022_A_1_R2C4_8500_9000_9500_10000_jpg.rf.a83bd7180e042788a16b0a3676784d14.jpg,1
tyrol-w26-68-_png_jpg.rf.cab629c357e59b14b96cde7ec0ecff13.jpg,1
tyrol-w26-3-_png_jpg.rf.3a5d04724a620e0257531405d04ef9df.jpg,0
tyrol-w26-49-_png_jpg.rf.cfad751f0f0ba1223f506375bb8799cb.jpg,1
Mykolaiv_2022_A_1_R2C4_9000_9500_13500_14000_jpg.rf.3045da18a29a564e987780badb1e1541.jpg,1
tyrol-w26-51-_png_jpg.rf.bb285577eb77d104fa67061143df92ac.jpg,1
Mykolaiv_2022_A_1_R3C2_9000_9500_9500_10000_jpg.rf.5fe5779fdc99411c0a77efe59d9a8607.jpg,1
Mykolaiv_2022_A_1_R3C2_9500_10000_9500_10000_jpg.rf.892ab04bfca7cbe7f06317e131df2d20.jpg,1
tyrol-w26-48-_png_jpg.rf.bc95ecae1ee3cfb4f78e3bed39b1cc0d.jpg,0
Mykolaiv_2022_A_1_R3C3_1000_1500_10000_10500_jpg.rf.bf4d4a965ddb53c00a0308fee48d6dd4.jpg,1
Mykolaiv_2022_A_1_R3C3_3000_3500_8000_8500_jpg.rf.c754f2b88d36aa0883db00d5c9b58c81.jpg,1
Mykolaiv_2022_A_1_R3C2_10000_10500_11000_11500_jpg.rf.354fb2b3b9066cbdb9a339e070841033.jpg,1
Mykolaiv_2022_A_1_R3C2_10000_10500_14500_15000_jpg.rf.76b30a49c035f73e2518c82171096ce5.jpg,1
tyrol-w26-55-_png_jpg.rf.2268bbf22cc54225da7dac5f48fcfc25.jpg,1
tyrol-w26-60-_png_jpg.rf.4d2d935581e57b944ce1767912313926.jpg,0
Mykolaiv_2022_A_1_R3C2_9500_10000_10000_10500_jpg.rf.5141b8af27114de6ea828efeacfbc655.jpg,1
tyrol-w26-54-_png_jpg.rf.6dc55a700abfb5e2941c5074ba2369b3.jpg,0
tyrol-w26-45-_png_jpg.rf.c05d71c3f1bd8bd8ef27daca4b69edea.jpg,1
Mykolaiv_2022_A_1_R3C3_4000_4500_10500_11000_jpg.rf.fd8b0c9970ac4a5cb2f1d66346d851fd.jpg,1
tyrol-w26-6-_png_jpg.rf.d1b9e2251bf18703f60d83c8e4e77ae3.jpg,1
Mykolaiv_2022_A_1_R3C2_12500_13000_12000_12500_jpg.rf.437afeea90e3a598cac0719981b0dd78.jpg,1
Mykolaiv_2022_A_1_R3C3_1500_2000_9500_10000_jpg.rf.2bbec545708edc7da3acbdf5330e62b6.jpg,1
tyrol-w26-62-_png_jpg.rf.ee43dbf9b0fa70a31ac547a7a6290ef9.jpg,1
tyrol-w26-64-_png_jpg.rf.f751f1d7ff1a32e207aa2da9a251a1b8.jpg,0
Mykolaiv_2022_A_1_R3C3_2000_2500_10000_10500_jpg.rf.eaa0688650c88888bf9b9b0d7c157163.jpg,1
Mykolaiv_2022_A_1_R3C3_5000_5500_13500_14000_jpg.rf.04527a6c09bb4c11ec4caa01fec41908.jpg,1
Mykolaiv_2022_A_1_R3C3_4500_5000_13500_14000_jpg.rf.122e5aaa5025e5a2eccff90995182219.jpg,1
Mykolaiv_2022_A_1_R3C3_4000_4500_12000_12500_jpg.rf.65d3d8b14c0db878de37a10006e4365f.jpg,1
tyrol-w26-72-_png_jpg.rf.7de7602f762032b99316461af488871c.jpg,1
Mykolaiv_2022_A_1_R3C3_4500_5000_12000_12500_jpg.rf.c0ef3c9abd41f8083e2f507fd22e4e3b.jpg,1
Mykolaiv_2022_A_1_R3C3_4000_4500_7500_8000_jpg.rf.7ecd866e6bfa6a8bf9985d56381c0dbb.jpg,1
Mykolaiv_2022_A_1_R3C3_1500_2000_11000_11500_jpg.rf.b99a34c904e18f546962246979f25566.jpg,1
Mykolaiv_2022_A_1_R3C3_5500_6000_12000_12500_jpg.rf.2cdc1eceedfbe82e6b986f1693cb3498.jpg,1
Mykolaiv_2022_A_1_R3C3_5500_6000_8000_8500_jpg.rf.443d497d1e351e735ebd08f9defdc5e3.jpg,1
Mykolaiv_2022_A_1_R3C3_4000_4500_12500_13000_jpg.rf.270e4f3d4bd8b2c3298df443e96f4e2f.jpg,1
Mykolaiv_2022_A_1_R3C3_4000_4500_8000_8500_jpg.rf.e2dff45ba893619e07cd60577161a797.jpg,1
tyrol-w26-71-_png_jpg.rf.355149820593b6c63ccda39cd2a61c6c.jpg,1
Mykolaiv_2022_A_1_R3C3_5500_6000_13000_13500_jpg.rf.134371bfe916d9962a7bba75fd08dbdb.jpg,1
Mykolaiv_2022_A_1_R3C3_2500_3000_10000_10500_jpg.rf.1fd46d263fbd23b5b0eec213cdc11b37.jpg,1
tyrol-w26-76-_png_jpg.rf.38a00bdb82a9540df12fc3c54d5c5f9b.jpg,1
tyrol-w26-92-_png_jpg.rf.f0b78e989c193e30cd0c9d58d10d4a5d.jpg,1
Mykolaiv_2022_A_1_R3C3_4000_4500_6000_6500_jpg.rf.b25921860a2911b4e8ae7671ca0bbc33.jpg,1
tyrol-w26-9-_png_jpg.rf.b36fae7b280d0f5e0be80b60da13c066.jpg,1
Mykolaiv_2022_A_1_R3C3_6500_7000_16000_16500_jpg.rf.e13e168376dc93b584638f7b2f139205.jpg,1
tyrol-w26-77-_png_jpg.rf.ec9c5baaf368d8e39184edfd8843e6d0.jpg,1
tyrol-w26-75-_png_jpg.rf.63794005293d254f1546af2279454874.jpg,0
tyrol-w26-90-_png_jpg.rf.4afda9131c0cfdb9e6281c93d4558acb.jpg,1
Mykolaiv_2022_A_1_R3C3_8500_9000_11500_12000_jpg.rf.a8fe6ccda7a248e14665413d8cf4d2ee.jpg,1
austin18-73-_png_jpg.rf.ea4342315cde8b9c8ff2b1c326f14de1.jpg,0
Mykolaiv_2022_A_1_R3C3_8500_9000_12000_12500_jpg.rf.2ce69c9188a1d7981a8d0a4e9512c699.jpg,1
Tripoli_2022_V2_R2C4_11000_11500_13000_13500_jpg.rf.c495b0fc5d9dd56cbc9b86b8e7bd6c8a.jpg,1
tyrol-w26-73-_png_jpg.rf.5cc092ccef1a1ec7a92133750e463fac.jpg,1
tyrol-w7-10-_png_jpg.rf.67e8fbdff4bc1f14acb61e053c9ca685.jpg,0
tyrol-w7-11-_png_jpg.rf.1022b800b9478413fdfae93fecd0f301.jpg,0
tyrol-w6-98-_png_jpg.rf.ccad0666204a3831735442a2489135a8.jpg,1
Donetsk_2022_R4C11_1500_2000_5500_6000_jpg.rf.5fae64fb0516c5cf4cd437084cbc7d2a.jpg,1
tyrol-w26-91-_png_jpg.rf.ea08c188ada53bbafe48b00e953674b8.jpg,1
Donetsk_2022_R4C11_1500_2000_5000_5500_jpg.rf.d4154ba26ce3fb41f4873b44d766474c.jpg,1
Donetsk_2022_R4C6_1500_2000_9000_9500_jpg.rf.f6d001ffe5eb598cccc8848bda23a80e.jpg,1
tyrol-w6-99-_png_jpg.rf.3c2e6b01d370be432c9dd9bd33c5313d.jpg,1
tyrol-w7-1-_png_jpg.rf.3c791cc11aa055ed0a57de79ea9b1b7a.jpg,1
Donetsk_2022_R4C11_1000_1500_7500_8000_jpg.rf.96c2f03deea8df695062c0c78eb34906.jpg,1
austin18-64-_png_jpg.rf.ac4141f0d2759f213bc2027ed59ccd2c.jpg,1
Tripoli_2022_V2_R2C4_0_500_12000_12500_jpg.rf.c1012e568b4b19f952a2044eaaba8292.jpg,1
tyrol-w26-98-_png_jpg.rf.cb3d844b61721e31fcfd827b19642804.jpg,1
Tripoli_2022_V2_R2C4_11500_12000_3500_4000_jpg.rf.218536825c6618ec815cd8302cda5685.jpg,1
tyrol-w7-13-_png_jpg.rf.a8f31a8188281025230b302b6ed39774.jpg,1
Tripoli_2022_V2_R2C4_11000_11500_12000_12500_jpg.rf.e02f6454111e521fd3daa200055898b5.jpg,1
tyrol-w7-12-_png_jpg.rf.1f24cbe4bc07cc6f4ebf116e91ee6c1c.jpg,1
Donetsk_2022_R4C11_500_1000_7500_8000_jpg.rf.85d2bd785f532278a6f34216de5804fe.jpg,1
Tripoli_2022_V2_R2C4_0_500_14000_14500_jpg.rf.100a22dd8c2961369337c4ce37a582c4.jpg,1
austin18-65-_png_jpg.rf.1d33525ba66a03ec52043759cdbf65c7.jpg,1
tyrol-w7-15-_png_jpg.rf.669137193d64f31ebd242d141e117cb5.jpg,1
Tripoli_2022_V2_R2C4_11500_12000_7000_7500_jpg.rf.b3c77e7c7b472d1e022c42a2aba8161f.jpg,1
Donetsk_2022_R4C4_13000_13500_9000_9500_jpg.rf.93e1eb51ce0f35448286693b322d4af2.jpg,1
austin18-76-_png_jpg.rf.bfb6f836fb6f246987a7810dad014dbc.jpg,1
Donetsk_2022_R4C6_2000_2500_10500_11000_jpg.rf.e0a991566f9298d535d3562fffe24d4a.jpg,1
Donetsk_2022_R4C6_1500_2000_9500_10000_jpg.rf.fa7863e38f259049eaa6281d299c802f.jpg,1
Donetsk_2022_R4C11_1500_2000_2000_2500_jpg.rf.359c405e966a0f497d5d06d254c6c1bf.jpg,1
Donetsk_2022_R4C11_1000_1500_8000_8500_jpg.rf.b692a06e5b888e785e3262a156c9ed18.jpg,1
austin18-69-_png_jpg.rf.fb8aa8598466e18a68da0034535c91c7.jpg,1
Tripoli_2022_V2_R2C4_13000_13500_4500_5000_jpg.rf.7ccd1f1a8bac1a61d30bf0e4d5785c56.jpg,1
Donetsk_2022_R4C4_13500_14000_10000_10500_jpg.rf.5a5018621126c8e218b510eff0f6ce92.jpg,1
Donetsk_2022_R4C4_13500_14000_9000_9500_jpg.rf.a28da49dba76edf0b1a9bc9516a684b8.jpg,1
austin18-93-_png_jpg.rf.235d7ac86c48fc0f3a4c0eb4d8844da6.jpg,1
austin18-94-_png_jpg.rf.7fc4ff6b7487cd52403997a348f69391.jpg,1
Donetsk_2022_R4C6_11500_12000_4000_4500_jpg.rf.032ddc156e3c1cf5bb9cff5097afb93e.jpg,1
Donetsk_2022_R4C4_14000_14500_1000_1500_jpg.rf.09c3766e46590a0c25880c8304db88a4.jpg,1
Donetsk_2022_R4C4_13000_13500_9500_10000_jpg.rf.44df0a8ef6da49768a0c798dc2f7bcc9.jpg,1
austin18-92-_png_jpg.rf.8b5fb72c6a9bd7653ca2e96ebe2499b6.jpg,1
Donetsk_2022_R4C11_500_1000_1000_1500_jpg.rf.18bfc122b728c8c840f719187e316f02.jpg,1
Donetsk_2022_R4C6_11000_11500_12500_13000_jpg.rf.3af478fa09634da63d867f20ba97f67e.jpg,1
Donetsk_2022_R4C4_13500_14000_9500_10000_jpg.rf.2677779696a6f7c3bce05e9de5199fa7.jpg,1
austin18-78-_png_jpg.rf.8508c93cd492f168d1520d7ba9e241aa.jpg,1
Donetsk_2022_R4C4_3000_3500_12500_13000_jpg.rf.99d54de8127eadfbe42d7b96522d1d20.jpg,1
Donetsk_2022_R4C6_3000_3500_14000_14500_jpg.rf.90d89b06f438f8e7399a5200459c7baa.jpg,1
Mykolaiv_2022_A_1_R3C3_500_1000_12500_13000_jpg.rf.0899d74b398fae5c7ed1d694b7510ace.jpg,1
tyrol-w26-81-_png_jpg.rf.1e14253873379e0f201cac93b80bb531.jpg,1
Mykolaiv_2022_A_1_R3C3_6000_6500_12000_12500_jpg.rf.2ebac4516208f90d330f09ee0b45eb28.jpg,1
Mykolaiv_2022_A_1_R3C3_6500_7000_12000_12500_jpg.rf.57cca7ce47d4bcbab981bb40d782e8b1.jpg,1
tyrol-w26-85-_png_jpg.rf.6155620f82712c324f5bb00ce300935a.jpg,1
tyrol-w26-88-_png_jpg.rf.84b6fc4229cf09417eae1801e4ea0149.jpg,1
Mykolaiv_2022_A_1_R3C3_6000_6500_15500_16000_jpg.rf.90e7a0c9613e6b64225736373482383d.jpg,1
Mykolaiv_2022_A_1_R3C3_6000_6500_7000_7500_jpg.rf.94b88b5d70324fd131f7d241a24564e6.jpg,1
tyrol-w26-80-_png_jpg.rf.9a1cd225273c6fe9194b144acff8ddb8.jpg,0
Mykolaiv_2022_A_1_R3C3_6000_6500_6500_7000_jpg.rf.fa8a02a137b18054b2d283a0c647aaaa.jpg,1
Donetsk_2022_R4C4_14000_14500_500_1000_jpg.rf.1918a69dfb00a77ed664e4ad565dfc54.jpg,1
Donetsk_2022_R4C7_3000_3500_1500_2000_jpg.rf.a85da4459e9efba6454b91d260a2c75e.jpg,1
Donetsk_2022_R4C7_7000_7500_8000_8500_jpg.rf.539c182bd42ca38db514fa39f2ec7154.jpg,1
Donetsk_2022_R4C4_9500_10000_7500_8000_jpg.rf.0ac833db37418fe5f2e4d0143268f44b.jpg,1
Donetsk_2022_R4C7_3500_4000_3500_4000_jpg.rf.6947c23093af1832873c3714089cfcb7.jpg,1
chicago9-86-_png_jpg.rf.a9a5808b1cc1be4b6b855bcbc1e4833b.jpg,1
Kherson_2022_V2_R3C10_15500_16000_4000_4500_jpg.rf.9bd761674b21886c1519e755994268c1.jpg,1
Kherson_2022_V2_R3C10_15000_15500_6000_6500_jpg.rf.aee942137ca43ba5b5efe189782756e4.jpg,1
Kherson_2022_V2_R3C10_12500_13000_12500_13000_jpg.rf.5bcc8056b9c0691e0ca161b6b6887ee6.jpg,1
Kherson_2022_V2_R3C10_14000_14500_8500_9000_jpg.rf.5fdc8da96d800064e911eeef8bedaeef.jpg,1
Kherson_2022_V2_R2C10_9500_10000_14000_14500_jpg.rf.73430b69689e8805561b2c95854ac2a9.jpg,1
Kherson_2022_V2_R2C12_10500_11000_500_1000_jpg.rf.9a184847f88104f71f9cc08ea69b0571.jpg,1
tyrol-w1-10-_png_jpg.rf.f3830d604db3b255a46e6dc26b7f6516.jpg,1
chicago9-9-_png_jpg.rf.9ff07cf44e22286df648f9f24891ebac.jpg,1
Kherson_2022_V2_R3C11_2000_2500_9500_10000_jpg.rf.c028b715f05742eaaaf26cf8b4b2d430.jpg,1
chicago9-55-_png_jpg.rf.cd61465189d982b1b075f9cef4773299.jpg,1
tyrol-w1-36-_png_jpg.rf.0cc6157a344a6959359b1d476c961675.jpg,1
chicago9-90-_png_jpg.rf.f8d60aca5f6c3c9935f4277d8f372d5d.jpg,1
tyrol-w1-18-_png_jpg.rf.3b541c0011d99e869236de8f9bb34495.jpg,1
Kherson_2022_V2_R3C10_9500_10000_3000_3500_jpg.rf.bef1c0d36fbe0417d7d24442f9fe58ac.jpg,1
Kherson_2022_V2_R3C11_3000_3500_13500_14000_jpg.rf.857a6fa009f3cb38f44ea222955a82b1.jpg,1
Kherson_2022_V2_R3C10_3500_4000_14500_15000_jpg.rf.ce997494b40a33e61aca232c9741507a.jpg,1
Kherson_2022_V2_R3C11_1500_2000_2000_2500_jpg.rf.852668fe6efefad3ddf19a4cdb1d254a.jpg,1
tyrol-w1-53-_png_jpg.rf.5e65a10262e50867ec9ee950ed3d2ddf.jpg,0
Kherson_2022_V2_R3C8_13000_13500_9000_9500_jpg.rf.1aaf419839216460ad20f7598b1ad3f0.jpg,1
tyrol-w1-16-_png_jpg.rf.d4900fcd5eeb5c348e782b6657bbe5a2.jpg,0
tyrol-w1-2-_png_jpg.rf.27d04f0978854b0e03df247f8c9e83c1.jpg,0
tyrol-w1-20-_png_jpg.rf.96644a645f3083503c7ed2e307e9c84e.jpg,1
Kherson_2022_V2_R3C6_12000_12500_8500_9000_jpg.rf.f4350dc475ac64390f20393f6a75a95c.jpg,1
tyrol-w1-100-_png_jpg.rf.34607de2aef351967e842ceadee81fbf.jpg,1
Kherson_2022_V2_R3C10_4500_5000_0_500_jpg.rf.af5d0ae09d2585ebcc8cc8cf9252d0ec.jpg,1
Kherson_2022_V2_R3C11_3000_3500_2500_3000_jpg.rf.3ca821bd334ae2b80afde9adfe2149a6.jpg,1
Kharkiv_2022_A_1_R4C3_4500_5000_1000_1500_jpg.rf.142e45d65c39af3d6a8d3f2025e12d52.jpg,1
Kharkiv_2022_A_1_R5C3_4500_5000_3000_3500_jpg.rf.14e9dc4e2f15a8b6b7617137d169422b.jpg,1
Kherson_2022_V2_R3C6_13000_13500_10500_11000_jpg.rf.4d100c2718df994770800efec89ddadd.jpg,1
tyrol-w1-62-_png_jpg.rf.d911632cb521316c3112b66a92e2c4f9.jpg,0
Kherson_2022_V2_R3C6_15000_15500_8000_8500_jpg.rf.f1ee3cca899be7e9819c5bd759471500.jpg,1
Kharkiv_2022_A_1_R3C6_500_1000_3000_3500_jpg.rf.f6b289a8e9449cb71001eeab5d1bbf6f.jpg,1
Kherson_2022_V2_R3C8_9000_9500_9000_9500_jpg.rf.dc7a303a2238fbd5603bb8fe7ef8f190.jpg,1
Kherson_2022_V2_R3C6_13000_13500_10000_10500_jpg.rf.7ed419ce55d8a9f97e1768a4d4073b79.jpg,1
Kherson_2022_V2_R3C5_14500_15000_1000_1500_jpg.rf.7b48bf74228bbf8d93b8af6af5d3b0d7.jpg,1
tyrol-w1-41-_png_jpg.rf.da71c4d5a22318f1912e053016855dd3.jpg,0
tyrol-w1-56-_png_jpg.rf.fce8cf961332117199472a0c0ddb22a5.jpg,1
chicago9-44-_png_jpg.rf.260ecbe01386dc6dbe081a2912c8bafb.jpg,1
Kherson_2022_V2_R4C2_11000_11500_13500_14000_jpg.rf.3adee2f6fe98fb81181c5c8561ada4b3.jpg,1
tyrol-w10-33-_png_jpg.rf.fe9bff67b063af06262e48f3d3129894.jpg,1
tyrol-w10-26-_png_jpg.rf.4b3b0876a8a118b19711cb5bb025ed99.jpg,0
Kherson_2022_V2_R3C4_7500_8000_5500_6000_jpg.rf.4c50d701697cd93e7d876f50c9084589.jpg,1
Kherson_2022_V2_R3C6_2000_2500_6500_7000_jpg.rf.674e48aade3a0a42038dd798ec238d1f.jpg,1
Kherson_2022_V2_R3C5_15000_15500_1500_2000_jpg.rf.ff9b8578835a4ae56d9ef7c2527dc9bf.jpg,1
tyrol-w1-73-_png_jpg.rf.3fa2b9596cdcaae731741d4922ce9b4a.jpg,0
tyrol-w1-50-_png_jpg.rf.98db8374672666853b2102b7d0f58aba.jpg,1
Kherson_2022_V2_R4C2_11500_12000_14000_14500_jpg.rf.39a649b448f4adfa59fde1f5e1d7b905.jpg,1
Kherson_2022_V2_R3C6_2000_2500_7000_7500_jpg.rf.ff9ccb277cebf50dca66bb9dc98b6640.jpg,1
tyrol-w10-59-_png_jpg.rf.92166deb64b89542a007c482bf443dc6.jpg,0
tyrol-w10-54-_png_jpg.rf.c307c90165a8f37fd494f63693586d84.jpg,0
Kherson_2022_V2_R3C8_13000_13500_14500_15000_jpg.rf.37f7eef696d7f95f892fce35139eda26.jpg,1
Kherson_2022_V2_R3C7_12500_13000_13500_14000_jpg.rf.b1358a3d4ac5fb8a7357fec0e0afa8dd.jpg,1
tyrol-w10-27-_png_jpg.rf.fe84567595605dfb0ed12abbe24810e2.jpg,0
tyrol-w10-57-_png_jpg.rf.927d45aacba4fdd02798057f16da683b.jpg,0
tyrol-w10-11-_png_jpg.rf.417a3bcfe4830937e9f432966d534c08.jpg,1
tyrol-w1-99-_png_jpg.rf.6e755ee3992d93967c34e8ba88758d53.jpg,1
Kherson_2022_V2_R3C6_500_1000_13500_14000_jpg.rf.d48f25e9e5af4cd5ed2ccd7bc00fa503.jpg,0
Kherson_2022_V2_R4C2_4000_4500_14000_14500_jpg.rf.4f010dada0e9b4bf232878cfc331d9af.jpg,1
Kherson_2022_V2_R4C2_11000_11500_13000_13500_jpg.rf.7753d811eae96ed23232e3a62a63b9a0.jpg,1
tyrol-w10-30-_png_jpg.rf.932d9eb4e513544ee051b1ae1dd821ae.jpg,0
Kherson_2022_V2_R3C9_7000_7500_15500_16000_jpg.rf.c41aa9c80339162447ddfc6c056ad037.jpg,1
tyrol-w1-94-_png_jpg.rf.a91c871ca62a55f80134ad0c73dc7ee7.jpg,0
Kherson_2022_V2_R3C9_7500_8000_12500_13000_jpg.rf.4db42ba727313e6dd85a657b9e45eb0f.jpg,1
tyrol-w8-29-_png_jpg.rf.1cc1e5d69921979a832bde76bfbcf270.jpg,0
tyrol-w8-57-_png_jpg.rf.6e4628cd6c7aad69fb43a665a5b02669.jpg,1
tyrol-w8-58-_png_jpg.rf.cd6960f7ecaa406fe5d7fdd07e08a8a2.jpg,1
tyrol-w8-30-_png_jpg.rf.53b77e91ff672f90559725487fc12c89.jpg,0
Tripoli_2022_V2_R3C5_4000_4500_10500_11000_jpg.rf.a3407d3ab24e9956e7450fa74ee40a30.jpg,1
Tripoli_2022_V2_R3C5_4500_5000_5000_5500_jpg.rf.29d2fc23b58f39a513cd80fd11cfbd45.jpg,1
tyrol-w8-39-_png_jpg.rf.588bec217b0ae08d990314bfb8882627.jpg,1
tyrol-w8-53-_png_jpg.rf.78470f7ea32ec7b23d3b6335f82d9c99.jpg,1
Tripoli_2022_V2_R3C5_500_1000_13000_13500_jpg.rf.dd9dacd39d4f43d5a7b581cefb63e3f5.jpg,1
Tripoli_2022_V2_R3C5_1500_2000_3500_4000_jpg.rf.3eaf70d94c337891c5a0e4e23528fa74.jpg,1
tyrol-w8-32-_png_jpg.rf.5265b42cb0a336f751d5c722fdd873df.jpg,0
Zalingei_2022_1_A_1_R1C1_1000_1500_10500_11000_jpg.rf.5063f811acb46e7bc1decd7a5822272f.jpg,1
tyrol-w8-51-_png_jpg.rf.d389d682aa59b67325f48a50016b3c94.jpg,0
tyrol-w8-49-_png_jpg.rf.14557f68223faf5deef6a7a48847c018.jpg,0
Tripoli_2022_V2_R3C5_1500_2000_14500_15000_jpg.rf.1455a00313b1e679004988d89a0dac25.jpg,1
Tripoli_2022_V2_R3C5_2000_2500_3000_3500_jpg.rf.08585d3327cfaa1e2777733b21980c8c.jpg,1
tyrol-w8-36-_png_jpg.rf.7dfd102e2c8da10ec7530254e176c2bd.jpg,1
tyrol-w8-33-_png_jpg.rf.a4521774cc5a7eace61e6658407138de.jpg,0
Zalingei_2022_1_A_1_R1C1_3000_3500_6500_7000_jpg.rf.58b039f96a57b8a0c8de4c474ce2e4f1.jpg,1
Tripoli_2022_V2_R3C5_4500_5000_5500_6000_jpg.rf.862b4f6b1d8c96f61ed1ce4f24bd7c96.jpg,1
Tripoli_2022_V2_R3C5_2500_3000_14000_14500_jpg.rf.f75fabfc85250b3045634e71338903af.jpg,1
Zalingei_2022_1_A_1_R1C1_1000_1500_10000_10500_jpg.rf.5faa4be09939bdfa79eeeccc631628f6.jpg,1
tyrol-w8-63-_png_jpg.rf.3ffdc58d6fad554f45bea5eca44c104f.jpg,1
Tripoli_2022_V2_R3C5_1500_2000_5500_6000_jpg.rf.682678361e3cff526d36e830410f9f14.jpg,1
Tripoli_2022_V2_R3C5_3000_3500_14000_14500_jpg.rf.b90e8c582a9b6b8f99f0d043fc24764e.jpg,1
tyrol-w8-31-_png_jpg.rf.cc0fcd326fb99dc3cd3a5916ba686649.jpg,0
Tripoli_2022_V2_R3C5_5500_6000_6500_7000_jpg.rf.12ff52997a0feacbb7720a1b46228708.jpg,1
Tripoli_2022_V2_R3C6_2500_3000_3000_3500_jpg.rf.ca56724349af1be0082253a678825c2f.jpg,1
tyrol-w8-40-_png_jpg.rf.cc0b6817725fed79eab73713aadb2353.jpg,1
Zalingei_2022_1_A_1_R1C1_3000_3500_8000_8500_jpg.rf.d36f8cb9fb821200cebc3014a0c26bc1.jpg,1
tyrol-w8-34-_png_jpg.rf.1b8c0c7b175f008b90233650251992ca.jpg,0
Tripoli_2022_V2_R3C6_2500_3000_3500_4000_jpg.rf.3bfbe516a6051ea434c4f208417215cf.jpg,1
tyrol-w8-38-_png_jpg.rf.6e1297ac818cc7a26b335b58c18c1a39.jpg,1
Tripoli_2022_V2_R3C6_2000_2500_3000_3500_jpg.rf.7b274e5f6c41151a08553bf4d00e0350.jpg,1
Zalingei_2022_1_A_1_R1C1_1500_2000_11000_11500_jpg.rf.cdd9481fe0b598fe9befd45cf5a52e57.jpg,1
Zalingei_2022_1_A_1_R1C1_3000_3500_7000_7500_jpg.rf.507361b51107dbdcf8ee999d281f0174.jpg,1
Tripoli_2022_V2_R3C5_1500_2000_6000_6500_jpg.rf.112b4a4be4381c9bf992300ca9c34c95.jpg,1
Zalingei_2022_1_A_1_R1C1_3000_3500_10500_11000_jpg.rf.2f5ae6fa2632ac10f8fc0e74585619f2.jpg,1
tyrol-w8-56-_png_jpg.rf.3aa34880e5e7c8a18b05162627502df9.jpg,1
tyrol-w8-59-_png_jpg.rf.530f84b0b471bfdc548ad9fb1a69ca47.jpg,1
Zalingei_2022_1_A_1_R1C1_2500_3000_11500_12000_jpg.rf.770bf1c1ca81a404b7a037febc8ca5b1.jpg,1
Zalingei_2022_1_A_1_R1C1_2500_3000_12000_12500_jpg.rf.dd9bfebc94a98a526d71865085a77a5a.jpg,1
Zalingei_2022_1_A_1_R1C1_3000_3500_11000_11500_jpg.rf.fe8b0bb1e5b27342d4fd32bd705120cb.jpg,1
Tripoli_2022_V2_R3C6_5500_6000_500_1000_jpg.rf.1a8faec9d9181f6e666dcb9b2e475ca1.jpg,1
Tripoli_2022_V2_R3C5_500_1000_5000_5500_jpg.rf.6eb0d30b71669ab0a0cc6e25c22a7ac9.jpg,1
tyrol-w8-55-_png_jpg.rf.cd107561be9be9d9711b12199ecc57e9.jpg,1
tyrol-w8-65-_png_jpg.rf.8e151f3e875e915c93b337f15513db9a.jpg,1
Tripoli_2022_V2_R3C5_1500_2000_9000_9500_jpg.rf.9b3d681165004a0145c7eb50ebe4870f.jpg,1
tyrol-w8-42-_png_jpg.rf.2cc27cb00a91dd5ea5ef225d01985afc.jpg,0
tyrol-w8-41-_png_jpg.rf.2270e2d2ecd97522bad6f317f48af9bf.jpg,0
Tripoli_2022_V2_R3C6_6500_7000_7000_7500_jpg.rf.85ccfdcd21ac1ceab2b7e19deff0863a.jpg,1
tyrol-w8-45-_png_jpg.rf.c049d3bff4f4a15dc32bf3559b688900.jpg,1
Zalingei_2022_1_A_1_R1C1_1500_2000_9500_10000_jpg.rf.5fa9806ee81b621fc89958353cdfbf3c.jpg,1
Zalingei_2022_1_A_1_R1C1_3000_3500_12000_12500_jpg.rf.b5be846c0d67eed3f83da4cac63d2155.jpg,1
Zalingei_2022_1_A_1_R1C1_2000_2500_9500_10000_jpg.rf.bd01bd1ef74b5c11dcde2d225086d59b.jpg,1
Zalingei_2022_1_A_1_R1C1_3000_3500_7500_8000_jpg.rf.e88f5ac845ef8854516f47c2a0c3dc30.jpg,1
Tripoli_2022_V2_R3C6_500_1000_0_500_jpg.rf.1bb2408e7404d855733c17aadd904389.jpg,1
tyrol-w8-43-_png_jpg.rf.7faebb6476b0a1df2b61933b93337aef.jpg,0
Tripoli_2022_V2_R3C6_5000_5500_500_1000_jpg.rf.92954413557b90c9d9923980029f03b0.jpg,1
Zalingei_2022_1_A_1_R1C1_2000_2500_9000_9500_jpg.rf.885b3522170b8300bbade813bbd6bbab.jpg,1
Zalingei_2022_1_A_1_R1C1_3500_4000_11000_11500_jpg.rf.72329a73568a35da587c39e0b4fabeb3.jpg,1
Tripoli_2022_V2_R3C6_5500_6000_0_500_jpg.rf.804440f3b02547d0f2430e47e1ad4d87.jpg,1
Zalingei_2022_1_A_1_R1C1_2000_2500_10000_10500_jpg.rf.cf249a6d8144a192534d0f75aca91ca6.jpg,1
Zalingei_2022_1_A_1_R1C1_3500_4000_10000_10500_jpg.rf.f7d1cd31428604195275fb76a13680ae.jpg,1
tyrol-w11-83-_png_jpg.rf.41dc39a2b9acf2d3ccce02e1b0e92334.jpg,1
Zalingei_2022_1_A_1_R1C1_10000_10500_8500_9000_jpg.rf.f7f8b7b8263cddd9dfe93139e6b5defd.jpg,1
tyrol-w8-61-_png_jpg.rf.83d4747f1bd371d710976dc699d873e9.jpg,0
Kherson_2022_V2_R4C3_10500_11000_9000_9500-Copy_jpg.rf.aef45e6c9221cdf95b649b83b5b3c86e.jpg,1
Kherson_2022_V2_R4C3_12000_12500_4000_4500-Copy_jpg.rf.f5d9799e57fc43b2ab626209694178de.jpg,1
tyrol-w11-95-_png_jpg.rf.3a6612c711052e928c214ecfa75b1103.jpg,0
Kherson_2022_V2_R4C4_11500_12000_6000_6500-Copy_jpg.rf.b383516dcab6539c8494e15557b3eb83.jpg,1
Kherson_2022_V2_R4C4_12000_12500_6000_6500_jpg.rf.f37faace9e54ab43b8e11afdd98e8f1c.jpg,1
Zalingei_2022_1_A_1_R1C1_3500_4000_10500_11000_jpg.rf.c354bbcfe3ec35e8ceb0dda3c4430cc2.jpg,1
tyrol-w12-12-_png_jpg.rf.91b275e4371d13cfcc71713a35ca9220.jpg,0
tyrol-w11-72-_png_jpg.rf.0178542396644a9b1d553c408204719e.jpg,1
tyrol-w10-62-_png_jpg.rf.ecbbde4359931038b8de2ea42ea4b7ee.jpg,0
swiss_IMG_8762_JPG_jpg.rf.19ba07d6443758ee8a6bd18382988194.jpg,1
Kherson_2022_V2_R4C4_12000_12500_8500_9000_jpg.rf.0296a83a5429de7ed2c918a31fffedbe.jpg,1
Kherson_2022_V2_R4C4_11500_12000_10500_11000_jpg.rf.acc9067f41c9a412f394787b2e8f95ed.jpg,1
Kherson_2022_V2_R4C3_4500_5000_15000_15500-Copy_jpg.rf.057acad163ce78c0e100bbfcfc351412.jpg,1
Kherson_2022_V2_R4C3_9500_10000_8000_8500-Copy_jpg.rf.995e7367bfe93d6acb3b832f99f8fac2.jpg,1
tyrol-w12-18-_png_jpg.rf.67d41a164640474cf7c557aca6f65fee.jpg,0
Kherson_2022_V2_R4C2_5500_6000_6500_7000_jpg.rf.86e267f16e3e512902e5672871e247ab.jpg,1
Kherson_2022_V2_R4C2_6000_6500_15500_16000_jpg.rf.d4d170b5e5249782ae9a809ff7926dc2.jpg,1
Kherson_2022_V2_R4C4_12500_13000_3500_4000_jpg.rf.e3ec5351d4c90b564b7893b5aa4bdc0d.jpg,1
tyrol-w12-81-_png_jpg.rf.46af874c0d9645984ac28f9c8cbe31e2.jpg,1
tyrol-w10-71-_png_jpg.rf.bf1f2bae934a03921318bc7ef15f631d.jpg,0
Kherson_2022_V2_R4C2_4500_5000_15500_16000_jpg.rf.52da7da4a82b78f1bdc6e63da1af5362.jpg,1
tyrol-w11-67-_png_jpg.rf.a719519b35ebbe958b1fb59d4d3770fa.jpg,1
tyrol-w12-84-_png_jpg.rf.e225c32a39bab998ff8119f686df7bbc.jpg,1
Kherson_2022_V2_R4C3_10000_10500_9000_9500-Copy_jpg.rf.a8c65203e2cf68efd8e1ba2eaed1fd48.jpg,1
Kherson_2022_V2_R4C4_4500_5000_10000_10500-Copy-Copy_jpg.rf.1e539154ca063cc3ef354d045be73711.jpg,1
Kherson_2022_V2_R4C4_4000_4500_6000_6500-Copy-Copy_jpg.rf.7f12eb4aad0616f5bc885e5bc14053c3.jpg,1
Kherson_2022_V2_R4C4_9000_9500_8000_8500-Copy-Copy_jpg.rf.86cc1ef2b753af7382104c98ece5763b.jpg,1
tyrol-w10-73-_png_jpg.rf.6ea51f1440b3de3af0e8644e5ef2a71f.jpg,0
Kherson_2022_V2_R4C2_6000_6500_11500_12000_jpg.rf.c33546947c4e78b2d08ea71dae354494.jpg,1
Kherson_2022_V2_R4C4_6500_7000_11500_12000-Copy-Copy_jpg.rf.431934398c00be49aa2963de056522c9.jpg,1
Kherson_2022_V2_R4C4_13000_13500_2000_2500_jpg.rf.513b5dd1ca8f10a8dcbb496522206dc4.jpg,1
tyrol-w12-85-_png_jpg.rf.89b6ef497a8ee25e7ad61f1d27502364.jpg,0
Kherson_2022_V2_R4C3_4500_5000_4500_5000-Copy_jpg.rf.288cac75c93f174a5c8e560b7664307f.jpg,1
tyrol-w11-79-_png_jpg.rf.6ed878ee4d7fcc28b10ff386a4ba2c5f.jpg,1
tyrol-w11-49-_png_jpg.rf.9115b16aa03e61944e59e15ec93e6fb9.jpg,1
Kherson_2022_V2_R4C4_11000_11500_11000_11500-Copy_jpg.rf.a8b2a1d08d17dea65a7457c4969f392e.jpg,1
Kherson_2022_V2_R4C4_11000_11500_11500_12000-Copy_jpg.rf.b794ebc4ec8a2b193cf60b68dc4731a0.jpg,1
Kherson_2022_V2_R4C3_15000_15500_9000_9500_jpg.rf.b9d3df785b8faf22f39c27b92e3deeaa.jpg,1
Kherson_2022_V2_R4C3_10000_10500_6000_6500-Copy_jpg.rf.4446b6c6479651c73908e54367d3d4b2.jpg,1
tyrol-w11-18-_png_jpg.rf.dc08ce93888e9b4525580c6126f85c3f.jpg,1
tyrol-w11-42-_png_jpg.rf.935d5508aa54d344d4171707748ea1fa.jpg,0
tyrol-w10-97-_png_jpg.rf.9652beb0525443aaeb9ccf328de89d09.jpg,0
tyrol-w10-88-_png_jpg.rf.9c26aa235a50f76d78ff936ca9f5c8fa.jpg,0
Kherson_2022_V2_R4C4_9500_10000_7000_7500-Copy-Copy_jpg.rf.ac9801cc89a537e10a5fff6f8df0b06a.jpg,1
Kherson_2022_V2_R4C3_6500_7000_2000_2500-Copy_jpg.rf.14f638ae670fd375f754e9230ac0cf9a.jpg,1
Kherson_2022_V2_R4C4_16000_16500_8500_9000_jpg.rf.c1893dc9966bb22b5fd053cf037bc01b.jpg,1
Kherson_2022_V2_R4C4_14500_15000_1500_2000_jpg.rf.8bfe2b6a034b0f006b16b8c1ca51cbcb.jpg,1
tyrol-w12-32-_png_jpg.rf.908f9d339833cea42a056742024ca143.jpg,1
Kherson_2022_V2_R4C2_6500_7000_4500_5000_jpg.rf.eed40b2defd45ae1267fa53f7b37b4fd.jpg,1
tyrol-w12-35-_png_jpg.rf.0e30ebac57e11260fb1c7e1e4a069571.jpg,0
Kherson_2022_V2_R4C3_14000_14500_6000_6500_jpg.rf.2c9a12a072abfaf62ac557a12e1b52f1.jpg,1
Kherson_2022_V2_R4C3_15000_15500_8000_8500_jpg.rf.a7a814a431a634b67fdcbab8dd8c5f39.jpg,1
Kherson_2022_V2_R4C3_13000_13500_8000_8500_jpg.rf.ebfbcfb1eadeec567d5c478c0d2e7aa9.jpg,1
Kherson_2022_V2_R4C3_9500_10000_11500_12000-Copy_jpg.rf.6156f1c2e76aefb3c85e2292051d44e1.jpg,1
Kherson_2022_V2_R4C3_7000_7500_1500_2000-Copy_jpg.rf.d5879b2dd04403904e9d22e1d6cc33fb.jpg,1
Kherson_2022_V2_R4C2_6500_7000_6500_7000_jpg.rf.0314e4f8014b9d38669962a1a9172877.jpg,1
tyrol-w12-22-_png_jpg.rf.d203440300e2629995a01c23e208fb79.jpg,1
Kherson_2022_V2_R4C4_14000_14500_1500_2000_jpg.rf.6bc374a07eeb1ce3e14bd49e6b64e2db.jpg,1
Kherson_2022_V2_R4C4_13000_13500_5000_5500_jpg.rf.b603fb3ef740aeb2ada319982fc1feb3.jpg,1
Kherson_2022_V2_R4C4_8000_8500_9000_9500-Copy-Copy_jpg.rf.84e0b0b977bc420ba998379143594736.jpg,1
tyrol-w12-57-_png_jpg.rf.c6c39b3f614f1a7c73e5715ae3632e23.jpg,1
tyrol-w12-25-_png_jpg.rf.3229f69605b3a3bfa9c2946e77143ad7.jpg,1
Kherson_2022_V2_R4C4_14500_15000_5000_5500_jpg.rf.25ae5f4412a4ee3112774601c16e4ca3.jpg,1
Kherson_2022_V2_R4C4_14500_15000_9000_9500_jpg.rf.345544eb1f8a52ffc15f71ebbad6d311.jpg,1
tyrol-w12-48-_png_jpg.rf.0cbe651cfc1b6aa2b75367af3baadaf9.jpg,1
tyrol-w12-96-_png_jpg.rf.24dba2e0c54eef19afe1f22db33e5e8c.jpg,0
Kherson_2022_V2_R4C4_15500_16000_8000_8500_jpg.rf.aa32e576e25503c1bc56ddadd2fe51b8.jpg,1
tyrol-w12-52-_png_jpg.rf.0042f0a2c9f68e127132b7081b12ff87.jpg,1
Kherson_2022_V2_R4C4_14000_14500_12000_12500_jpg.rf.6026eb990b4db4a0df930fce5428a3e6.jpg,1
Zalingei_2022_1_A_1_R1C1_1500_2000_6000_6500_jpg.rf.55c9116080b3cfa32404b040247e8701.jpg,1
Zalingei_2022_1_A_1_R1C1_4000_4500_6500_7000_jpg.rf.c8a9ae8017d8222ae1fe4460ca1c2c6d.jpg,1
tyrol-w8-79-_png_jpg.rf.edf02541744b70518534bfe6fd57f9c3.jpg,1
tyrol-w8-67-_png_jpg.rf.1c7030e9db793e28602ccdecab8aeaf5.jpg,1
tyrol-w8-70-_png_jpg.rf.27c617d8b8ecc1e5f818d27e94b0d1a9.jpg,1
tyrol-w8-7-_png_jpg.rf.67cd9a110ded79c5c5c30b93910e0a5d.jpg,0
tyrol-w8-80-_png_jpg.rf.04da0c7c040889c87cd9db9d5d9c20ee.jpg,1
tyrol-w8-68-_png_jpg.rf.4c4717465936116fc539d82fc8e68616.jpg,1
Zalingei_2022_1_A_1_R1C1_5000_5500_11000_11500_jpg.rf.23dc4a692c2ac8d1ca6eaabecf1146c5.jpg,1
Zalingei_2022_1_A_1_R1C1_4000_4500_8000_8500_jpg.rf.b7e174c29c3b0d25d7ec412c51f2ea4f.jpg,1
tyrol-w8-75-_png_jpg.rf.2cd89ec2d545b6b16826f38923e13066.jpg,1
tyrol-w8-72-_png_jpg.rf.b59a8f1f474c1933fc6ef86b7a3456ef.jpg,1
Zalingei_2022_1_A_1_R1C1_3500_4000_11500_12000_jpg.rf.060df594b204d317278ffecbbca742af.jpg,1
tyrol-w8-77-_png_jpg.rf.0f5ad04a85df21708792f9f15f35a144.jpg,1
tyrol-w8-76-_png_jpg.rf.ba62957cb6322da10c17d09d47508c5e.jpg,1
Zalingei_2022_1_A_1_R1C1_3500_4000_7000_7500_jpg.rf.d42bb0bbc0d0e447825ae61572503572.jpg,1
tyrol-w8-78-_png_jpg.rf.d15724b78cd228be82d77bd882d2644a.jpg,1
tyrol-w8-89-_png_jpg.rf.4529c976c13994674f65203392d20604.jpg,1
Zalingei_2022_1_A_1_R1C1_3500_4000_9500_10000_jpg.rf.59e75c6b03572ae33ac2c545bceaeca6.jpg,1
Zalingei_2022_1_A_1_R1C1_6000_6500_10500_11000_jpg.rf.3b96fecbeddaa65a168db56557cc6ea9.jpg,1
Zalingei_2022_1_A_1_R1C1_5000_5500_12500_13000_jpg.rf.3f76af0c29bc7417713d832e23a87882.jpg,1
tyrol-w8-96-_png_jpg.rf.9caebce049f0cc1d68ef97772a320ae6.jpg,1
Zalingei_2022_1_A_1_R1C1_4000_4500_8500_9000_jpg.rf.599dec1d5ca2276225c427654c7406e0.jpg,1
Zalingei_2022_1_A_1_R1C1_3500_4000_9000_9500_jpg.rf.fa531dfda7a91edd78ae7ba38d69ad59.jpg,1
Zalingei_2022_1_A_1_R1C1_5000_5500_11500_12000_jpg.rf.a47ebc32fb41b4a861fca12cb7cb38cd.jpg,1
Kherson_2022_V2_R6C4_7500_8000_1000_1500_jpg.rf.ba4298f18014d9eea0f8d8b1be588ad7.jpg,1
Zalingei_2022_1_A_1_R1C1_5000_5500_12000_12500_jpg.rf.59378f0880e300cb6a3cb66b0eb4f165.jpg,1
Zalingei_2022_1_A_1_R1C1_5000_5500_13000_13500_jpg.rf.efb2bc6e0fa9aebd8a1762f1c6301b47.jpg,1
tyrol-w8-84-_png_jpg.rf.a0fe3803951a92f6bc7eae45600ed27b.jpg,1
Zalingei_2022_1_A_1_R1C1_4500_5000_11500_12000_jpg.rf.4072427966d0a721eeaba62311ffbf40.jpg,1
Zalingei_2022_1_A_1_R1C1_4500_5000_12000_12500_jpg.rf.e911a7848e9853b739eeac7074c93594.jpg,1
tyrol-w8-92-_png_jpg.rf.54271922401146f83b793edbdfd2df3c.jpg,1
Zalingei_2022_1_A_1_R1C1_5500_6000_10000_10500_jpg.rf.80f28be1cd4a465d37ee835447895cf8.jpg,1
tyrol-w8-87-_png_jpg.rf.d130374ca3fa636b1cbe2b6e7852804a.jpg,1
tyrol-w8-91-_png_jpg.rf.53ef71629ad771ca5cc89b35fa2241b5.jpg,1
Zalingei_2022_1_A_1_R1C1_5500_6000_10500_11000_jpg.rf.d939b95bb2270688ec37d9ea1bafdb81.jpg,1
Zalingei_2022_1_A_1_R1C1_5000_5500_9000_9500_jpg.rf.611733f605fadfcd52d9456e918185aa.jpg,1
Zalingei_2022_1_A_1_R1C1_5000_5500_7000_7500_jpg.rf.6c1f98ab1a22b3a9a2bc92699394f8b4.jpg,1
tyrol-w8-95-_png_jpg.rf.8dbba66c0554d81decdf6654d90239cd.jpg,1
tyrol-w8-97-_png_jpg.rf.e6f1311e0207d3812077427a51f0290c.jpg,1
tyrol-w8-9-_png_jpg.rf.735653f001f0aea44ffac4226f6a5aea.jpg,0
tyrol-w8-93-_png_jpg.rf.99c5b1f9d2c844e2f87605c500f1a3d7.jpg,1
Zalingei_2022_1_A_1_R1C1_5500_6000_12000_12500_jpg.rf.d497c8e0398e8cc90e135827bc9ae30a.jpg,1
Zalingei_2022_1_A_1_R1C1_5500_6000_5500_6000_jpg.rf.6c2a207682d016efffe73ee2ea086d18.jpg,1
Kherson_2022_V2_R6C4_8000_8500_2500_3000_jpg.rf.5c510dc25d6f83335d8eda43e608e63b.jpg,1
tyrol-w8-88-_png_jpg.rf.9c440791624336974f513c73d9f93bbf.jpg,1
tyrol-w16-95-_png_jpg.rf.4952e1da5c0c8a771e9ec18dce90b7c7.jpg,0
Mekele_2021_V3_1_R1C1_0_500_13000_13500_jpg.rf.958f308f2895415822ff0575cd2ac03d.jpg,1
Kherson_2022_V2_R6C4_6500_7000_1500_2000_jpg.rf.f5bf9c07da42db5bf91211fa98c8e7b5.jpg,1
Zalingei_2022_1_A_1_R1C1_6000_6500_10000_10500_jpg.rf.e8165c8fb42bdf1fb258b7759e3271c4.jpg,1
tyrol-w17-100-_png_jpg.rf.463c4005200824b8352252ca4509b3c5.jpg,1
tyrol-w16-87-_png_jpg.rf.6b8bc1c9a7e68a9ca9e8e272a09320b9.jpg,1
tyrol-w19-33-_png_jpg.rf.9adada790149e979abccf4afdcdb2477.jpg,0
tyrol-w17-14-_png_jpg.rf.6e6f26631c847dcb61c1742cd864ad68.jpg,1
Mekele_2021_V3_1_R1C1_11500_12000_14500_15000_jpg.rf.c014a3ee1c21765da3623effe1327c5d.jpg,1
tyrol-w8-99-_png_jpg.rf.a2bdfd3a434ca8b7971b75f7e4fde7c9.jpg,0
Zalingei_2022_1_A_1_R1C1_6000_6500_13000_13500_jpg.rf.596e2eab5747d55a753322dd7f530b27.jpg,1
tyrol-w16-96-_png_jpg.rf.adae5d595465c2d67453c211072b6f26.jpg,1
Zalingei_2022_1_A_1_R1C1_6500_7000_10000_10500_jpg.rf.3eebf8c18804be867b63ed48364384c3.jpg,1
tyrol-w12-99-_png_jpg.rf.477fd7d3dc24c0a1265d894f770d55d4.jpg,0
tyrol-w13-27-_png_jpg.rf.0ee5e9e85e1cd9f182d72eb196ed31cd.jpg,1
Kherson_2022_V2_R4C6_6000_6500_7000_7500_jpg.rf.a78f9fd2b5e94ee584cba8606acb7369.jpg,1
tyrol-w13-17-_png_jpg.rf.b734d611732e4bb8bf40f71b91e24425.jpg,0
tyrol-w13-15-_png_jpg.rf.485efae6fc4c311ecb259cd734463539.jpg,0
Kherson_2022_V2_R4C6_6000_6500_6500_7000_jpg.rf.fb1923d39ba5b10700d76fe09cfd985f.jpg,1
tyrol-w13-70-_png_jpg.rf.4e9c8fdcc2b3b2abc41fc10940d4d7e8.jpg,0
Kherson_2022_V2_R4C6_7000_7500_7000_7500_jpg.rf.9f34c5286fb1d6e9bac04872e105a95f.jpg,1
Kherson_2022_V2_R4C8_6000_6500_14500_15000-Copy_jpg.rf.917bdf34fb7ec7058f441989dbcaa207.jpg,1
tyrol-w15-100-_png_jpg.rf.35e6f5a88ab765002c23340b24af1289.jpg,0
Kherson_2022_V2_R5C3_0_500_5000_5500-Copy-Copy_jpg.rf.5c8940db74295bed176b63b9baa8dc60.jpg,1
Kherson_2022_V2_R4C8_8000_8500_12000_12500_jpg.rf.9e0b28771598dae48d202fec0dc7c4a2.jpg,1
Kherson_2022_V2_R4C7_14500_15000_8000_8500_jpg.rf.ae21adbb7561d30157fac39c1bec552a.jpg,1
Kherson_2022_V2_R4C8_5500_6000_14500_15000-Copy_jpg.rf.c50c228cc0f8ba85ee3c82ebae1a0173.jpg,1
Kherson_2022_V2_R4C9_1000_1500_15000_15500-Copy-Copy-Copy_jpg.rf.0a23a5f48b3ae9a131f0c9c3649820d9.jpg,1
Kherson_2022_V2_R4C7_16000_16500_13500_14000_jpg.rf.3c7500ccaa2d9edc1a186442ff7919d0.jpg,1
Kherson_2022_V2_R4C7_16000_16500_9500_10000_jpg.rf.6928a307624b3900ef6820ed8cc8a97f.jpg,1
tyrol-w13-71-_png_jpg.rf.31601f8b545698e3909192b34787aa5b.jpg,0
tyrol-w13-76-_png_jpg.rf.5afc5c510f23b0fcc41615fcb126c6df.jpg,0
Kherson_2022_V2_R4C8_5500_6000_6500_7000-Copy_jpg.rf.6f90b3c0e56476afd43ad972b48491ae.jpg,1
Kherson_2022_V2_R4C8_5500_6000_8000_8500-Copy_jpg.rf.868fb853a2791a148665578b35c9f243.jpg,1
tyrol-w14-62-_png_jpg.rf.a48f833b17e965027b0fa95fa12ee3fe.jpg,1
Kherson_2022_V2_R4C8_6000_6500_15500_16000-Copy_jpg.rf.bc5a4f7de73c81e10a59de524a72b446.jpg,1
tyrol-w15-14-_png_jpg.rf.a371ba03da592f484a1a8e84987b6b7b.jpg,1
tyrol-w15-19-_png_jpg.rf.c145bd03c3a56477f707c9121f211b49.jpg,0
Kherson_2022_V2_R5C3_0_500_5500_6000-Copy-Copy_jpg.rf.deedf12b6062186a9fe24871735c2e35.jpg,1
tyrol-w13-56-_png_jpg.rf.0f3d3bf4f939f3c58e80b117941a4290.jpg,0
Kherson_2022_V2_R4C8_5000_5500_14500_15000-Copy-2-_jpg.rf.196e8478b503c8b44f2ab98c7f64e21e.jpg,1
tyrol-w13-4-_png_jpg.rf.4fc721943c9fc38a74ad6559c46520a7.jpg,0
tyrol-w13-50-_png_jpg.rf.d40b630720377eff184761b9d9ff00bb.jpg,0
Kherson_2022_V2_R4C6_2500_3000_12500_13000_jpg.rf.39f39c03803053531fd9b16e65bb0c33.jpg,1
Kherson_2022_V2_R4C6_12000_12500_4000_4500_jpg.rf.913dda7ad95183554953cea80ceed963.jpg,1
tyrol-w13-100-_png_jpg.rf.a0e5942e8f3a15e90558a58072ead38f.jpg,1
tyrol-w13-57-_png_jpg.rf.6b871dca9faad8cc63126dd69374d64b.jpg,1
Kherson_2022_V2_R4C8_5000_5500_14000_14500-Copy-2-_jpg.rf.7825091f795901f8c0df37db7426028a.jpg,1
tyrol-w14-66-_png_jpg.rf.3f0cf979c8182dbe4a1e58331a007832.jpg,1
tyrol-w14-34-_png_jpg.rf.54b146feb8848efc826c69ea416bb303.jpg,1
Kherson_2022_V2_R4C7_15500_16000_11500_12000_jpg.rf.233b690e5c17dbb3a714a579076329a7.jpg,1
Kherson_2022_V2_R5C3_0_500_6000_6500-Copy-Copy_jpg.rf.8028e7aa88aa1144e1db7ff70fa7408e.jpg,1
Kherson_2022_V2_R4C9_3000_3500_9000_9500-Copy_jpg.rf.10b1eb4713a18e3cd19f1de4d40e0c97.jpg,1
Kherson_2022_V2_R4C9_1500_2000_14500_15000-Copy-Copy-Copy_jpg.rf.24528fc28a93ad959d4009c8ff491a43.jpg,1
tyrol-w13-37-_png_jpg.rf.670894d312d9996e90b211f38a576c11.jpg,1
Kherson_2022_V2_R4C8_7000_7500_9500_10000_jpg.rf.b07ac63a205201c3be5f679c3f2ced0a.jpg,1
Kherson_2022_V2_R5C2_2000_2500_11000_11500_jpg.rf.5820db0ccb425e5df704c450850f87bc.jpg,1
Kherson_2022_V2_R5C2_3000_3500_4000_4500_jpg.rf.b3e43bcad0a513bf9c85ce661558ee57.jpg,1
Kherson_2022_V2_R4C8_5000_5500_15000_15500-Copy_jpg.rf.064904915345a74c8e89ca0470077be0.jpg,1
Kherson_2022_V2_R4C9_5000_5500_0_500_jpg.rf.6d3ece6aa1218d2207145ec7d6a11677.jpg,1
Kherson_2022_V2_R4C9_6500_7000_0_500_jpg.rf.86f9a3e96b13ea2b2f3a4f9dec2049ef.jpg,1
tyrol-w13-85-_png_jpg.rf.2f18284c10a6786ebcd980e2996f2554.jpg,0
Kherson_2022_V2_R4C9_2500_3000_12500_13000-Copy-Copy_jpg.rf.6d73b986e32b7361e91b170b2f31e23c.jpg,1
Kherson_2022_V2_R5C1_2500_3000_4000_4500_jpg.rf.43e63f8ba9d6e53637cace3d97139125.jpg,1
tyrol-w14-74-_png_jpg.rf.23b3745637de4618f11bf7d921513776.jpg,1
Kherson_2022_V2_R5C3_1000_1500_5500_6000-Copy_jpg.rf.da3d3d2d447d41bf6c33546a73ee5b3e.jpg,1
Kherson_2022_V2_R4C8_7000_7500_11000_11500_jpg.rf.8c81f4f99da966f0a52733da5656d391.jpg,1
Kherson_2022_V2_R4C8_6500_7000_8000_8500-Copy_jpg.rf.bfcb451d2e01615ebb05c68cc19f415d.jpg,1
Kherson_2022_V2_R5C1_5500_6000_5000_5500_jpg.rf.f7054b596cf24a9d6c8a50707a8475ce.jpg,1
Kherson_2022_V2_R5C1_4500_5000_13000_13500_jpg.rf.03cddd8b593b681e52a306ccf908ba23.jpg,1
tyrol-w14-75-_png_jpg.rf.8610b3b9a64dfa483356f62f06ba5ad8.jpg,1
Kherson_2022_V2_R4C8_7000_7500_10500_11000_jpg.rf.0d6909a1eed59afbfb92925f9249974c.jpg,1
Kherson_2022_V2_R4C7_15500_16000_9000_9500_jpg.rf.aa116236c311dfeebda39549ca8cde00.jpg,1
Kherson_2022_V2_R5C1_8000_8500_6000_6500_jpg.rf.16321ce52c9bc46bb2b82c621bb72cdf.jpg,1
Kherson_2022_V2_R5C1_7000_7500_8500_9000_jpg.rf.da2ddc5e728aa98f323cee94a431bf7f.jpg,1
Kherson_2022_V2_R4C8_7000_7500_13000_13500_jpg.rf.2282d88f0e331e624cfe372b45abb6f5.jpg,1
tyrol-w14-10-_png_jpg.rf.d84aabaa90ac56e9ed159cade8b41eaf.jpg,1
tyrol-w14-97-_png_jpg.rf.04863c39286db68d693bcc028b6510e1.jpg,1
Kherson_2022_V2_R5C1_7000_7500_6500_7000_jpg.rf.f2b83766ec16293cb34a503ca1a4728a.jpg,1
tyrol-w14-31-_png_jpg.rf.19c2b26a5d26376b4d31508a068d066b.jpg,0
tyrol-w14-7-_png_jpg.rf.2111f9290867a0bb95783593f0b92d91.jpg,0
tyrol-w14-93-_png_jpg.rf.6ac544cbe1467661a37e65f6b1562297.jpg,0
swiss_IMG_8799_JPG_jpg.rf.dd730c8745ac08dd90a31d60faf01977.jpg,1
tyrol-w14-60-_png_jpg.rf.2e69e9f3a56bd8d6f6594a3db595c57b.jpg,1
Kherson_2022_V2_R4C8_8000_8500_14000_14500_jpg.rf.95a75b383abf2565cb363bb1e5e1c4ab.jpg,1
Kherson_2022_V2_R5C3_7000_7500_3000_3500_jpg.rf.5a92312316a62ea0fa98ca2234ab0aab.jpg,1
Kherson_2022_V2_R5C4_11500_12000_13000_13500_jpg.rf.afcf96ce1f095fa681130f899c40d28f.jpg,1
Kherson_2022_V2_R5C3_7500_8000_14500_15000_jpg.rf.8d7cd26e0e66fbd58da15ab76cd10b5d.jpg,1
Kherson_2022_V2_R5C4_15000_15500_13500_14000_jpg.rf.b2fe0d2004fa2e70f0ad7fe3d1438fc0.jpg,1
Kherson_2022_V2_R5C6_7500_8000_500_1000_jpg.rf.11aa92ee5ed7dcec2b4e16c68674da68.jpg,1
tyrol-w15-84-_png_jpg.rf.ab15f71557afb20bbca8b6a514a80d75.jpg,1
Kherson_2022_V2_R6C4_500_1000_11000_11500_jpg.rf.71faca99d7cd863747be998856cdb74a.jpg,1
Kherson_2022_V2_R6C4_5500_6000_7500_8000_jpg.rf.d635ef5fa2739c6264817695aeae1166.jpg,1
tyrol-w15-94-_png_jpg.rf.cdf194144c19a7e84e8a791a49b180f9.jpg,1
tyrol-w15-32-_png_jpg.rf.5765e9d9c8dc271c4ce80f624d524e16.jpg,1
Kherson_2022_V2_R5C5_7500_8000_13000_13500_jpg.rf.43faed72cc60e4b36812b434977dfdc4.jpg,1
tyrol-w16-8-_png_jpg.rf.8330c2cf4f23ef893e877a36eb45f3ae.jpg,1
Kherson_2022_V2_R5C6_8000_8500_3500_4000_jpg.rf.1e6dc7e87c7c2db5580036a2b9e08143.jpg,1
tyrol-w15-81-_png_jpg.rf.cf1ce200deab8733d67cba068d5b3ba5.jpg,1
tyrol-w15-38-_png_jpg.rf.9627c24bc5a9489059f61f6e2fab8a59.jpg,1
Kherson_2022_V2_R5C3_500_1000_10000_10500-Copy_jpg.rf.afb0b400b338efb5e1b436ca1e6285e4.jpg,1
Kherson_2022_V2_R5C5_6500_7000_16000_16500_jpg.rf.28139b14d5440ae13f4715faa74eaab9.jpg,1
Kherson_2022_V2_R6C4_1000_1500_10500_11000_jpg.rf.46a2474e7584af9202f9d4676748dbf5.jpg,1
tyrol-w15-51-_png_jpg.rf.7e41e33df5251c139a23fc4b02706a1b.jpg,1
Kherson_2022_V2_R5C3_7500_8000_14000_14500_jpg.rf.f7f15f82d6a4411a536f6ea56abb2415.jpg,1
tyrol-w16-12-_png_jpg.rf.2dc6a6d00b462ff03a7c4c4e144ba868.jpg,1
Kherson_2022_V2_R5C3_11500_12000_7000_7500_jpg.rf.6cda3a1475d9eff63d72df14d28db1c6.jpg,1
tyrol-w16-84-_png_jpg.rf.718bd5182e5539f286cef232fcdbfbdc.jpg,0
Kherson_2022_V2_R5C7_0_500_10000_10500_jpg.rf.8c8df675950545eb7e0d9a5b19f1482a.jpg,1
Kherson_2022_V2_R4C6_2500_3000_13500_14000_jpg.rf.2a4276e5e39229c9b2408308dd1f2fbc.jpg,1
tyrol-w15-52-_png_jpg.rf.925ff0b2f2b3e145a17200b266cf7698.jpg,1
Kherson_2022_V2_R6C3_7500_8000_13000_13500_jpg.rf.e1e9da360b3864844c0d16241ac25304.jpg,1
tyrol-w16-81-_png_jpg.rf.2fe338f624744fc25b3447a42a804359.jpg,0
tyrol-w16-77-_png_jpg.rf.59c99a51087d4b158041d0c589896751.jpg,1
Kherson_2022_V2_R6C4_4000_4500_9000_9500_jpg.rf.8992f0e968309d571e1c399e6bc14acf.jpg,1
tyrol-w16-10-_png_jpg.rf.2e5a59f854053d964a06c64937df7b23.jpg,1
Kherson_2022_V2_R5C6_7500_8000_4000_4500_jpg.rf.587ca72d9eb457159bff6f546dc067a3.jpg,1
Kherson_2022_V2_R5C3_1000_1500_8500_9000-Copy_jpg.rf.46837e8b6ebeb11df7cc78e997d3e122.jpg,1
Kherson_2022_V2_R6C4_0_500_11500_12000_jpg.rf.95d8de4d4b7ec6c849ec8cc30b819f8a.jpg,1
tyrol-w16-50-_png_jpg.rf.1469525eb52eb35e7ad7f0965207a713.jpg,1
Kherson_2022_V2_R6C3_6500_7000_13500_14000_jpg.rf.4f7ee0ed67abab51fa0ee36ed94c72eb.jpg,1
tyrol-w16-62-_png_jpg.rf.fc76a027df4531e7746f8b9f1eab6114.jpg,1
Kherson_2022_V2_R5C6_8500_9000_2500_3000_jpg.rf.c4b2b441520dd17c56e7c1483a7f1974.jpg,1
Kherson_2022_V2_R6C3_6000_6500_12500_13000_jpg.rf.dcb7bac3b44d3a41d6dc7445e6347f9f.jpg,1
tyrol-w15-41-_png_jpg.rf.ad2f2b76e8462ec93f3dff1e7b968386.jpg,1
tyrol-w16-14-_png_jpg.rf.294c65a177f3e1010333e1dd015e1803.jpg,1
Kherson_2022_V2_R5C3_6500_7000_1500_2000_jpg.rf.33087ceddd80295fc703188658205641.jpg,1
tyrol-w16-55-_png_jpg.rf.7245370d634ae838a98e30995b5ad24a.jpg,1
Kherson_2022_V2_R6C3_16000_16500_1000_1500_jpg.rf.e936a5a2563aa44c4413fc54cc9b3461.jpg,1
Kherson_2022_V2_R6C3_5500_6000_14000_14500_jpg.rf.4fce3c91b6c0196a01b30f4e6a863c23.jpg,1
Kherson_2022_V2_R6C3_5500_6000_13500_14000_jpg.rf.bec8c9dca904764e94e1cbc3a7396a76.jpg,1
tyrol-w15-23-_png_jpg.rf.c7efbb72a203d2288b06039a0435059c.jpg,1
tyrol-w18-35-_png_jpg.rf.1a6f65170164d8ad28288091665a6cc6.jpg,1
tyrol-w17-98-_png_jpg.rf.1ef1ff8bf5053828dedcacb1ecb24011.jpg,1
tyrol-w17-17-_png_jpg.rf.1c7037b0f6028e00341d34c86de6ef3a.jpg,1
tyrol-w17-41-_png_jpg.rf.2de17a543faa7ce473f9f360c57e56ac.jpg,1
Mekele_2022_R1C1_10500_11000_5000_5500_jpg.rf.e1d6e84254047d23820d13f7d90d1da4.jpg,1
Mekele_2022_R1C1_16000_16500_2500_3000_jpg.rf.f98a37bb0a05c9bb9c50210122635a35.jpg,1
Mekele_2022_R1C1_4500_5000_14000_14500_jpg.rf.df4172f0808c949d4b8a3943d187c7e9.jpg,1
Mekele_2021_V3_1_R1C2_10500_11000_7500_8000_jpg.rf.86ca863570e28db3d181475b5d072db6.jpg,1
tyrol-w17-96-_png_jpg.rf.b1ce496bb3a2f61754639c03f3a0533b.jpg,0
tyrol-w18-16-_png_jpg.rf.427da021ad0785619287dfbfa1ce8575.jpg,1
tyrol-w18-21-_png_jpg.rf.a843c0aace5a50b252fe02c3a7453d69.jpg,1
Mekele_2021_V3_1_R1C2_15000_15500_4500_5000_jpg.rf.c903aa4c77f7ab6705c7b9f4f98035f5.jpg,1
Mekele_2021_V3_1_R1C1_12000_12500_10000_10500_jpg.rf.f809e2856e3dcf8c89c15cf2dee7b2e1.jpg,1
tyrol-w19-34-_png_jpg.rf.a3c5cb7533328390c2b2a984c23ad624.jpg,0
Mekele_2022_R2C1_9000_9500_15000_15500-Copy_jpg.rf.eae7fe124dbe5f5f7a6581966d7850ef.jpg,1
Mekele_2022_R2C2_10500_11000_4000_4500_jpg.rf.968ef5fba3c843935f0a6eb701a8213f.jpg,1
Mekele_2021_V3_1_R1C1_12500_13000_10500_11000_jpg.rf.0a3039f552b4044c777b4b9cb60395f0.jpg,1
Mekele_2021_V3_1_R1C1_1500_2000_16000_16500_jpg.rf.83fc0a92bd6a4f96e09fefe99a989647.jpg,1
Mekele_2021_V3_1_R1C1_15500_16000_1500_2000_jpg.rf.94e9c873dbbcc590b5a31bc9e939a0de.jpg,1
tyrol-w17-66-_png_jpg.rf.ddb2f512e43b74e6e03d46b3f482bb4e.jpg,1
Mekele_2021_V3_1_R1C1_13000_13500_0_500_jpg.rf.dac3e323bdabcb8749188212a1bdae4f.jpg,1
Mekele_2021_V3_1_R1C1_2500_3000_6500_7000_jpg.rf.217d349c717d9fee80f0f7d683aae0af.jpg,1
tyrol-w17-67-_png_jpg.rf.981bb515931d77dd4a9c98003978a376.jpg,1
tyrol-w18-33-_png_jpg.rf.79e3d79b153abaf864ba31b73b3cd5d2.jpg,1
tyrol-w17-24-_png_jpg.rf.8439cf945e15ba2a489a6d881b7dc597.jpg,1
Mekele_2021_V3_1_R1C1_2500_3000_14000_14500_jpg.rf.c466be29004898543f6853cb96fa9c76.jpg,1
tyrol-w17-69-_png_jpg.rf.578b69d8cd0d7f37e6443e9060f684de.jpg,1
tyrol-w18-40-_png_jpg.rf.fd70fc2eb222a8917806106fc6fa9ab8.jpg,1
tyrol-w17-8-_png_jpg.rf.412405b0a2440f3465e176d07d6b3082.jpg,1
tyrol-w19-60-_png_jpg.rf.11292885c475eaaed2258fa6c8f9a568.jpg,0
tyrol-w19-5-_png_jpg.rf.12d7f5f17140903b5c2b965114f93703.jpg,0
tyrol-w19-56-_png_jpg.rf.7d79c4b6f496a39f3ded75f7f8450cd2.jpg,0
Mekele_2022_R2C2_11000_11500_0_500_jpg.rf.91d552dd8331ce2cb43ba016d1b0d43f.jpg,1
Mekele_2022_R2C2_11500_12000_6500_7000_jpg.rf.9ced29c31a6798fa957da8595d96f652.jpg,1
tyrol-w19-61-_png_jpg.rf.9f63406d7bab8c09d31da92b3fea28b6.jpg,0
Mekele_2022_R2C2_11000_11500_3500_4000_jpg.rf.db9eb8160ceb5d7ce1ff18c365a4f96b.jpg,1
Mekele_2022_R2C2_13500_14000_9000_9500_jpg.rf.6537712b81cce2adb15c6b0c8dd9dd16.jpg,1
Mekele_2021_V3_1_R2C1_1000_1500_2500_3000_jpg.rf.081d657f8f7f767a5eeff0bf1be63105.jpg,1
Mekele_2021_V3_1_R1C1_4500_5000_11000_11500_jpg.rf.961c82cf51417be1ab14b5d1615f1540.jpg,1
Mekele_2022_R2C2_13500_14000_6000_6500_jpg.rf.f86c82d42476a327f5d85098517812c4.jpg,1
tyrol-w17-25-_png_jpg.rf.381034a05d0a3e446171d8de9e7e3ac4.jpg,1
Mekele_2021_V3_1_R2C1_3000_3500_1000_1500_jpg.rf.48b98292394c02539776bbb518e5448b.jpg,1
Mekele_2022_R2C2_12000_12500_3000_3500_jpg.rf.704583592bc5a26e275cc0aa3fd2bb95.jpg,1
tyrol-w19-71-_png_jpg.rf.d61546bd91031352d14deb43de6ac2e0.jpg,0
Mekele_2022_R2C2_12000_12500_7000_7500_jpg.rf.e29b39abdc70280f790d31f7f600ebcc.jpg,1
Mekele_2022_R2C2_13000_13500_7500_8000_jpg.rf.97301ebe8eea36472a20067aa28b3d5b.jpg,1
Mekele_2022_R2C2_13000_13500_9500_10000_jpg.rf.c011f88a9dd0b650b539526641750d50.jpg,1
tyrol-w19-66-_png_jpg.rf.86b37281a671c8fcff2c8a3eda570272.jpg,1
Mekele_2022_R3C2_1500_2000_14000_14500-Copy_jpg.rf.6b7dba360d5174f285c94579b3144b4a.jpg,1
Mekele_2021_V3_1_R1C1_13000_13500_500_1000_jpg.rf.c71c5c5200e8de7aaf4a01157da9ea87.jpg,1
Mekele_2022_R2C2_13500_14000_11500_12000_jpg.rf.3f61b4e2236b57f88b689b37b473886d.jpg,1
tyrol-w18-45-_png_jpg.rf.64bef13133f40e7f33079af9dba44db8.jpg,1
tyrol-w2-100-_png_jpg.rf.a05a756c607ff80d11ff6afa4b8642d5.jpg,0
Mekele_2021_V3_1_R2C1_1000_1500_4500_5000_jpg.rf.abc891adaa31772fcb01fe3f51e17723.jpg,1
Mekele_2022_R3C2_14000_14500_500_1000_jpg.rf.0542ade02075a4098d8eab5086113731.jpg,1
Mekele_2022_R2C2_13000_13500_11500_12000_jpg.rf.7a93f35638de689e366f5dcf234dc625.jpg,1
tyrol-w20-31-_png_jpg.rf.6a7bffa235bbfd6e3f0bee653a704af4.jpg,0
tyrol-w20-10-_png_jpg.rf.9b1d265faf2bda3546606a376b495654.jpg,0
tyrol-w19-9-_png_jpg.rf.1c845b76cdf1a40b3475942ae676c2c3.jpg,0
tyrol-w2-90-_png_jpg.rf.2d4688ec24533cffbb0f4fc4256e18a7.jpg,0
tyrol-w19-73-_png_jpg.rf.90b391fa9009209d7cb28f8881bc12d2.jpg,1
tyrol-w18-76-_png_jpg.rf.965dfd7185472a8e88f162d3355a5c95.jpg,0
Mekele_2022_R2C2_13000_13500_10500_11000_jpg.rf.987975c7fa33b847ba56b69d09f7ba97.jpg,1
tyrol-w19-99-_png_jpg.rf.c4b58c739e0b7387a7ae9205bf999f12.jpg,1
tyrol-w18-71-_png_jpg.rf.a8a0930ebf1ad2b25194e427b8af273c.jpg,1
Mekele_2021_V3_1_R2C1_4500_5000_5500_6000_jpg.rf.c55b7186f26020ac97681a87207c82df.jpg,1
tyrol-w21-58-_png_jpg.rf.0d2fed6b87bc615c2383649304346e91.jpg,1
Mekele_2022_R2C2_12500_13000_9000_9500_jpg.rf.0dc3b42f98bf79d77d1371b9c0255fa8.jpg,1
Mekele_2022_R4C2_16000_16500_8500_9000_jpg.rf.2b45bfd93fa7ca1a80446dc3a7e4286f.jpg,1
Mekele_2022_R2C2_12000_12500_0_500_jpg.rf.b811c4643d93ec5f716e49e3fce3d855.jpg,1
tyrol-w2-94-_png_jpg.rf.86cee3e0a7da6e07eff937b26a8f2562.jpg,1
Mekele_2022_R4C2_5000_5500_2500_3000_jpg.rf.44365f40b22635ba07e753033f1c02b9.jpg,1
Mekele_2022_R2C2_13000_13500_1000_1500_jpg.rf.9ca88a661a82c723af224f18e09f1b2e.jpg,1
tyrol-w19-84-_png_jpg.rf.b3ea3a0b8fb435db277a31829766d0d1.jpg,1
tyrol-w18-39-_png_jpg.rf.b6154c0efc85954dc154b358cd86054e.jpg,1
Mekele_2021_V3_1_R1C1_12500_13000_14000_14500_jpg.rf.eeada911bfb33b983036096c4744f4ef.jpg,1
Mekele_2021_V3_1_R2C1_8000_8500_2500_3000_jpg.rf.f119e103d57f2728983e664ad1848c31.jpg,1
tyrol-w2-68-_png_jpg.rf.2bb04fd8be52a15d392dc0745e3b6a67.jpg,1
Mekele_2021_V3_1_R2C1_1500_2000_2500_3000_jpg.rf.e00c35d93b2490ddce6949c8e94bd508.jpg,1
Mekele_2022_R3C2_4500_5000_14000_14500-Copy_jpg.rf.24694318fb85f258a6d15eb2c053c2fd.jpg,1
tyrol-w2-97-_png_jpg.rf.8c1962d0e17ede09d1a94262a988fb39.jpg,1
Mekele_2022_R3C2_10500_11000_10000_10500_jpg.rf.bd845f62a374b83590fb77210aef652e.jpg,1
Mekele_2022_R7C3_0_500_7500_8000_jpg.rf.7ecebc91274476aea04735ad2e48a356.jpg,1
Mekele_2022_R4C3_11500_12000_6500_7000_jpg.rf.f707fd9be23d724b9a3a3fd28b6df74a.jpg,1
Mekele_2022_R3C1_7500_8000_16000_16500-Copy_jpg.rf.109b29572d5b5e687c20b16a33464b01.jpg,1
tyrol-w19-97-_png_jpg.rf.e75d18648cb6f9ce21177e90f41b25c9.jpg,1
Mekele_2022_R3C2_10500_11000_8500_9000_jpg.rf.89b6ac947203eeb62ed6b37de5c7e422.jpg,1
Mekele_2021_V3_1_R2C2_2000_2500_2000_2500_jpg.rf.15101543be42e1f4c34a8b1163dbed70.jpg,1
Mekele_2021_V3_1_R2C2_11000_11500_10000_10500_jpg.rf.cbe4e54fc25cda40cc6b43d4ecf613ef.jpg,1
Mekele_2022_R4C3_11500_12000_10000_10500_jpg.rf.ae5625df0118152bbf31413dfac450a1.jpg,1
Mekele_2022_R3C1_8500_9000_15500_16000-Copy_jpg.rf.0704bfd827ad0d17e2ee0c363edde0f0.jpg,1
Mekele_2022_R3C1_500_1000_10000_10500-Copy_jpg.rf.2a9adc0b4d6221fe65df69ecf95bf344.jpg,1
tyrol-w23-13-_png_jpg.rf.ccddb13731375676c765e342662af705.jpg,1
Mekele_2022_R3C1_9000_9500_16000_16500-Copy_jpg.rf.b3b30a2744181f07c9b32b0c7312d4e3.jpg,1
tyrol-w21-13-_png_jpg.rf.85fafb04b3c3a417c0fbe9ff313a5a91.jpg,0
tyrol-w2-72-_png_jpg.rf.a340a1330f029e97e3b0f2741a020c77.jpg,1
tyrol-w2-91-_png_jpg.rf.f9f01afa89cb486959ebf769e98e3609.jpg,1
Mekele_2021_V3_1_R1C3_1500_2000_0_500_jpg.rf.e4539282f5c5b7ac06c451249972125d.jpg,1
tyrol-w20-14-_png_jpg.rf.735a36ba8c99f28d442ff052f8591ed4.jpg,0
Mekele_2022_R3C2_11000_11500_8500_9000_jpg.rf.95b2003107d350c59aceb9e5a339a35e.jpg,1
Mekele_2022_R7C3_2500_3000_5000_5500_jpg.rf.24cd43f0709231d27068f48e66c247d4.jpg,1
Mekele_2022_R4C3_10500_11000_8000_8500_jpg.rf.33772c53d1076aea9906ef69bfa3241d.jpg,1
tyrol-w22-80-_png_jpg.rf.3c2940f0e8460da5a46fca895628d6bc.jpg,0
Mekele_2022_R2C2_12000_12500_8500_9000_jpg.rf.daa156c720b51b1c2331ece188ce9043.jpg,1
tyrol-w2-46-_png_jpg.rf.0738a77cdf4d2a1cea3df6e78f9bcd7f.jpg,1
tyrol-w18-66-_png_jpg.rf.331ed8696217f6f391eb7a15cbadb60b.jpg,0
Mekele_2022_R4C2_7500_8000_9500_10000_jpg.rf.617f23258b065da38793249a5a0a8b78.jpg,1
Mekele_2022_R3C1_9500_10000_16000_16500-Copy_jpg.rf.75b4c729cf11e14b8a371893f9515894.jpg,1
tyrol-w22-20-_png_jpg.rf.14e3fa62d3d27c7165c4ef8aa5e0f234.jpg,1
Mekele_2022_R5C2_2000_2500_500_1000_jpg.rf.99268164e45f1e4d1d16c240d0e1c4e0.jpg,1
Mekele_2022_R5C2_7000_7500_3500_4000_jpg.rf.e90209a8bac36e9b27f9c03b1a16af76.jpg,1
Mekele_2022_R2C2_9500_10000_2500_3000_jpg.rf.36f496295a433b0b4995c610669746c5.jpg,1
Mekele_2022_R3C1_11500_12000_12000_12500_jpg.rf.d00c1ec88d9f2d753a5374bb6695352a.jpg,1
Mekele_2021_V3_1_R2C1_2500_3000_5500_6000_jpg.rf.b987ea26a7157a701d297ae6533597e3.jpg,1
Mekele_2022_R3C1_8500_9000_12500_13000-Copy_jpg.rf.a161dd5a223a8b7927a5b9a0bc08b2b8.jpg,1
Mekele_2022_R4C2_7000_7500_10000_10500_jpg.rf.451ffb5d61fab3563940bec5b1d819eb.jpg,1
Mekele_2022_R4C2_7000_7500_6500_7000_jpg.rf.702d1b2296d81083d88e71c2fedcb425.jpg,1
Mekele_2022_R5C2_3500_4000_0_500_jpg.rf.1e72c9798508fdaf6df736238fd9f390.jpg,1
Mekele_2021_V3_1_R2C1_2500_3000_6500_7000_jpg.rf.02cfc7f4ca35bc308bb1c2378d7692c6.jpg,1
Mekele_2021_V3_1_R2C1_2000_2500_2500_3000_jpg.rf.b847599076750d735443babe37c22adb.jpg,1
Mekele_2022_R2C1_9500_10000_8500_9000-Copy_jpg.rf.c057f7e0c5a0e2e7cbd9feddbeaa4630.jpg,1
tyrol-w2-47-_png_jpg.rf.165f674e62a741f5e82a61243ab7755a.jpg,1
Mekele_2022_R3C3_4000_4500_4000_4500_jpg.rf.acc569fc3ec6b1088535ce4ba6c7a714.jpg,1
tyrol-w2-49-_png_jpg.rf.54b28826cb5dfe172143bb10ae8b9877.jpg,1
tyrol-w2-64-_png_jpg.rf.e60c5cc4f6c0b9ba1b66fb3feb69ffbb.jpg,1
tyrol-w21-6-_png_jpg.rf.cedecbcdd0c2ecbcedab8911c2de17f3.jpg,0
tyrol-w17-60-_png_jpg.rf.4c57e262507be00ab7f0336cb752bb8f.jpg,1
Mekele_2022_R2C2_9000_9500_4500_5000_jpg.rf.c12f75386a477d1a47fd1d0bb2f8b0b6.jpg,1
tyrol-w21-24-_png_jpg.rf.9297e7e96abea866ac6231a1982677d5.jpg,0
Mekele_2022_R5C1_500_1000_12000_12500_jpg.rf.9b20874db5dd73e2dd4f80367e484c1e.jpg,1
tyrol-w21-17-_png_jpg.rf.f25bcba19ce8b15c4b6c5af39afa8121.jpg,1
tyrol-w19-46-_png_jpg.rf.d32d9cd0dd6172903cc35e85b0c47933.jpg,0
Mekele_2022_R2C2_10500_11000_1000_1500_jpg.rf.e125a5e457b22646188b43efe2dab2b4.jpg,1
tyrol-w22-87-_png_jpg.rf.671b048e9b0845ed62fe1420e674f794.jpg,1
Mekele_2022_R3C1_0_500_9500_10000-Copy_jpg.rf.b6bfb18c5bee702095d3ebb52869873c.jpg,1
Mekele_2022_R3C3_9000_9500_3000_3500_jpg.rf.21f65008a27d3ae53d3a872c3181a4da.jpg,1
tyrol-w23-19-_png_jpg.rf.484a97461337022a5da330164c9bdbc9.jpg,1
tyrol-w22-62-_png_jpg.rf.8024300e892e58863311cf573e51ce14.jpg,0
tyrol-w21-7-_png_jpg.rf.dc8165edb37ce3729235761d8e603fba.jpg,1
tyrol-w20-61-_png_jpg.rf.c2dad0d620957b4e6839416b73046ab7.jpg,0
tyrol-w2-44-_png_jpg.rf.f1328b9837ad3f6d76146f562b291ec9.jpg,1
Mekele_2022_R3C3_1500_2000_500_1000_jpg.rf.12aba01f63a02a551a0084af963d54b8.jpg,1
tyrol-w23-15-_png_jpg.rf.0883771c24d64f36de9fbcf7d63cfaf7.jpg,1
Mykolaiv_2022_A_1_R1C4_9000_9500_2000_2500_jpg.rf.a18f8c188fce5bd344e87e1f433a2b52.jpg,1
Mykolaiv_2022_A_1_R1C1_4000_4500_12000_12500_jpg.rf.4e6ae8d52d797e609d11068339ef2821.jpg,1
Mykolaiv_2022_A_1_R1C1_3000_3500_11500_12000_jpg.rf.ede33273993e7417ce57a6c7a30ef198.jpg,1
Mekele_2022_R2C2_14000_14500_8000_8500_jpg.rf.a6e50ce88cd2a1dff5ff4b79db664464.jpg,1
Mykolaiv_2022_A_1_R1C3_9000_9500_1000_1500_jpg.rf.31ff1c261b3f1322caabd8a5e9053ec0.jpg,1
tyrol-w23-54-_png_jpg.rf.60eb39e711f0a12e25aafa0bf664cc41.jpg,1
Mykolaiv_2022_A_1_R1C3_8500_9000_1500_2000_jpg.rf.91b37e0c760910b4e0c1b2042778624b.jpg,1
Mekele_2022_R3C2_5500_6000_1000_1500-Copy_jpg.rf.d5559242e33f6fe2d92de76c377ab65a.jpg,1
Mykolaiv_2022_A_1_R1C1_7500_8000_15500_16000_jpg.rf.1ce79a8cfd28e71193143b721878a29b.jpg,1
Mykolaiv_2022_A_1_R1C1_1500_2000_15500_16000_jpg.rf.2da722420062327bb8285f67cd059945.jpg,1
Mekele_2022_R2C2_15000_15500_12000_12500_jpg.rf.989a1b193c5ea6556a42053ec16ec382.jpg,1
tyrol-w22-9-_png_jpg.rf.6b6d038c75519d0e5e5287dc8e445a03.jpg,1
Mekele_2022_R3C2_5500_6000_12000_12500-Copy_jpg.rf.95aee049a4141f3a3fdeca174a131496.jpg,1
Mekele_2022_R5C1_500_1000_9500_10000_jpg.rf.06cb0e826dd2e78223f1d4bb1646314e.jpg,1
tyrol-w22-71-_png_jpg.rf.60614633de55424ebf362250741392fb.jpg,1
tyrol-w23-21-_png_jpg.rf.5d26cfc7e38529b9654caf88568ea2d6.jpg,1
Mykolaiv_2022_A_1_R1C4_16000_16500_8500_9000_jpg.rf.0034ada82e402d140f88e89a9f7d1bef.jpg,1
Mekele_2022_R6C2_6500_7000_14500_15000_jpg.rf.5e850ce3dfddea9fe54f8ffee990739f.jpg,1
Mykolaiv_2022_A_1_R1C4_10000_10500_16000_16500_jpg.rf.d66082178765e2ac216f9e3d6fa3a0d1.jpg,1
Mekele_2022_R2C2_15500_16000_10500_11000_jpg.rf.aa0c7cddbb9a59e5e4c0391fc62412c8.jpg,1
tyrol-w22-73-_png_jpg.rf.12f572c9b53f7c563910ddd7c5979a18.jpg,1
tyrol-w20-85-_png_jpg.rf.f3a6f695a0aa4a01a4d9f6ee925a481d.jpg,1
tyrol-w23-64-_png_jpg.rf.62ba7b58ccc353da092ca6b40cfd5801.jpg,1
tyrol-w2-41-_png_jpg.rf.06bbd3cbec40ebe75dc7e8258be50c79.jpg,1
tyrol-w2-21-_png_jpg.rf.9b7b0f874ff132e43ec95de22decbde8.jpg,1
tyrol-w23-77-_png_jpg.rf.acfba30b2d1f1e48c62bd042b29b9c77.jpg,0
tyrol-w23-56-_png_jpg.rf.bcf2fc14e5e0d1e927598d9e42ffbc8b.jpg,1
Mekele_2022_R2C2_8500_9000_3000_3500_jpg.rf.24b954131f17aa06eda9e7c1314280fe.jpg,1
Mekele_2022_R3C2_7500_8000_1000_1500-Copy_jpg.rf.b3549ec8f02f7672c04716c7071eef00.jpg,1
Mekele_2022_R5C2_1500_2000_1500_2000_jpg.rf.34434a350c3f4987001e59f9e5f1ab7d.jpg,1
Mykolaiv_2022_A_1_R1C3_9000_9500_11500_12000_jpg.rf.3d73ac42690fde173f080ecf4822acc0.jpg,1
tyrol-w23-74-_png_jpg.rf.51fe934d41cd65dc092242a43bad64ab.jpg,0
Mykolaiv_2022_A_1_R2C1_6500_7000_13500_14000_jpg.rf.434d64be9929656895b281f28f473501.jpg,1
Mykolaiv_2022_A_1_R2C2_15000_15500_9000_9500_jpg.rf.b94ab4909668fb01f4c084066dbc62f6.jpg,1
Mekele_2022_R3C2_7000_7500_16000_16500-Copy_jpg.rf.328f104e4029e57cfea2a05c204519a9.jpg,1
tyrol-w20-81-_png_jpg.rf.aff19da8fed52f3a3530268583e59c20.jpg,1
Mekele_2022_R3C2_7500_8000_8500_9000-Copy_jpg.rf.e05440264024db0599196146083af911.jpg,1
Mykolaiv_2022_A_1_R1C4_11500_12000_13000_13500_jpg.rf.a9bdbdcb1d115652612629efbad1e2a3.jpg,1
Mykolaiv_2022_A_1_R2C2_14500_15000_9000_9500_jpg.rf.7a091bcec86ba6b0726100d203625078.jpg,1
tyrol-w24-36-_png_jpg.rf.ca1d445db99728341d5334b75ef87f6f.jpg,1
Mykolaiv_2022_A_1_R2C2_3500_4000_9000_9500_jpg.rf.feb4e0611c1e977ad4687c85b05ddb5d.jpg,1
Mekele_2022_R3C2_5500_6000_13500_14000-Copy_jpg.rf.d143c1b0572b8df759054736c1f2adbd.jpg,1
Mekele_2022_R3C2_7000_7500_0_500-Copy_jpg.rf.0e24fffee9887259b809ef399fd236a0.jpg,1
Mykolaiv_2022_A_1_R2C2_15000_15500_9500_10000_jpg.rf.1f1b64f3a1fa05e1859d3767ff4878c0.jpg,1
tyrol-w24-48-_png_jpg.rf.5b547e16bdb898eb7cba3570cb7d34f6.jpg,1
tyrol-w23-34-_png_jpg.rf.8c4438a7927798b722796bca40807080.jpg,0
tyrol-w20-7-_png_jpg.rf.dc8466d4a7f50f7b5c7ef272bfc04770.jpg,0
tyrol-w2-45-_png_jpg.rf.f9677b1447b3480a0262f51d24044438.jpg,1
Mekele_2022_R3C2_7000_7500_13000_13500-Copy_jpg.rf.226e8448e8b52eb020a2e17459f1bda9.jpg,1
Mykolaiv_2022_A_1_R1C5_13000_13500_1000_1500_jpg.rf.4b3aca3337b69088dca7912cc236950e.jpg,1
Mykolaiv_2022_A_1_R2C1_9500_10000_15500_16000_jpg.rf.89b1a073f953c068c38fcfc538feac06.jpg,1
Mykolaiv_2022_A_1_R1C1_7500_8000_14000_14500_jpg.rf.be8335bf2ca6dae15f5325b2f20f6947.jpg,1
Mykolaiv_2022_A_1_R2C2_5000_5500_14000_14500_jpg.rf.490d80c19b6db0f8a0df6f7cf3e3da45.jpg,1
tyrol-w23-47-_png_jpg.rf.933ddf66b0b2090616c7611e5d62bcff.jpg,1
Mekele_2022_R3C2_5000_5500_11500_12000-Copy_jpg.rf.00e880db7db8bc9125d1c709096d50ef.jpg,1
Mykolaiv_2022_A_1_R2C2_8500_9000_500_1000_jpg.rf.032400130aa9e5f53f6823159d5427fe.jpg,1
Mykolaiv_2022_A_1_R2C2_15000_15500_2000_2500_jpg.rf.934c6b20184b9b87dbb67bfa4281d13d.jpg,1
tyrol-w24-53-_png_jpg.rf.e96366187c7a27c29fe5d1a65fa9bede.jpg,1
tyrol-w24-31-_png_jpg.rf.5e1b6bbd9bbd6fa2fe390d5e16468046.jpg,1
Mykolaiv_2022_A_1_R2C1_5000_5500_13000_13500_jpg.rf.7e983e0ba78240725f5c47314b46fe45.jpg,1
tyrol-w20-9-_png_jpg.rf.10a5b2ca9fdcdffd480d2423cc9f5cef.jpg,0
tyrol-w20-94-_png_jpg.rf.a0e24fd5d1821aee1abe2201e0bf44ed.jpg,0
Mykolaiv_2022_A_1_R1C4_13000_13500_2500_3000_jpg.rf.421d66ea39e00f5bb776e2ad8ebdec5c.jpg,1
tyrol-w20-34-_png_jpg.rf.459dd66711728dd4d0b52ccc640db664.jpg,0
tyrol-w24-51-_png_jpg.rf.07bdadb66ffb63395668b6815f760e60.jpg,1
tyrol-w24-28-_png_jpg.rf.183ef4cc9e78978e222ec121c50f23c2.jpg,1
Mykolaiv_2022_A_1_R2C1_5500_6000_13500_14000_jpg.rf.a42d753e169f9ddabdc489d10f4eea12.jpg,1
tyrol-w20-99-_png_jpg.rf.c36df9db3f00367f5dbdc2e6fd167077.jpg,1
Mykolaiv_2022_A_1_R1C2_6500_7000_9500_10000_jpg.rf.63192a0700384c02e57566863113af7f.jpg,1
tyrol-w20-59-_png_jpg.rf.0ec64176d38bff9f3a0eb3f162a38546.jpg,0
Mekele_2022_R3C2_6000_6500_12000_12500-Copy_jpg.rf.970e51f7a46cb2376c87105a9a33faff.jpg,1
Mekele_2022_R3C2_5000_5500_15500_16000-Copy_jpg.rf.f6d3fde382282d1dd120fab594701bc0.jpg,1
tyrol-w24-22-_png_jpg.rf.d653c48827bb84b1d1260b94d5798c7b.jpg,1
Mykolaiv_2022_A_1_R1C3_12000_12500_7500_8000_jpg.rf.d02464ab6c5c06242fbc91f20143a2fd.jpg,1
tyrol-w21-36-_png_jpg.rf.e9438f54ad75627af92d9a67a3a1493a.jpg,1
Mykolaiv_2022_A_1_R2C1_6000_6500_14500_15000_jpg.rf.48f1ba3431b5690579ae3a7f3f5a860e.jpg,1
Mykolaiv_2022_A_1_R2C4_3000_3500_10000_10500_jpg.rf.89f310bd2da68185fc44a24ca1a6fa17.jpg,1
Mekele_2022_R3C2_6500_7000_1000_1500-Copy_jpg.rf.4e90954ca64fd633290e25849c807b41.jpg,1
tyrol-w23-67-_png_jpg.rf.47d3e639e6df2afa27826401f0e7dd7c.jpg,1
Mykolaiv_2022_A_1_R2C4_13500_14000_2000_2500_jpg.rf.670581f64e66ba5de5854cf3ed5d740e.jpg,1
tyrol-w23-52-_png_jpg.rf.a298407cb3ee75453775f1b8a036a08d.jpg,0
Mykolaiv_2022_A_1_R2C4_13000_13500_10000_10500_jpg.rf.9dfd0f6bd6353bb64f931f9e876981f5.jpg,1
Mykolaiv_2022_A_1_R3C2_10500_11000_13000_13500_jpg.rf.d271b24e25c52c0a988d1c18ecbd8ce3.jpg,1
tyrol-w25-14-_png_jpg.rf.e9d8a1342bbbde3233b40910d25f40da.jpg,0
tyrol-w25-15-_png_jpg.rf.5e6c9d29d382d79ab9b6f88b3f33b90e.jpg,0
Mekele_2022_R4C1_9000_9500_15500_16000_jpg.rf.601c45d24ecdb245419692113d313cb8.jpg,1
Mykolaiv_2022_A_1_R2C4_3500_4000_7500_8000_jpg.rf.56564dd5589b95fd9ea4384876c2bcc5.jpg,1
Mykolaiv_2022_A_1_R2C3_10000_10500_3000_3500_jpg.rf.a14b5fc3b8dabdf5ddc74b0a68b06897.jpg,1
Mykolaiv_2022_A_1_R2C4_14500_15000_8000_8500_jpg.rf.b2fe19035a8f5629c959430fc975eb9d.jpg,1
tyrol-w21-52-_png_jpg.rf.11cce9afe138d9f152c3bea76b08177d.jpg,1
Mekele_2022_R4C2_11500_12000_16000_16500_jpg.rf.2fd6e6de35256699cd96b816c082de24.jpg,1
Mekele_2022_R3C2_8500_9000_2500_3000_jpg.rf.840f42b97b53694770eb32fe9a13fc11.jpg,1
tyrol-w21-48-_png_jpg.rf.bcaff9604f1d4868923af8f2a628d184.jpg,1
Mekele_2022_R4C3_6000_6500_9500_10000_jpg.rf.9260c3c6628e5c61a2808dc3d5e42b19.jpg,1
tyrol-w25-53-_png_jpg.rf.2e3c9e4d5a726b28045a44b1632f3c9f.jpg,1
tyrol-w25-99-_png_jpg.rf.3f11a856254bbc15dfc201531092168e.jpg,1
tyrol-w25-18-_png_jpg.rf.6d133669971821336c336e00136b73ca.jpg,1
tyrol-w22-28-_png_jpg.rf.6d5a8d82008607d16b0b95b3099d44df.jpg,1
tyrol-w24-6-_png_jpg.rf.77455f847f0e0c69488150c22ab4f756.jpg,1
tyrol-w22-4-_png_jpg.rf.e729c60c2abbc562f4e138b1bbb96b5f.jpg,1
tyrol-w24-61-_png_jpg.rf.fea0c7e363b33c3826a2c74449d066e1.jpg,1
Mekele_2022_R4C2_10500_11000_7000_7500_jpg.rf.60be815f8bb63e2eb28f2bbed6d0c2d1.jpg,1
Mykolaiv_2022_A_1_R2C3_13000_13500_15000_15500_jpg.rf.dc8b594565714f415248f6ef1dbe3230.jpg,1
Mykolaiv_2022_A_1_R2C4_8500_9000_8500_9000_jpg.rf.bfb5b82ecf4caa3a7d06986deefd6828.jpg,1
tyrol-w23-98-_png_jpg.rf.6083618cfb7b3167e1f0edbb6dd0a77c.jpg,0
tyrol-w27-56-_png_jpg.rf.471b185c029a15c72f740e5fd2173f29.jpg,0
Mykolaiv_2022_A_1_R2C4_3000_3500_9500_10000_jpg.rf.518abaa89fc5e359936a047ededb61ca.jpg,1
Mekele_2022_R4C2_15000_15500_8000_8500_jpg.rf.53a0f494d955df9eacff2e2ecaa3f08e.jpg,1
tyrol-w22-12-_png_jpg.rf.ad89dad8daadcef8104875d2195016f1.jpg,1
Mykolaiv_2022_A_1_R2C5_2000_2500_3000_3500_jpg.rf.a93e87955698065a741a3d2ffbdc6c7e.jpg,1
tyrol-w26-14-_png_jpg.rf.eefcf59490e000a2edb910ae5772882f.jpg,0
Mykolaiv_2022_A_1_R2C4_2000_2500_9500_10000_jpg.rf.1b8b85c4da6d49523ad8b638fb532dab.jpg,1
tyrol-w25-38-_png_jpg.rf.381dc4fd32d1386e7f31b7075bc48ced.jpg,0
Mekele_2022_R2C2_13000_13500_7000_7500_jpg.rf.52296b21675a7c8d7476a080e46c8843.jpg,1
tyrol-w25-30-_png_jpg.rf.b66925b0fe407e674a7dd47a44726a8f.jpg,0
Mekele_2022_R4C3_8500_9000_2000_2500_jpg.rf.1f7646a5828eb536adf27084f68703ee.jpg,1
Mekele_2022_R4C2_15000_15500_8500_9000_jpg.rf.6b5b69ba06fb959a6a2d2570d93e6ba0.jpg,1
Mykolaiv_2022_A_1_R3C2_7000_7500_7000_7500_jpg.rf.48c4bf0acb19b5978628ee56f7c6832c.jpg,1
Mykolaiv_2022_A_1_R1C4_9000_9500_1500_2000_jpg.rf.7037bd98df127f0120fac4b81c07e648.jpg,1
Mykolaiv_2022_A_1_R2C4_3000_3500_8000_8500_jpg.rf.e7841ecf857a8e9f35bb8b2807227806.jpg,1
tyrol-w26-50-_png_jpg.rf.4382a8b3cafb74de8b7b39271d8d27c4.jpg,0
Mykolaiv_2022_A_1_R2C3_13500_14000_16000_16500_jpg.rf.f03396a95d5c34735b522b2d245988ef.jpg,1
tyrol-w25-93-_png_jpg.rf.7779af0a44201d9738c35c36375741a7.jpg,0
Mykolaiv_2022_A_1_R3C4_500_1000_8500_9000_jpg.rf.6610cbf16787ab4f0babfb6a6b815ee2.jpg,1
Mykolaiv_2022_A_1_R3C4_7500_8000_16000_16500_jpg.rf.b383017178adcfc42894b77e3ebf3b06.jpg,1
Mykolaiv_2022_A_1_R3C3_5000_5500_8500_9000_jpg.rf.0f594b3eb89d8eb357fa4f27acabb03f.jpg,1
tyrol-w20-75-_png_jpg.rf.5a1fd8342c510b4589a21d83d649c7c3.jpg,0
tyrol-w26-43-_png_jpg.rf.b1e61ebbca8a2923b7b1632110b54fd9.jpg,0
Mekele_2022_R4C2_8500_9000_5000_5500_jpg.rf.2e5722f9c4abf500419097fc858f1ad1.jpg,1
Mykolaiv_2022_A_1_R3C3_1500_2000_10500_11000_jpg.rf.9076cf423734587643eb6c76674bd49f.jpg,1
Mykolaiv_2022_A_1_R2C4_2000_2500_4000_4500_jpg.rf.0be972af80385da91c0c19c8b38a6367.jpg,1
Mykolaiv_2022_A_1_R3C3_5000_5500_14500_15000_jpg.rf.0f75a47d8c01058bd896ace33de1ddd8.jpg,1
Mykolaiv_2022_A_1_R2C4_2000_2500_4500_5000_jpg.rf.c086df486045d56661970a1dfa92af07.jpg,1
Mykolaiv_2022_A_1_R3C3_6000_6500_6000_6500_jpg.rf.d2fda303295b464b3a3865bf3628ee56.jpg,1
Mykolaiv_2022_A_1_R3C3_5000_5500_7500_8000_jpg.rf.30d551e99829058610c33f2a41fb7450.jpg,1
tyrol-w25-49-_png_jpg.rf.d00ec2840a33d223412ce46790bf8f56.jpg,1
Mykolaiv_2022_A_1_R3C3_2000_2500_8500_9000_jpg.rf.ff7782337125668e456c6e2adc51d4ee.jpg,1
Mekele_2022_R5C1_500_1000_11000_11500_jpg.rf.cb5ca199997a40cf77212db80f9067d5.jpg,1
Mekele_2022_R3C2_6500_7000_500_1000-Copy_jpg.rf.8ec533105f4db4563f2855110b592570.jpg,1
tyrol-w27-53-_png_jpg.rf.1e1cc39037973067802fc3c63e0f0d6f.jpg,1
tyrol-w25-74-_png_jpg.rf.1f0374baab5fb88c089c5dd20ec162f4.jpg,0
Mykolaiv_2022_A_1_R2C4_4500_5000_6500_7000_jpg.rf.2d831210718fee5a25313f3ae90696bd.jpg,1
tyrol-w25-73-_png_jpg.rf.87971e90cf5bcb90f0e09dfc9b01894e.jpg,0
Mykolaiv_2022_A_1_R3C3_2000_2500_10500_11000_jpg.rf.a0436cdfbff964d95384e878d34649b1.jpg,1
tyrol-w26-30-_png_jpg.rf.d52b49d4427c322a3e281e3644b8fbbf.jpg,0
tyrol-w26-57-_png_jpg.rf.93fc1eec663bfc7aff6efced99edcd3d.jpg,1
Mekele_2022_R3C3_8000_8500_0_500_jpg.rf.b0f65c7e0409ce99013f5e99d3356fc3.jpg,1
tyrol-w21-88-_png_jpg.rf.4d07caf294031b8b3021a281fa43da1a.jpg,1
tyrol-w21-92-_png_jpg.rf.7ed7818d9bf7a035ede5bcd477d19aa2.jpg,1
tyrol-w22-50-_png_jpg.rf.89b3d761e99c4441f8769364ad113916.jpg,1
tyrol-w21-83-_png_jpg.rf.d11b5b52c36f5814695232b27b73dc23.jpg,1
Mekele_2022_R4C2_8500_9000_8500_9000_jpg.rf.d6ad2206d2f8cc48940764d9528189b0.jpg,1
Tripoli_2022_R1C1_13000_13500_6500_7000_jpg.rf.79c40c7eb858fdd8bbe6add1e0977dbf.jpg,1
tyrol-w28-32-_png_jpg.rf.56bdc32f6c2a3c5ae3b2241568ee25df.jpg,0
tyrol-w26-31-_png_jpg.rf.db35be325ffa31325c476af63eb7ad74.jpg,0
tyrol-w28-80-_png_jpg.rf.cfb24f7c213d8d28eabf1a88dbaa0415.jpg,1
Mykolaiv_2022_A_1_R4C3_12000_12500_12000_12500_jpg.rf.fcfb2b89b80706bc5d1c2a6db10bca53.jpg,1
tyrol-w22-56-_png_jpg.rf.11215e2207a34c832c63003d7e721643.jpg,1
Mekele_2022_R5C1_0_500_7500_8000_jpg.rf.3ad1c3311c82c084d8e0c929a665b42d.jpg,1
Mekele_2022_R4C2_8500_9000_4500_5000_jpg.rf.689a3cf4ad4510b6e29926068df490e3.jpg,1
Mekele_2022_R4C2_8000_8500_5000_5500_jpg.rf.d4972a4398eed7768bd9a591d543bdbd.jpg,1
Mykolaiv_2022_A_1_R3C3_5500_6000_13500_14000_jpg.rf.a28639058498848e5190f6e60537ef99.jpg,1
Mykolaiv_2022_A_1_R3C4_1000_1500_4000_4500_jpg.rf.596f11e9b180202a754a3ba41ad85bdd.jpg,1
Mykolaiv_2022_A_1_R4C4_12500_13000_11000_11500_jpg.rf.96f65d521506c646ec13515ed83e3971.jpg,1
tyrol-w22-60-_png_jpg.rf.3a9f83e15d0ccdf4895a5f0c4db8826f.jpg,1
Mykolaiv_2022_A_1_R1C1_6500_7000_15000_15500_jpg.rf.d84889e848b67fc7a66d5e703e4f20b6.jpg,1
Tripoli_2022_R2C1_10500_11000_4500_5000_jpg.rf.8651dea6b9d665fd58e8264a37e954a2.jpg,1
Mykolaiv_2022_A_1_R5C4_3500_4000_2500_3000_jpg.rf.f0c56d384f8c887e67e729f58126d1b2.jpg,1
tyrol-w26-79-_png_jpg.rf.3aec75046f158731a6a533d1b3c1f659.jpg,1
Mekele_2022_R4C3_8500_9000_6000_6500_jpg.rf.fe36a8aafae0a43f0d6add417caf679a.jpg,1
tyrol-w28-69-_png_jpg.rf.1c491cff741954736fb5f3638efeacb6.jpg,1
tyrol-w29-44-_png_jpg.rf.6b8259aa9d2bbf38549f024656a9ceaf.jpg,0
Tripoli_2022_R1C1_10000_10500_6000_6500_jpg.rf.de75f6bf2bd77f4dd672618aaf8476f8.jpg,1
tyrol-w28-82-_png_jpg.rf.ff8edbcaf85a412edeeb2e6a689b7451.jpg,1
tyrol-w27-62-_png_jpg.rf.0eb68408817b57ba0372f45c2c94a8b2.jpg,0
Mykolaiv_2022_A_1_R2C4_6500_7000_7500_8000_jpg.rf.5e62fe4e896b17192c33c32068cab34b.jpg,1
tyrol-w26-99-_png_jpg.rf.7f7d1172e98333ce670d5c75e33da278.jpg,1
tyrol-w26-15-_png_jpg.rf.0d9037654fda85c6ab0ab7cf9cfffb6c.jpg,0
tyrol-w28-43-_png_jpg.rf.37fbea5040e3ccafb1a1ba62d6ed48ec.jpg,1
Mykolaiv_2022_A_1_R5C4_2500_3000_5500_6000_jpg.rf.5f822a544a0247bc2b1ba511e95c2dd6.jpg,1
Mykolaiv_2022_A_1_R5C3_6000_6500_14000_14500_jpg.rf.9817a983c4b2689cc02d036a15b2427f.jpg,1
Mykolaiv_2022_A_1_R5C4_0_500_9500_10000_jpg.rf.e44e69d085a88d598da2bd3956cb9fc6.jpg,1
tyrol-w24-68-_png_jpg.rf.60336725ed8e9d358f10844b10845b7b.jpg,1
Tripoli_2022_R2C1_16000_16500_8500_9000_jpg.rf.0f071da6e010b18e96d1f4cd0d81fdb6.jpg,1
Mykolaiv_2022_A_1_R3C4_1000_1500_6000_6500_jpg.rf.22ea3b9ba1c64c239cadb736eba6eaf7.jpg,1
Mykolaiv_2022_A_1_R5C3_8500_9000_11000_11500_jpg.rf.d0222a3e6d82927fa694798a825a9f1d.jpg,1
Mykolaiv_2022_A_1_R3C4_1000_1500_14000_14500_jpg.rf.54d0c4b968690c1c1e8cded64cf1fe81.jpg,1
Mekele_2022_R5C1_1000_1500_12000_12500_jpg.rf.4884b2d170ec066c4626771bba912467.jpg,1
Mykolaiv_2022_A_1_R4C4_13000_13500_11500_12000_jpg.rf.1c263de0a6c57a5ffd4d1a53694938ba.jpg,1
Tripoli_2022_R1C3_12000_12500_5000_5500_jpg.rf.b9eefae682c44277cc09baa3ba0b05d4.jpg,1
Mykolaiv_2022_A_1_R4C4_14500_15000_5500_6000_jpg.rf.c051e5775e58d7778b6cf41d3924f587.jpg,1
tyrol-w26-63-_png_jpg.rf.1225eeec255a97393d975365516abea2.jpg,1
tyrol-w28-34-_png_jpg.rf.b7e205ff26c4fdc3d6c1f397a8a20ba6.jpg,1
Tripoli_2022_R1C3_9000_9500_14500_15000_jpg.rf.f954fddf7427eb028ddcbc25e28abc72.jpg,1
Mykolaiv_2022_A_1_R4C4_14500_15000_6500_7000_jpg.rf.81d3712880f9dcd68fb033125ad63d60.jpg,1
Mykolaiv_2022_A_1_R4C4_6000_6500_12000_12500_jpg.rf.8e6f66e9c0049d907afcdd3689bf25b4.jpg,1
tyrol-w29-85-_png_jpg.rf.5401dad3f76e716101ca99fd2b58a9bf.jpg,1
Mykolaiv_2022_A_1_R5C4_1000_1500_14000_14500_jpg.rf.9f685e1053d9bc98199b3a1b6cfe5982.jpg,1
tyrol-w24-75-_png_jpg.rf.0abdd28c795282bfd24f13fb9f382d95.jpg,0
Mykolaiv_2022_A_1_R2C4_1000_1500_3000_3500_jpg.rf.8c5b8a11014122b0037c6c859b874224.jpg,1
tyrol-w25-11-_png_jpg.rf.dfd7ca6ba027fc16f62a64a7e86a8610.jpg,1
tyrol-w26-7-_png_jpg.rf.1a188ddbcd22ead10816df106d262157.jpg,1
Mykolaiv_2022_A_1_R5C2_11500_12000_4000_4500_jpg.rf.f7cf0e7736ab6a8f669ea23cff08c0bd.jpg,1
Mykolaiv_2022_A_1_R2C4_1000_1500_4000_4500_jpg.rf.8e27c4067a07dad026094a84f1eacbc0.jpg,1
tyrol-w27-4-_png_jpg.rf.06a991a2914996d3f9c8a2b71bb79df5.jpg,0
tyrol-w26-56-_png_jpg.rf.db2cb79a92a2c20d8cd25aa125acd914.jpg,1
Mykolaiv_2022_A_1_R3C3_5500_6000_11000_11500_jpg.rf.6a9a3370d6d6a654812a0379037770c7.jpg,1
Mykolaiv_2022_A_1_R3C4_15000_15500_16000_16500_jpg.rf.b3890665a582155b555444ad329b8a09.jpg,1
Mykolaiv_2022_A_1_R5C4_1500_2000_16000_16500_jpg.rf.b44cf550aa0a2a14bf3b81e03bb97bb2.jpg,1
Mykolaiv_2022_A_1_R2C4_0_500_8000_8500_jpg.rf.633a68f69adec324b64098ae562b58da.jpg,1
Tripoli_2022_R2C1_3000_3500_0_500_jpg.rf.ac48eaa44468fd1ec7094ed9f90e2cd2.jpg,1
Tripoli_2022_R1C3_6500_7000_4500_5000_jpg.rf.e336269ea3bfc09bd275467328284228.jpg,1
tyrol-w27-22-_png_jpg.rf.76fdf55f80915a0ebc0264d88ffd81b9.jpg,1
tyrol-w28-91-_png_jpg.rf.9312d3f02c006122b4d791c39436aee2.jpg,0
tyrol-w27-32-_png_jpg.rf.c399886cefe54fb03a005663fff852b6.jpg,0
Mykolaiv_2022_A_1_R3C4_1000_1500_10500_11000_jpg.rf.ee2a7b9a432b7ae765d969f77f3b7151.jpg,1
Mykolaiv_2022_A_1_R5C4_0_500_10500_11000_jpg.rf.95ad2a6c01e965e30b4cb3510b3e2627.jpg,1
Mykolaiv_2022_A_1_R2C3_9500_10000_3500_4000_jpg.rf.077d53018088cd849fa548701607cecf.jpg,1
tyrol-w27-45-_png_jpg.rf.1a2ba1a7df48f3958cddffb4c35b9912.jpg,1
Tripoli_2022_R2C1_12500_13000_9000_9500_jpg.rf.59e4d70668467ed780216c05e63c51cb.jpg,1
Mykolaiv_2022_A_1_R4C4_2000_2500_4500_5000_jpg.rf.a4977866b42e19481fc27d18e10fcf8d.jpg,1
tyrol-w27-71-_png_jpg.rf.fd45d508872f78631ed0d7ad3f3ce857.jpg,1
Mykolaiv_2022_A_1_R3C4_1500_2000_11000_11500_jpg.rf.986ac25339e62397c4ffd313f67423d8.jpg,1
Mykolaiv_2022_A_1_R2C3_3000_3500_2500_3000_jpg.rf.59f2823dab989d6cea246050f5293459.jpg,1
tyrol-w27-41-_png_jpg.rf.e8f608a65ff1ed58aa89d2c506ea266d.jpg,0
tyrol-w28-87-_png_jpg.rf.0a36002fe6ba18edb33cc76f8100817e.jpg,1
Tripoli_2022_R2C1_15500_16000_5500_6000_jpg.rf.45edcd7d03e99fb4c3e81e9074495d53.jpg,1
Mykolaiv_2022_A_1_R3C4_1500_2000_14000_14500_jpg.rf.365640d41f1fb95a68f312ca7d25bc21.jpg,1
Mykolaiv_2022_A_1_R3C4_3000_3500_1500_2000_jpg.rf.36105e3014afa01b0e63babd98b82186.jpg,1
tyrol-w27-43-_png_jpg.rf.53ba61164e46e51c75ad4a9de2dbbc11.jpg,1
Mykolaiv_2022_A_1_R2C3_4500_5000_500_1000_jpg.rf.dc05e71bc8dc276c2635c8645b5a3ef8.jpg,1
tyrol-w29-52-_png_jpg.rf.0088499cadbcd30e8267d9c78a91b7df.jpg,1
tyrol-w29-80-_png_jpg.rf.25430a535058316f8fb2bbdf4b070aec.jpg,1
tyrol-w29-68-_png_jpg.rf.715a0ed460e796ef378cef4d9c07984a.jpg,1
Tripoli_2022_R2C1_13500_14000_1000_1500_jpg.rf.ed16afbb1de02456b643fe2555fa61fa.jpg,1
Tripoli_2022_R1C1_14500_15000_3500_4000_jpg.rf.4c8dc340416b46b54ed1dea3f281961e.jpg,1
tyrol-w29-18-_png_jpg.rf.6f851e9f5c9635cbdf6287ea569d104d.jpg,1
Mykolaiv_2022_A_1_R3C3_500_1000_11000_11500_jpg.rf.36f32acd09755b33032fc92a7af9497a.jpg,1
Mykolaiv_2022_A_1_R3C4_5000_5500_3500_4000_jpg.rf.2a0b5722abc0dae9ab5662c179474461.jpg,1
tyrol-w29-56-_png_jpg.rf.51c5232e68ffa699f9764aca4da7dd08.jpg,1
tyrol-w29-96-_png_jpg.rf.e74f21b2b19b09edf2a8a25d44243e77.jpg,1
Tripoli_2022_R2C1_3500_4000_11500_12000_jpg.rf.db6432e4d3dc4e190800444242aae9ce.jpg,1
Tripoli_2022_R2C1_11000_11500_0_500_jpg.rf.0071e4324e4c96d85bdd1653ad623b6f.jpg,1
tyrol-w30-30-_png_jpg.rf.18ac6b3b02a4394338f7495923eba6a5.jpg,1
Mykolaiv_2022_A_1_R3C4_3000_3500_2500_3000_jpg.rf.50298a93c85b5b6cb41315725ace99fc.jpg,1
tyrol-w27-35-_png_jpg.rf.1bbe700e0617e4df871767f5c1684814.jpg,1
Mykolaiv_2022_A_1_R3C4_2000_2500_7500_8000_jpg.rf.6577272e5b6ba52df1ce2d3b26074a44.jpg,1
Mykolaiv_2022_A_1_R5C4_2500_3000_4000_4500_jpg.rf.22c5c3102a47f264285473db9ddbdd23.jpg,1
tyrol-w3-29-_png_jpg.rf.c0186552eb16bae32d81e7d997f040d4.jpg,1
tyrol-w3-5-_png_jpg.rf.cf96c0778ce1682a4225623c0835798c.jpg,0
tyrol-w29-67-_png_jpg.rf.b88e8c4ca6ac1cac754615d9796d6932.jpg,1
tyrol-w3-24-_png_jpg.rf.a0550b9e76ed57e4ec85017d512679ed.jpg,0
Mykolaiv_2022_A_1_R3C4_4000_4500_500_1000_jpg.rf.5e081d643502f75b8de84b6594c808e9.jpg,1
Mykolaiv_2022_A_1_R3C4_4500_5000_9000_9500_jpg.rf.6043eae79b2c20c9a5bb986917b8ff66.jpg,1
Tripoli_2022_R2C2_4500_5000_2000_2500_jpg.rf.af51df00398ad1db0b17281c8e3df04d.jpg,1
tyrol-w30-25-_png_jpg.rf.bb7f0ead74d4a10fbb9e924614808f7b.jpg,1
Tripoli_2022_R1C2_7500_8000_7000_7500_jpg.rf.021b4faa4f9f25cda7878f899d7ab167.jpg,1
Tripoli_2022_R2C1_8000_8500_1500_2000_jpg.rf.8e209b157d3969f1746a4bca712d360a.jpg,1
Tripoli_2022_R1C2_14500_15000_2000_2500_jpg.rf.da304650b0bb8a5df02cd34b68cb595c.jpg,1
tyrol-w29-1-_png_jpg.rf.17bcec0562530105fa1ab093a6ec7714.jpg,1
Tripoli_2022_R1C2_8000_8500_5000_5500_jpg.rf.18a80eac89f0780b7efedb33a8c7d442.jpg,1
Tripoli_2022_R2C1_5500_6000_6000_6500_jpg.rf.c0c5783633b50839d7d284030fb783cb.jpg,1
Mykolaiv_2022_A_1_R4C4_15000_15500_15000_15500_jpg.rf.11f9dee74db0a72f31e27a6d51dc0d53.jpg,1
Mykolaiv_2022_A_1_R4C4_15500_16000_7500_8000_jpg.rf.d8d2f8e72ccfce6e40f4692331339ed0.jpg,1
Tripoli_2022_R2C1_4000_4500_12500_13000_jpg.rf.0f7513941d340d0cdbf9e4f4df14f7a6.jpg,1
tyrol-w3-20-_png_jpg.rf.70ffc6a9614da036a184fa25d4757362.jpg,1
Tripoli_2022_R2C1_4000_4500_6500_7000_jpg.rf.fd9a15c762ceab9dc321baf1141936d4.jpg,1
Tripoli_2022_R2C2_4500_5000_1500_2000_jpg.rf.9d9d914d160c57a9bc8d9f58bb1f8dfe.jpg,1
tyrol-w29-15-_png_jpg.rf.46200ab1cba631880f0a35a811679a0f.jpg,0
Tripoli_2022_R1C3_12000_12500_3000_3500_jpg.rf.d024349ac54b6a96e3a8f142a05780be.jpg,1
tyrol-w4-26-_png_jpg.rf.4bba3259274211049583746696a02319.jpg,0
tyrol-w3-36-_png_jpg.rf.7488ff2f34328b131c8dd85147e14adb.jpg,1
Tripoli_2022_R2C1_7000_7500_14000_14500_jpg.rf.8968d67ee6b193be306fc71a1d37cbd3.jpg,1
Tripoli_2022_R2C1_6000_6500_1000_1500_jpg.rf.ec521aab15e8ddf123372c8a2317c560.jpg,1
tyrol-w28-23-_png_jpg.rf.2bd08d8c4ff2c608b0c37d6db1219cb3.jpg,1
tyrol-w27-83-_png_jpg.rf.3b06f2a9cb27a7cfa3089c0f050212fd.jpg,1
Mykolaiv_2022_A_1_R4C4_6000_6500_13000_13500_jpg.rf.c13509b2b9a2b947214fca525b380938.jpg,1
tyrol-w30-94-_png_jpg.rf.008e1c9870f9575bc418f54c3806cb52.jpg,0
Tripoli_2022_R2C1_3500_4000_7000_7500_jpg.rf.4ce6d6798ab4e5accc3850121839b385.jpg,1
tyrol-w30-85-_png_jpg.rf.82cb4ca64172f9f7147bbf38005a6652.jpg,0
Tripoli_2022_R2C1_4000_4500_5500_6000_jpg.rf.96150f942db40d0d562d51e31b58189e.jpg,1
Tripoli_2022_R2C2_4000_4500_2000_2500_jpg.rf.72a885778180997355f82c54e75ed045.jpg,1
tyrol-w3-54-_png_jpg.rf.0860f8785921bc1d665546741508e9e4.jpg,1
Tripoli_2022_R2C3_6500_7000_15000_15500_jpg.rf.a73c6a4cf646d1f006bdc7ad61fc73ed.jpg,1
Mykolaiv_2022_A_1_R5C2_11000_11500_2000_2500_jpg.rf.bc076396055ec7e7f3d7379027c80436.jpg,1
Tripoli_2022_R1C3_10500_11000_10500_11000_jpg.rf.78cdaf428aaf9b9bc2ec49e72b2d9768.jpg,1
tyrol-w27-85-_png_jpg.rf.f6de7d99b705fedd2555ef33e96b1237.jpg,1
tyrol-w4-27-_png_jpg.rf.1e3dc8852489db7bc9684fc3abf98be2.jpg,0
tyrol-w28-11-_png_jpg.rf.0765c6313405e5708097059c5d9d0eb4.jpg,0
Tripoli_2022_R2C2_10500_11000_12500_13000_jpg.rf.a56f8cb17c9dfda44408c50f2b8dda2a.jpg,1
Tripoli_2022_R1C3_8000_8500_4500_5000_jpg.rf.f7f6371a2e8b5273c37a342ab2a7d2fc.jpg,1
Tripoli_2022_R2C3_4500_5000_6500_7000_jpg.rf.1a9bbd0e8ded2ebc54bf13c68ce6052c.jpg,1
Tripoli_2022_R2C3_5000_5500_13500_14000_jpg.rf.a9a12ba88fe86a3b8f2f75c623eef6ff.jpg,1
Tripoli_2022_R2C3_0_500_4500_5000_jpg.rf.027f69805b5f805681d8c85ed8147970.jpg,1
Tripoli_2022_R2C3_6500_7000_11500_12000_jpg.rf.6a02cb6ebf5554fbfd57932a6f21a42d.jpg,1
Tripoli_2022_R2C3_8000_8500_7000_7500_jpg.rf.d6ec4bc8dc26a3c4136e8bffaa1e534e.jpg,1
Mykolaiv_2022_A_1_R4C5_13500_14000_3000_3500_jpg.rf.aa2ad3027165eaa21e0d98eab409a20f.jpg,1
tyrol-w3-62-_png_jpg.rf.22117306f9d5c1f6d06fc0ee0d83ed4a.jpg,1
Tripoli_2022_R2C1_9500_10000_1000_1500_jpg.rf.40d72a98371df88c72461e46e83b95e2.jpg,1
tyrol-w29-34-_png_jpg.rf.eff427cec234e3a1cc8e95c5f709b0a1.jpg,1
tyrol-w30-59-_png_jpg.rf.5d77895c180c1f07b72dfc2c06bdd054.jpg,1
Tripoli_2022_R2C3_7500_8000_8500_9000_jpg.rf.69b96ed3c7c06c32ac8e9cbc5a5a6f1c.jpg,1
tyrol-w4-17-_png_jpg.rf.ad1e407547b4423f78c42efb884c8760.jpg,0
tyrol-w30-36-_png_jpg.rf.0f475c9edd981fc402ea9b4c5c5624f8.jpg,1
Tripoli_2022_R2C1_11500_12000_1000_1500_jpg.rf.68b43ffa275e51d0156a2a43ad34f092.jpg,1
tyrol-w30-48-_png_jpg.rf.855024bdaeab44e99e67a2232fc0cdb4.jpg,0
Mykolaiv_2022_A_1_R4C4_9500_10000_14500_15000_jpg.rf.071de2714b9155561c4b41a8d35b7382.jpg,1
tyrol-w28-13-_png_jpg.rf.0b9245bf246ddd2aee50579bb314077b.jpg,0
Mykolaiv_2022_A_1_R4C5_3000_3500_2000_2500_jpg.rf.0db13c4c1204b96bf82f938d55c016ce.jpg,1
Tripoli_2022_R1C3_7000_7500_11000_11500_jpg.rf.a070b6006d56449089ce422d95521713.jpg,1
Tripoli_2022_R1C3_8500_9000_10500_11000_jpg.rf.21234050d39351252f70847634ae587c.jpg,1
tyrol-w30-13-_png_jpg.rf.8e7bb000b940ca1283e5b28180e0a4cb.jpg,1
Tripoli_2022_R1C3_7000_7500_2000_2500_jpg.rf.06b03f926f817aade887ba154a8eedb5.jpg,1
tyrol-w29-32-_png_jpg.rf.5b22e75ccea0ff56a156291a696ec09a.jpg,1
tyrol-w30-52-_png_jpg.rf.4ed8b4ab404cb05a7e15418a6340aa5b.jpg,1
tyrol-w30-79-_png_jpg.rf.9f9a4e21807ea208b720bc2a8715d804.jpg,1
Tripoli_2022_R2C3_6500_7000_13000_13500_jpg.rf.ad397ea2ad1baa1d5245eaabc1d7ba18.jpg,1
Tripoli_2022_R2C1_9000_9500_5000_5500_jpg.rf.5aae5397d8b4e79c7ea816968ea10ae9.jpg,1
Tripoli_2022_R2C3_6500_7000_12500_13000_jpg.rf.b9880bada13004eff846762c73b42fed.jpg,1
Tripoli_2022_R2C3_11500_12000_8000_8500_jpg.rf.5b6f9ab4e8a44da48f23fb5e55083416.jpg,1
Tripoli_2022_R2C3_4500_5000_15000_15500_jpg.rf.c746e210df0e22e1605cb75e4e9f1bf5.jpg,1
Tripoli_2022_R2C2_15500_16000_13000_13500_jpg.rf.062b44a0993383b6b56a5e1b5f1c934a.jpg,1
Tripoli_2022_R2C2_5500_6000_3500_4000_jpg.rf.a2ad6a3a249a9f7bda95f19c6e11c75d.jpg,1
tyrol-w3-59-_png_jpg.rf.60538573266ecec048e562a5bd12035a.jpg,1
Tripoli_2022_R1C3_7000_7500_0_500_jpg.rf.950a0dda01fb15325cfdcc0706823efe.jpg,1
Tripoli_2022_R2C2_10500_11000_15000_15500_jpg.rf.d3889d304145356a797e1ebf24048cf0.jpg,1
tyrol-w4-69-_png_jpg.rf.3a4d3f1f71cb89472f486514206ce320.jpg,1
Tripoli_2022_R2C2_5500_6000_2500_3000_jpg.rf.6c005b0726d2bc1559511b3377cea0ef.jpg,1
Tripoli_2022_R2C2_6500_7000_2000_2500_jpg.rf.cc50047c478697899972ae123d456439.jpg,1
tyrol-w4-7-_png_jpg.rf.9a8031a65371b7febc8805784774edb7.jpg,0
tyrol-w3-94-_png_jpg.rf.8482a18bd491ebe9eebef98e8984ebbd.jpg,1
tyrol-w3-64-_png_jpg.rf.9f01bd113e2db7f5607245ec8759d8ac.jpg,1
Tripoli_2022_R2C2_5000_5500_7500_8000_jpg.rf.99ca0581e168ad08e0f1608e04c5ca1a.jpg,1
tyrol-w30-43-_png_jpg.rf.c1c183719c0e6de7e91c15d660718caf.jpg,1
Tripoli_2022_R3C1_7500_8000_11500_12000_jpg.rf.6342404574c0c0876bbd7db6206fcb7d.jpg,1
tyrol-w3-9-_png_jpg.rf.ff3500993f980e68d66a09a5ae8f5b34.jpg,1
Tripoli_2022_R2C2_11000_11500_7000_7500_jpg.rf.81e67c73adff5ac2ef221f4d86ba50b8.jpg,1
Tripoli_2022_R2C3_4000_4500_7000_7500_jpg.rf.ba30ace89a26eebb264c5afa9d3657c4.jpg,1
Tripoli_2022_R3C2_4000_4500_3500_4000_jpg.rf.c6956fa309354496c3af3cd0081cf036.jpg,1
tyrol-w3-87-_png_jpg.rf.59938191abf4cd9a4e09750e9965939c.jpg,1
Tripoli_2022_R2C2_11500_12000_11000_11500_jpg.rf.6344281ad0780d48abd74bfc7c8dd3e7.jpg,1
tyrol-w3-79-_png_jpg.rf.b732ab4b1e0459007752faf4600bc5d7.jpg,1
Tripoli_2022_R2C1_9500_10000_5000_5500_jpg.rf.67a4142e9ce2745afa58c0b0a8efa276.jpg,1
Tripoli_2022_R2C2_15000_15500_0_500_jpg.rf.b83dbd37bdff36cc3f985d72cc318884.jpg,1
Tripoli_2022_R2C2_16000_16500_15500_16000_jpg.rf.5fcf0a784b279923a27be8de5b228051.jpg,1
Tripoli_2022_R2C2_16000_16500_3000_3500_jpg.rf.cef44409b0ca43527b9ebfd52b41b6e0.jpg,1
Tripoli_2022_R2C2_12500_13000_0_500_jpg.rf.53b734655cb8540c27d31d1e2f00d3b3.jpg,1
Tripoli_2022_R3C2_0_500_0_500_jpg.rf.486311725b6c859db2b2a99642b707c5.jpg,1
Tripoli_2022_R3C2_1500_2000_2500_3000_jpg.rf.546b865c60ba3bfebb360398d56f33b2.jpg,1
Tripoli_2022_R2C3_13000_13500_8500_9000_jpg.rf.5a5775d11d3c3137203ec9f7c7de491c.jpg,1
tyrol-w4-75-_png_jpg.rf.60dc5f80295c8c48e941192a3b719b4d.jpg,1
Tripoli_2022_R3C2_6000_6500_1000_1500_jpg.rf.5fee8bbbc03eb257c6e13a9a5edbc235.jpg,1
tyrol-w4-43-_png_jpg.rf.65abcbb5d34163327cc83c3e027a3314.jpg,1
tyrol-w4-34-_png_jpg.rf.a911248fc2978b8fe3e2bb59b622f408.jpg,1
Tripoli_2022_R3C1_2500_3000_0_500_jpg.rf.d3f62a763c4afb61798723ee38e28094.jpg,1
tyrol-w3-7-_png_jpg.rf.7acbac24c5419f69e193bb280a70e478.jpg,1
Tripoli_2022_R3C2_10500_11000_15500_16000_jpg.rf.75430cdd67c78c25a5681c34b3e20980.jpg,1
Tripoli_2022_R3C1_8500_9000_6500_7000_jpg.rf.7f9525abc6317e18e85bc0f048356d9f.jpg,1
tyrol-w4-67-_png_jpg.rf.c1d6be3588b7493a8765006b451ad600.jpg,0
tyrol-w30-72-_png_jpg.rf.c22aa8dba2e53445adbe1cb875379e5a.jpg,1
tyrol-w4-64-_png_jpg.rf.6db6781fe44385aa34b37fb6da18a796.jpg,1
Tripoli_2022_R3C1_2000_2500_12000_12500_jpg.rf.ed2bd526ddbf3644552fd542407fa0fa.jpg,1
tyrol-w4-51-_png_jpg.rf.5e4166ed034a9a721777a4c33c49f4f3.jpg,1
Tripoli_2022_R2C2_12000_12500_4000_4500_jpg.rf.4c77aa657b82eb2db42973f9595be0b0.jpg,1
Tripoli_2022_R3C1_1000_1500_2000_2500_jpg.rf.0f490b8dfa83530e24fd53f073dc620d.jpg,1
tyrol-w4-4-_png_jpg.rf.f94b36d9659b0d492bdb79eab88380be.jpg,1
tyrol-w9-37-_png_jpg.rf.d394e1d48570946a9d40577d3c76a544.jpg,0
swiss_IMG_8804_JPG_jpg.rf.fafd85f63e9b3fbf9b7a20eea988edf5.jpg,1
tyrol-w7-25-_png_jpg.rf.af6b2294b4a88ca07e54d2d8693df33b.jpg,0
Tripoli_2022_V2_R2C3_8000_8500_6500_7000_jpg.rf.6cd522c58dd2b853e358926c669794f8.jpg,1
Tripoli_2022_V2_R2C3_11000_11500_13000_13500_jpg.rf.4033cbde595eb708dd2e71066366089b.jpg,1
tyrol-w6-50-_png_jpg.rf.477135b0cb7e039a0ba057b453aea686.jpg,1
Tripoli_2022_V2_R2C2_16000_16500_9500_10000_jpg.rf.3dc4996155a9a814eafa242486b7f511.jpg,1
tyrol-w8-73-_png_jpg.rf.df9431fc96a85e8b6c152def147a0509.jpg,1
Tripoli_2022_V2_R3C5_0_500_13500_14000_jpg.rf.0c8a4baa931515de43f07cf95014c08e.jpg,1
Tripoli_2022_V2_R2C2_8500_9000_4000_4500_jpg.rf.0d8d8010fd3ca9628a9480b086b7fb14.jpg,1
tyrol-w9-29-_png_jpg.rf.c5a0a7905d5b5e935fc161ad8f9db45f.jpg,1
Tripoli_2022_V2_R2C2_8500_9000_11000_11500_jpg.rf.56f0c7de862fe8e83c3dca9212213a8d.jpg,1
tyrol-w9-35-_png_jpg.rf.bba41bb6f293fc316a57b090a7316fed.jpg,0
Tripoli_2022_R3C2_8500_9000_7500_8000_jpg.rf.423ead6e0657769984bac58b5d6faa4d.jpg,1
Tripoli_2022_V2_R2C3_8000_8500_6000_6500_jpg.rf.ba46d60d519f41a95d57444108840478.jpg,1
tyrol-w6-52-_png_jpg.rf.278750367417a5f173e7f44a596271de.jpg,1
Tripoli_2022_V2_R2C1_500_1000_14000_14500_jpg.rf.35ec3fbfdcd06b1ce8a726c1a835f8f3.jpg,1
tyrol-w4-99-_png_jpg.rf.34c2bc901360e37b6cc94cf021414ee3.jpg,0
tyrol-w6-46-_png_jpg.rf.de6073f88d83f0e80d179d8e01f3fdd2.jpg,1
Zalingei_2022_1_A_1_R1C1_3500_4000_6500_7000_jpg.rf.d225e405d24f347326c515c5ef1b3372.jpg,1
tyrol-w7-23-_png_jpg.rf.9e5a1554f71464dd8f40a8b5f82d1a03.jpg,1
tyrol-w5-95-_png_jpg.rf.4202a8a3bdd6d2671ad51339c773676e.jpg,0
Tripoli_2022_R3C2_9500_10000_15500_16000_jpg.rf.d48ebb1566203b540eb715e9c6bb3f21.jpg,1
tyrol-w6-47-_png_jpg.rf.1e7549f87c2028f40c7e7adcf4ffb3c8.jpg,1
tyrol-w5-28-_png_jpg.rf.e5d4818377a707ad93e2bd40c7c2c0d9.jpg,0
Zalingei_2022_1_A_1_R1C1_4500_5000_11000_11500_jpg.rf.103ee7b371bab62f8e9522dde09f4a1c.jpg,1
tyrol-w6-14-_png_jpg.rf.48ec89f00854ac8570b874a6037d9da1.jpg,1
tyrol-w5-98-_png_jpg.rf.9f206caeaec368fa0fc0fdf9055700d5.jpg,0
Tripoli_2022_R3C3_11000_11500_500_1000_jpg.rf.37eadb9f5293c3416eee912442893ff2.jpg,1
Zalingei_2022_1_A_1_R1C1_5000_5500_9500_10000_jpg.rf.c8ad656f642a822d2dd74e93aea8dcde.jpg,1
Tripoli_2022_R3C3_11000_11500_12500_13000_jpg.rf.fc8fd26f9ecab65cc904fcda87993dc3.jpg,1
tyrol-w5-85-_png_jpg.rf.6ece8da4b0b8cd1695463d32054f7e7a.jpg,0
tyrol-w9-42-_png_jpg.rf.b1dfbcda190048f3fb92a6276b2e8371.jpg,0
Zalingei_2022_1_A_1_R1C1_6500_7000_11000_11500_jpg.rf.e018fb6a5eda796cd8cd6778de43f30b.jpg,1
Tripoli_2022_V2_R2C4_1000_1500_12000_12500_jpg.rf.41584b29c4ab897c05629fae44e207f3.jpg,1
Tripoli_2022_V2_R2C1_8500_9000_4500_5000_jpg.rf.dba768578a8dd971ee4a58a8c89b8da1.jpg,1
Tripoli_2022_V2_R2C2_11500_12000_7000_7500_jpg.rf.dc379a9ed18eff9424954bf3e29a137c.jpg,1
tyrol-w7-6-_png_jpg.rf.af28cc499782168cee61488bf6a81d4e.jpg,1
tyrol-w6-18-_png_jpg.rf.151db527972b8afd97aba02115c373c1.jpg,0
Tripoli_2022_V2_R2C1_8500_9000_6000_6500_jpg.rf.c857482331e79e112b9ccdeb1cccb452.jpg,1
tyrol-w7-8-_png_jpg.rf.f66e2c99759ecf7b41337081d35762f8.jpg,0
Tripoli_2022_V2_R2C4_500_1000_13000_13500_jpg.rf.74d4f31af0005a5b6409031fb8f60c60.jpg,1
tyrol-w4-98-_png_jpg.rf.997daae4bf58f2e643be75cdc58f33ba.jpg,0
Tripoli_2022_V2_R2C3_5500_6000_1000_1500_jpg.rf.d9eab57b12d9507039fde704418f96bd.jpg,1
tyrol-w8-60-_png_jpg.rf.eda2b7bbffe8ed43ea1434bd84b06a1e.jpg,1
Tripoli_2022_R3C3_500_1000_9000_9500_jpg.rf.0d22121f11b21f1dd502e304c3ee271b.jpg,1
Tripoli_2022_V2_R2C3_500_1000_7500_8000_jpg.rf.cff10228443798633a8ae7e29fee3a3a.jpg,1
Tripoli_2022_V2_R2C5_6000_6500_11000_11500-Copy_jpg.rf.d787447f1bf3870d53fccd1a2fe46f0b.jpg,1
Tripoli_2022_V2_R2C5_12000_12500_15000_15500_jpg.rf.b38c943e48018c772fdbb0a5705535e5.jpg,1
Tripoli_2022_R2C3_7500_8000_10000_10500_jpg.rf.44502ee1fc9af26975384e7b280fa97d.jpg,1
Tripoli_2022_V2_R2C5_11000_11500_14000_14500_jpg.rf.df4850366cf21ef2e8a3994f0e295f73.jpg,1
tyrol-w5-11-_png_jpg.rf.ac34c5ba36a224b282b0d2caf73ed2d5.jpg,1
tyrol-w7-65-_png_jpg.rf.510751ddae3aebbd7aefd964ff037e02.jpg,0
tyrol-w7-78-_png_jpg.rf.52cd882926eecf91d5b2439272a8c6df.jpg,1
Kharkiv_2022_A_1_R2C4_16000_16500_13500_14000_jpg.rf.5cf2ca0dba478316c14f68840ef91adc.jpg,1
Tripoli_2022_V2_R2C5_10000_10500_0_500_jpg.rf.ce0a0f389616668e3758c00bf6302691.jpg,1
chicago9-53-_png_jpg.rf.e552b619f01dfd8cc007d30006a585a0.jpg,1
Tripoli_2022_R3C3_11500_12000_10500_11000_jpg.rf.43c3b6bafd960ddeb6b13ec27b305a33.jpg,1
Zalingei_2022_1_A_1_R1C1_5500_6000_11500_12000_jpg.rf.492a91ee9e20a3e7ddb3749d9215247c.jpg,1
Tripoli_2022_V2_R2C4_11500_12000_12500_13000_jpg.rf.b4f78a5e5472267f0d21dd160fc3965b.jpg,1
tyrol-w6-88-_png_jpg.rf.b5462f33e20f56aeebdd9244bfb13a06.jpg,1
tyrol-w9-79-_png_jpg.rf.7b45ff1feb37881da6f50b6da94b8ff3.jpg,0
Zalingei_2022_1_A_1_R1C1_8000_8500_9000_9500_jpg.rf.cb2963d2a938b4c0d2cdaebd8eaf7d8c.jpg,1
tyrol-w9-38-_png_jpg.rf.d926195da3bfd2cd43e5a7feede8e525.jpg,1
Kharkiv_2022_A_1_R2C4_500_1000_12000_12500_jpg.rf.d087f89e03a5837d2cfb719c47cafa80.jpg,1
Zalingei_2022_1_A_1_R1C1_6500_7000_12000_12500_jpg.rf.8766cf1c1732983e978bd98db4421281.jpg,1
tyrol-w4-97-_png_jpg.rf.c365f2a2fafa6009bcc4dcaff4d1d5c9.jpg,0
Zalingei_2022_1_A_1_R1C1_8500_9000_16000_16500_jpg.rf.95aa58ab05bda7f7817dbbe1b7527dfd.jpg,1
chicago9-67-_png_jpg.rf.93cbb5fc8393042279b67a93219228aa.jpg,1
Kharkiv_2022_A_1_R2C4_500_1000_2000_2500_jpg.rf.c7f4a03016c29683bfbde41a30391619.jpg,1
tyrol-w9-83-_png_jpg.rf.1b031e94ee63ff21f6461b8efae0f49a.jpg,1
Zalingei_2022_1_A_1_R1C1_2000_2500_8500_9000_jpg.rf.9fcea1e6821873f3e0fa232e616138de.jpg,1
Tripoli_2022_V2_R2C2_11000_11500_11000_11500_jpg.rf.2e4d78f64e9b97fdd13fc75c4a91573c.jpg,1
tyrol-w6-96-_png_jpg.rf.8ccbb6332786f26aba95365c29109c5f.jpg,1
Zalingei_2022_1_A_1_R1C2_5500_6000_1500_2000_jpg.rf.63f8ff7c78ea3a49604df0df426f5ab4.jpg,1
tyrol-w9-91-_png_jpg.rf.8564c36d44a2e20f75a0b2e62b9a09a3.jpg,0
tyrol-w8-98-_png_jpg.rf.046c6a018ee0db35ef40b208fcccfa8c.jpg,0
Zalingei_2022_1_A_1_R1C2_6500_7000_0_500_jpg.rf.0eb1030be8e04a560d73095a4118a071.jpg,1
Zalingei_2022_1_A_1_R1C2_6000_6500_1000_1500_jpg.rf.3de7518890b90704ca611d2cad9d515a.jpg,1
tyrol-w9-94-_png_jpg.rf.c701ee682577e07924f1f89a2ad310d2.jpg,1
Tripoli_2022_R3C2_7500_8000_5000_5500_jpg.rf.eb8bbfd049325373c33e0f35f6b3cdd4.jpg,1
chicago9-54-_png_jpg.rf.a0633e3df014e59e2673809365265bb2.jpg,1
chicago9-69-_png_jpg.rf.b22e23a209384a290d92e87928d5012f.jpg,1
chicago9-66-_png_jpg.rf.c846b1ebe0777352ced53aa9df622da8.jpg,1
chicago9-56-_png_jpg.rf.d48f4daeb3a70c985945a9f34b41c338.jpg,0
Zalingei_2022_1_A_1_R1C2_5500_6000_500_1000_jpg.rf.f1e623d37c6e930fdcf04ee5a2cd7dba.jpg,1
chicago9-63-_png_jpg.rf.fb1f7dff8ea337f863311fb49e1dc63f.jpg,1
Tripoli_2022_V2_R2C3_500_1000_15500_16000_jpg.rf.99a85bd40b30b54ec8b0df262234cdc2.jpg,1
Tripoli_2022_R3C2_7500_8000_16000_16500_jpg.rf.c7f878fa9600b898e624cab93a66ce0c.jpg,1
chicago9-7-_png_jpg.rf.d38c4e344a311ff7ae795b056e90d1db.jpg,0
Kharkiv_2022_A_1_R2C4_7000_7500_9000_9500_jpg.rf.e1f8528dc20f0aa309c2d347e6c348ec.jpg,1
Kharkiv_2022_A_1_R2C4_16000_16500_14500_15000_jpg.rf.d0e23155abc71b4c5822c70d8985e8d8.jpg,1
Kharkiv_2022_A_1_R2C4_8000_8500_5000_5500_jpg.rf.7630fc1ecf8b839f5979f03049dc9987.jpg,1
chicago9-58-_png_jpg.rf.702a4f31b980d3f797fbb54dc2cda055.jpg,0
Kharkiv_2022_A_1_R2C4_4500_5000_16000_16500_jpg.rf.811191c09f980c1e72ebb82864b66551.jpg,1
Kharkiv_2022_A_1_R2C4_2500_3000_5000_5500_jpg.rf.ada0488bfa7f514300e458fdb6089575.jpg,1
chicago9-6-_png_jpg.rf.b2a04675aaef33eb46544a65daad0853.jpg,1
Zalingei_2022_1_A_1_R1C1_2500_3000_11000_11500_jpg.rf.44d09f829e8851e65df3badaac684929.jpg,1
Kharkiv_2022_A_1_R2C4_8500_9000_11500_12000_jpg.rf.4c4c2ffa723ee5b4a51c165c638b6bee.jpg,1
Kharkiv_2022_A_1_R2C4_3500_4000_3000_3500_jpg.rf.a7333360980491605710213a1ea1af61.jpg,1
chicago9-71-_png_jpg.rf.82207438518fab159ed90db881e361d7.jpg,1
Kharkiv_2022_A_1_R2C4_4000_4500_2000_2500_jpg.rf.883a910bea305f050b5c425183d9ae30.jpg,1
chicago9-60-_png_jpg.rf.21a8a03ebcc4a9baef8e44d588cbc9b9.jpg,1
Kharkiv_2022_A_1_R2C4_4000_4500_3500_4000_jpg.rf.64ae10ecdd354723722908fb16f2a8f1.jpg,1
Kharkiv_2022_A_1_R2C5_1500_2000_8000_8500_jpg.rf.9c7c9d090db5bd656c4ea89678a549eb.jpg,1
Kharkiv_2022_A_1_R2C5_1000_1500_5000_5500_jpg.rf.9d1dc3ddf4426fbf899d5e896840d70e.jpg,1
chicago9-85-_png_jpg.rf.a48fe508f9d41ceed2b9101e4ac8a8e0.jpg,1
chicago9-80-_png_jpg.rf.f07da8a9d524e5a23ed90bc2a75a3e83.jpg,1
Kharkiv_2022_A_1_R2C4_4000_4500_2500_3000_jpg.rf.29301bb9ec010924d64dff5f0262cd65.jpg,1
okutama_08_90_033_png_jpg.rf.0a3ba7833bf138538b895d5c531cc29d.jpg,1
chicago9-82-_png_jpg.rf.1e28ff24bfd1ad4e5ea4b85e786d36f0.jpg,1
Kharkiv_2022_A_1_R2C5_15000_15500_15000_15500_jpg.rf.591e67887863361d35c0ab3787d1d148.jpg,1
Kharkiv_2022_A_1_R2C5_1000_1500_7000_7500_jpg.rf.7caf27c02837c42566cb52cdadab9e09.jpg,1
Kharkiv_2022_A_1_R2C4_8000_8500_4500_5000_jpg.rf.0f408c295b0a554a6582999e4e13505d.jpg,1
chicago9-81-_png_jpg.rf.09233ce78f691fc79aca414b2ee4af09.jpg,1
tyrol-w1-1-_png_jpg.rf.8a8c485eb059bd39440696d0a6545008.jpg,0
Kharkiv_2022_A_1_R2C5_1500_2000_6000_6500_jpg.rf.cd31d2f02f4a87034e7b8dfdb1f633ed.jpg,1
Kharkiv_2022_A_1_R2C5_5000_5500_6000_6500_jpg.rf.7b1b11c002dc4548a9f03248b9aa791d.jpg,1
Kharkiv_2022_A_1_R2C5_1000_1500_6500_7000_jpg.rf.b10ddd70b3f18649975b6b4915ad4475.jpg,1
tyrol-w1-3-_png_jpg.rf.c16066d49e2d5dfa48ea76d90d3907ef.jpg,0
Kharkiv_2022_A_1_R2C5_5000_5500_500_1000_jpg.rf.fb5de8b0653b8c939be5e7dd3a4ddc99.jpg,1
Kharkiv_2022_A_1_R2C6_13000_13500_4500_5000_jpg.rf.868ebcb140d00d51897290f1a6e11e60.jpg,1
Kharkiv_2022_A_1_R2C5_5000_5500_5000_5500_jpg.rf.a8cd3e90c9c125d122ba11bf0218bb22.jpg,1
Kharkiv_2022_A_1_R2C6_13500_14000_7000_7500_jpg.rf.a2ddbc436fa6b1e01de336f4501fbfd0.jpg,1
Kharkiv_2022_A_1_R2C5_1000_1500_6000_6500_jpg.rf.b34f9e935b755d75c7edadba530d568c.jpg,1
Kharkiv_2022_A_1_R2C6_13500_14000_7500_8000_jpg.rf.b6f1176440f739717d003ff239a1b735.jpg,1
Kharkiv_2022_A_1_R2C6_14000_14500_2000_2500_jpg.rf.1b8e368bdf27a07d37f822154f80e6c7.jpg,1
tyrol-w1-31-_png_jpg.rf.c484cb2d6ff707a15415614e1a9ab03b.jpg,0
Kharkiv_2022_A_1_R3C3_13000_13500_10000_10500_jpg.rf.c902ee0039c9b3adfecaa75ff9d4a8d3.jpg,1
tyrol-w6-72-_png_jpg.rf.4305a5ddea5d5183b0ec80ffafadffa1.jpg,0
tyrol-w6-73-_png_jpg.rf.c6f96f03ac17bccf1147dd2170e8ec3b.jpg,0
tyrol-w1-42-_png_jpg.rf.2185c51e804d7018a3ccd457eee3c56e.jpg,1
tyrol-w1-5-_png_jpg.rf.5362424c92fb6d83b0d9cff5018268a8.jpg,0
tyrol-w8-86-_png_jpg.rf.6439ef8d24c2d192e82659b178ee914e.jpg,1
Kharkiv_2022_A_1_R3C3_13500_14000_9500_10000_jpg.rf.ace639f189ba0fe379364763641a9a62.jpg,1
Tripoli_2022_V2_R2C3_14500_15000_15500_16000_jpg.rf.4b1a76fbb5ebb031de7f170dde83b351.jpg,1
Tripoli_2022_V2_R3C3_6000_6500_13000_13500_jpg.rf.e0f0be2f0b749f90eae336629d6871a3.jpg,1
tyrol-w8-74-_png_jpg.rf.158401fdf29f2bde3879a1d48f8b3efb.jpg,1
tyrol-w1-47-_png_jpg.rf.7cf7de21ca11cd3a2aba06057c888fa9.jpg,1
tyrol-w1-49-_png_jpg.rf.9f412258686ea0fdb371592a7b5cebcc.jpg,1
Kharkiv_2022_A_1_R3C3_10500_11000_5500_6000_jpg.rf.ae9b1dfd692c44f13a22c59502f05fc8.jpg,1
Tripoli_2022_V2_R3C1_2000_2500_1500_2000_jpg.rf.498297d225514f81fc44436a8ec76447.jpg,1
Kharkiv_2022_A_1_R3C1_4500_5000_8000_8500_jpg.rf.23f6166ddf378f93c4be523fc1c9aea0.jpg,1
Kharkiv_2022_A_1_R3C3_0_500_9500_10000_jpg.rf.c9be4bf7f8059d0a485f57b2669077a9.jpg,1
Tripoli_2022_V2_R3C3_500_1000_11500_12000_jpg.rf.2f1293d5f2eec2edec204272d2f778c5.jpg,1
Tripoli_2022_V2_R3C1_4500_5000_9000_9500_jpg.rf.71d650f53f11b30b3c304bf141563a92.jpg,1
tyrol-w1-48-_png_jpg.rf.4d42b5f64493848594b93604ade4d7b8.jpg,1
Kharkiv_2022_A_1_R3C3_10500_11000_6500_7000_jpg.rf.acb1370b35a62c12c62b78d2537f8374.jpg,1
tyrol-w8-50-_png_jpg.rf.3693acd4c8290394af291e2579d0ade7.jpg,1
Tripoli_2022_V2_R2C3_13000_13500_2000_2500_jpg.rf.2475b8529c1b4b17d12fef08bea4809c.jpg,1
tyrol-w6-62-_png_jpg.rf.2a01a37e1fd2d8a4da927f94dcf4b04e.jpg,1
Tripoli_2022_V2_R2C3_13000_13500_3500_4000_jpg.rf.f27edcc453f716a5bd5b615e48d6708a.jpg,1
Kharkiv_2022_A_1_R3C3_12500_13000_8500_9000_jpg.rf.239686381444b2748202fd079cd4eabf.jpg,1
Kharkiv_2022_A_1_R3C3_10500_11000_7000_7500_jpg.rf.85d1c00069f513a9e0d2f781d20d33d8.jpg,1
tyrol-w8-83-_png_jpg.rf.1db09e2fa63eafec930fc3f385c832b3.jpg,1
tyrol-w5-15-_png_jpg.rf.7fddf8b808aed44436594965b5fe43a5.jpg,1
tyrol-w6-68-_png_jpg.rf.8cd22e45823ed2d8ac800fca4812ed99.jpg,1
tyrol-w8-47-_png_jpg.rf.0032f507f7e03e605f80d2691073e587.jpg,1
Tripoli_2022_V2_R2C3_13500_14000_8000_8500_jpg.rf.ab304fabffd6ca51894431c98bed0eb9.jpg,1
Tripoli_2022_V2_R3C2_3000_3500_9000_9500_jpg.rf.868662b2402dc5f34aefa6e827faeaa6.jpg,1
Kharkiv_2022_A_1_R2C5_6500_7000_7000_7500_jpg.rf.a6f76b5a15e2a7dd0722a6e2ffb756e0.jpg,1
tyrol-w8-85-_png_jpg.rf.67a19e3e8547a136f2281a342657bcf9.jpg,1
Tripoli_2022_V2_R3C1_500_1000_14000_14500_jpg.rf.8a9934094893d1f024337ef578371b62.jpg,1
Tripoli_2022_V2_R3C2_3500_4000_11500_12000_jpg.rf.1bbe1d5f78b46d33e341a136d06c0dff.jpg,1
Tripoli_2022_V2_R3C6_2000_2500_3500_4000_jpg.rf.8ad3b0c6dca271201aa1aeecf307d037.jpg,1
tyrol-w8-44-_png_jpg.rf.f3c17f95692a150edeee2fd5eccd517c.jpg,0
tyrol-w9-50-_png_jpg.rf.780ee63e33cc15acd91b9b5da746ac08.jpg,1
Tripoli_2022_R3C2_7000_7500_11500_12000_jpg.rf.c1987f9f995ed63f536a3d5954e6eca4.jpg,1
tyrol-w5-4-_png_jpg.rf.c6ef3818b3a8d2a1fe82a3e2a17c19a8.jpg,1
Tripoli_2022_V2_R2C3_13000_13500_4000_4500_jpg.rf.6adf03b1b8877856a7b724336cf2d983.jpg,1
Tripoli_2022_V2_R2C4_500_1000_6500_7000_jpg.rf.71d6dabe725b8cfba065f3d90a233b41.jpg,1
tyrol-w9-39-_png_jpg.rf.f24a85ca0b6b55a92b5ba0b0a67c6bb6.jpg,1
Tripoli_2022_R3C3_12000_12500_3000_3500_jpg.rf.4354bd16c1b03ca1b2495847b8ef3b0d.jpg,1
Tripoli_2022_V2_R2C4_3500_4000_0_500_jpg.rf.7942b61f422a6c3a368cc8e4790d4102.jpg,1
Tripoli_2022_V2_R2C4_16000_16500_11500_12000_jpg.rf.b1ed03863a308d82a33617c92cd5c1af.jpg,1
tyrol-w7-33-_png_jpg.rf.8868ad03481aa92e41945958446ce1f4.jpg,1
tyrol-w5-23-_png_jpg.rf.c4809fcfe182abe0cf01e09d43135792.jpg,1
Tripoli_2022_R3C3_7000_7500_1500_2000_jpg.rf.635afd16e771a6853b79a151816a8c51.jpg,1
Tripoli_2022_R3C3_7000_7500_5000_5500_jpg.rf.0e6600ae8fd88dccb10f29845ce0ee1c.jpg,1
Zalingei_2022_1_A_1_R1C1_6000_6500_11000_11500_jpg.rf.2d9be43f29d79dc397be59df5cc512ea.jpg,1
tyrol-w5-41-_png_jpg.rf.2946745c704802ff1f545b89996e51fb.jpg,1
tyrol-w7-67-_png_jpg.rf.84685fce51964184ada89e0cdd3eabda.jpg,1
Tripoli_2022_V2_R2C4_7000_7500_12000_12500_jpg.rf.f2a8c65fe99177727fe15c568363ac81.jpg,1
tyrol-w7-93-_png_jpg.rf.25ef47dbf0200130099de27f5f1d99e8.jpg,1
Tripoli_2022_V2_R2C2_15500_16000_5000_5500_jpg.rf.56a85540713596c5d2b43c130c32f750.jpg,1
tyrol-w7-94-_png_jpg.rf.845673ae37dba98d2c220d8a32533bac.jpg,1
tyrol-w7-99-_png_jpg.rf.5518f242b86acfe9c8af6f333c9b2813.jpg,0
Tripoli_2022_V2_R2C6_13000_13500_0_500_jpg.rf.7299e4c8fb09de1c3d743372982b6125.jpg,1
Tripoli_2022_V2_R2C5_9500_10000_11500_12000-Copy_jpg.rf.b01ac6842807423ec88fab18e19237fe.jpg,1
tyrol-w8-10-_png_jpg.rf.52d46830255d2dc442b481d5d858d05d.jpg,0
Tripoli_2022_V2_R2C6_9000_9500_0_500_jpg.rf.8b8202d202a6955a034ce429690487ed.jpg,1
Kharkiv_2022_A_1_R2C4_16000_16500_10000_10500_jpg.rf.b65e6ec1525c4d071696a09b55448bb7.jpg,1
chicago9-51-_png_jpg.rf.4a9331662cf386a98dda0e16196d2d47.jpg,1
Zalingei_2022_1_A_1_R1C1_10000_10500_8000_8500_jpg.rf.28ede3458a38b3b7028d548db479de44.jpg,1
tyrol-w9-41-_png_jpg.rf.e62dee40f1438bcdc1d60be6390c7046.jpg,0
tyrol-w5-26-_png_jpg.rf.f55e63469cf83989b40decdf8889bb69.jpg,0
Tripoli_2022_R3C3_500_1000_7500_8000_jpg.rf.8355d2effe72b798a395fb6a5d5ef924.jpg,1
Tripoli_2022_V2_R2C4_5000_5500_10000_10500_jpg.rf.f9f1932d919fefa82051bfedd94154b6.jpg,1
Tripoli_2022_V2_R2C3_16000_16500_15500_16000_jpg.rf.dcbb028b14e69f6e64a28674c2c2e77c.jpg,1
Tripoli_2022_V2_R2C3_15000_15500_0_500_jpg.rf.a8f3d656811d908cf9e77212d3a10cd8.jpg,1
Kharkiv_2022_A_1_R2C5_10000_10500_13000_13500_jpg.rf.90a332fd9f6729146ac6beb23ea92dea.jpg,1
chicago9-8-_png_jpg.rf.c8b3739f92a5d5d0599f1efda5e482d8.jpg,0
Kharkiv_2022_A_1_R2C5_4500_5000_11500_12000_jpg.rf.de18b5df11acf8092018218ba5f8e2c2.jpg,1
chicago9-94-_png_jpg.rf.f418f6f978efb949ecdca3f340c2b14e.jpg,1
Zalingei_2022_1_A_1_R1C1_1500_2000_11500_12000_jpg.rf.30005e3315614e7f130e917f79c2ecf4.jpg,1
Kharkiv_2022_A_1_R2C5_4000_4500_1000_1500_jpg.rf.061ccd160909e30cdce6084a82df2448.jpg,1
Tripoli_2022_V2_R1C3_11000_11500_3000_3500_jpg.rf.3cd8b386f3ac215ab93a5c307a21e6b4.jpg,1
Kharkiv_2022_A_1_R2C5_5000_5500_4000_4500_jpg.rf.737494907ad6af27a254cd115ac9b127.jpg,1
tyrol-w8-90-_png_jpg.rf.7518a838be5195e3f552bfa6dfc489a1.jpg,1
tyrol-w1-21-_png_jpg.rf.a4ba6bd732a8fae64702775c190ec9cc.jpg,0
tyrol-w5-63-_png_jpg.rf.383e28ecc55bcd73dd4963963393b891.jpg,1
Kharkiv_2022_A_1_R2C5_4500_5000_8000_8500_jpg.rf.7cbac6fbde0a9b595ca6ca2eb107f509.jpg,1
Tripoli_2022_V2_R1C1_8500_9000_10500_11000_jpg.rf.0d107dc0305ed5fbe88831064967a7fe.jpg,1
Zalingei_2022_1_A_1_R1C1_6000_6500_12000_12500_jpg.rf.d586f9a3ea5788555f1fc95b4b70ea7e.jpg,1
Kharkiv_2022_A_1_R2C5_6500_7000_9500_10000_jpg.rf.30d1611f57433f229980d6ee6f4b1249.jpg,1
Kharkiv_2022_A_1_R2C5_9000_9500_12500_13000_jpg.rf.6ca410a81e68548d110792308b8abd72.jpg,1
tyrol-w5-81-_png_jpg.rf.c66e5641aa421f5c988e202407e9e8bc.jpg,1
tyrol-w5-84-_png_jpg.rf.cea2df4d23169b3555b01204ac669a78.jpg,1
chicago9-98-_png_jpg.rf.8a4021b877227425588f958cf355344e.jpg,1
chicago9-97-_png_jpg.rf.a1b418e7b8905ad4cccb9fa6e3a8e5f2.jpg,1
Kharkiv_2022_A_1_R2C5_7000_7500_11000_11500_jpg.rf.ae27b799511181993e74371e12e8b60a.jpg,1
Kharkiv_2022_A_1_R2C5_7000_7500_1000_1500_jpg.rf.0cce44ca37ca36626df9f11d4998a03d.jpg,1
tyrol-w1-29-_png_jpg.rf.175dd99351fad22a9c52b2fb092fe2e1.jpg,1
Kharkiv_2022_A_1_R2C6_13000_13500_3500_4000_jpg.rf.a331369385056abdc370f2370432f488.jpg,1
tyrol-w1-23-_png_jpg.rf.d7806717a084944aa1f6a60be644b7c7.jpg,0
Tripoli_2022_V2_R1C3_11000_11500_3500_4000_jpg.rf.40982a790df2fddc0e77f29fb0fe6d59.jpg,1
tyrol-w5-59-_png_jpg.rf.1445e377192d51762cf415f9b7c1b7e0.jpg,1
Tripoli_2022_V2_R2C4_8500_9000_8500_9000_jpg.rf.19417e526e1b4e2bf8c71709b8060c13.jpg,1
tyrol-w7-68-_png_jpg.rf.e2e447f1aace97bb5c325bff89d69ff1.jpg,1
Tripoli_2022_V2_R1C1_8000_8500_11000_11500_jpg.rf.f07ad00b26de3ddc308032d595831f81.jpg,1
Kharkiv_2022_A_1_R2C6_13000_13500_4000_4500_jpg.rf.9313273240f6320e089c09f70df7fba3.jpg,1
Kharkiv_2022_A_1_R2C4_16000_16500_12000_12500_jpg.rf.feaea93455cba390a64bf5cbeea4a6eb.jpg,1
tyrol-w1-64-_png_jpg.rf.be9fa54c276bc7f764d21471869e9b58.jpg,1
tyrol-w1-66-_png_jpg.rf.93946b353b4fb1fd87cf8c6106545705.jpg,1
Kharkiv_2022_A_1_R2C4_500_1000_2500_3000_jpg.rf.983a90ca84397ca0ec8b1c1c07befb04.jpg,1
tyrol-w1-63-_png_jpg.rf.4c4d5521dbb789c43727967cac77a63d.jpg,0
chicago9-76-_png_jpg.rf.76a20b8e9f447b4210f026699d827797.jpg,1
chicago9-68-_png_jpg.rf.5cb4544b491dff7795dbcf6375fd353c.jpg,1
Kharkiv_2022_A_1_R2C4_8500_9000_12500_13000_jpg.rf.3004aa11227f77c48867a14a43189f24.jpg,1
Kharkiv_2022_A_1_R2C4_500_1000_3000_3500_jpg.rf.adece01831e18b6db1c7c0a761a6c7e1.jpg,1
chicago9-75-_png_jpg.rf.c3901dc5c801efe11ea7de875f0b1f4c.jpg,1
tyrol-w1-65-_png_jpg.rf.ce865ecb2225c8aa3708f0258cbf260a.jpg,0
Kharkiv_2022_A_1_R3C3_4000_4500_12500_13000_jpg.rf.2990fe8fd5e025740d3addfa0bc75ceb.jpg,1
tyrol-w1-61-_png_jpg.rf.85475bcf16e551f9545d95262535ecf7.jpg,1
Kharkiv_2022_A_1_R2C5_0_500_8500_9000_jpg.rf.c95777136c3561c72b94ca15da6150b6.jpg,1
Kharkiv_2022_A_1_R2C4_8500_9000_14000_14500_jpg.rf.d0cb61321c46d59ce4a534c379bb4a8d.jpg,1
Kharkiv_2022_A_1_R3C3_3500_4000_5000_5500_jpg.rf.63b8c3cd71541ccca1adcb88dcdd8bdc.jpg,1
Kharkiv_2022_A_1_R2C5_2500_3000_8000_8500_jpg.rf.cf8cfe9d1e7e71d269867f33043355cf.jpg,1
chicago9-77-_png_jpg.rf.2388f2e7b33617612b83cf4c680b5764.jpg,1
chicago9-91-_png_jpg.rf.8b1898f71243168732ad45ce9b26ecf4.jpg,1
Kharkiv_2022_A_1_R2C4_8500_9000_15000_15500_jpg.rf.4e6d9ba8492621da881ec2da80664920.jpg,1
Kharkiv_2022_A_1_R2C5_3500_4000_15500_16000_jpg.rf.e61433315ff78a3a1d9aa444ed8fabbc.jpg,1
chicago9-89-_png_jpg.rf.f993d99a68727561476c1fac1211a5ea.jpg,1
Kharkiv_2022_A_1_R2C5_3500_4000_8000_8500_jpg.rf.3fa1ec785856aaa008b0f025bb2dada4.jpg,1
tyrol-w1-25-_png_jpg.rf.72c0a5639f5c6085f4040b34ad784a35.jpg,0
Kharkiv_2022_A_1_R2C5_9000_9500_5000_5500_jpg.rf.a5c364c8ff968d6983f92e9734683d2d.jpg,1
Kharkiv_2022_A_1_R2C5_5000_5500_6500_7000_jpg.rf.aab00f3348d2df2e96e16fe0baef7c54.jpg,1
Kharkiv_2022_A_1_R2C5_6500_7000_8500_9000_jpg.rf.f1d6c45835d885c6e0cab4418b601c36.jpg,1
tyrol-w8-12-_png_jpg.rf.2cea0757e532d537423955ef6a1f8dfd.jpg,0
Kharkiv_2022_A_1_R2C6_13000_13500_3000_3500_jpg.rf.5d68bfe7ebc8d6507cfe7b0ff2219bfc.jpg,1
Kharkiv_2022_A_1_R2C5_9000_9500_13500_14000_jpg.rf.4b451217654682011777a5210b838c8a.jpg,1
tyrol-w1-19-_png_jpg.rf.bec8ee6321d0069500fe578a83a4476c.jpg,1
tyrol-w1-27-_png_jpg.rf.fe3be113abf2c6bd4925cb41c28dfa57.jpg,1
tyrol-w1-38-_png_jpg.rf.20c9ec54e14c4eac6c5fcfc61e826b51.jpg,1
Kharkiv_2022_A_1_R2C6_10500_11000_1500_2000_jpg.rf.e3d791e816026e4f4a06aea5f0a44fac.jpg,1
Kharkiv_2022_A_1_R2C6_15000_15500_3500_4000_jpg.rf.b885d8c1ab1b93f0a8fbc523365c6f67.jpg,1
tyrol-w8-2-_png_jpg.rf.b4ec0e42d81bedfea5b19bd48c3ca016.jpg,0
Kharkiv_2022_A_1_R2C6_14500_15000_4500_5000_jpg.rf.44e132c55763df21ee1de85bbcceefcd.jpg,1
tyrol-w1-37-_png_jpg.rf.9ef73daac6811230c52434d19cb456b7.jpg,1
Kharkiv_2022_A_1_R2C6_15500_16000_3000_3500_jpg.rf.ddbb15a55f0cda24e03407df9685a416.jpg,1
Tripoli_2022_V2_R3C1_1500_2000_5500_6000_jpg.rf.83a62a60474c8c23aa602fe6bc9a7d42.jpg,1
tyrol-w1-52-_png_jpg.rf.1c3c68e13bd7946f2660316efd632557.jpg,0
Kharkiv_2022_A_1_R2C6_14500_15000_3500_4000_jpg.rf.6ed52c696b79e2ac3d78f371516f2de4.jpg,1
tyrol-w9-56-_png_jpg.rf.844ef80b4a9ede97d270c6adaceb369b.jpg,1
Zalingei_2022_1_A_1_R1C1_7500_8000_7000_7500_jpg.rf.3a49ce6287f76fd6063716d171c291eb.jpg,1
chicago9-92-_png_jpg.rf.671fe0a36a6b782b3f1e50a596d61c14.jpg,1
Zalingei_2022_1_A_1_R1C1_7000_7500_12000_12500_jpg.rf.e191b8c6a5fc47fccdea44d3aadae912.jpg,1
tyrol-w1-54-_png_jpg.rf.bf7786b933ab6f467e55fe7cb4622ec9.jpg,0
Kharkiv_2022_A_1_R3C3_14000_14500_500_1000_jpg.rf.e02dd81bd98eaa06bd17f8859d2574a8.jpg,1
Kharkiv_2022_A_1_R3C3_2000_2500_15000_15500_jpg.rf.fe0ad894bb5e1d091cfbdf6d1737a03b.jpg,1
tyrol-w1-75-_png_jpg.rf.3075ce8ae16faafb86ffcbbab2cbe753.jpg,0
tyrol-w1-35-_png_jpg.rf.b920a18d204cd98d94f954cc70b27c73.jpg,0
Kharkiv_2022_A_1_R3C3_2000_2500_4000_4500_jpg.rf.01149a03624109758a5887c19b7ba32e.jpg,1
tyrol-w1-55-_png_jpg.rf.8bd8d5a7930eca78bd72ca0bbb47a7cb.jpg,0
Kharkiv_2022_A_1_R3C3_5500_6000_1000_1500_jpg.rf.efa6bf32cc591aefc907f6621ad567d7.jpg,1
tyrol-w9-58-_png_jpg.rf.69c019e2f416ddf59ff15244ddc92cff.jpg,1
Kharkiv_2022_A_1_R3C3_2000_2500_4500_5000_jpg.rf.5ef929806bde6d945c890936b895c7cf.jpg,1
Zalingei_2022_1_A_1_R1C1_8000_8500_11500_12000_jpg.rf.4786ca185156891d30e7b1d580789980.jpg,1
chicago9-65-_png_jpg.rf.616d8baa6cabe6efa08f46b69c8f5bca.jpg,1
Tripoli_2022_V2_R3C1_1000_1500_0_500_jpg.rf.1e88cdf379d8aa4a82e2cc21f3479076.jpg,1
Kharkiv_2022_A_1_R3C3_6000_6500_2500_3000_jpg.rf.19b6539412b0974b3396036c24593600.jpg,1
Kharkiv_2022_A_1_R3C3_3500_4000_4000_4500_jpg.rf.8341a4883a7f94decc111faa7012bfc5.jpg,1
Kharkiv_2022_A_1_R3C3_5500_6000_3000_3500_jpg.rf.1cf2ba6546ca535a545fbaac9924c1ad.jpg,1
tyrol-w1-57-_png_jpg.rf.209fffcac914be597ece710a2bf0a491.jpg,1
Kharkiv_2022_A_1_R3C3_8000_8500_11000_11500_jpg.rf.a757c1297822d32c3dee0a66d5b1d8dc.jpg,1
Kharkiv_2022_A_1_R2C4_5000_5500_0_500_jpg.rf.359a3fdb42e5a11fc2262f34c63b8a14.jpg,1
tyrol-w1-81-_png_jpg.rf.104b8454e2df0493d3b4046c2c080dec.jpg,1
tyrol-w10-16-_png_jpg.rf.b1514655e81dc3c14049eec9f0c38a0c.jpg,1
Kharkiv_2022_A_1_R3C5_10000_10500_0_500_jpg.rf.36532a307989f932a4943883e12723df.jpg,1
Kherson_2022_V2_R1C10_8500_9000_7000_7500_jpg.rf.b770f14483237f5261b2917d27396ee1.jpg,1
tyrol-w1-78-_png_jpg.rf.c1fb6d041ffe3ddd667629abcc8ba4a6.jpg,1
tyrol-w10-22-_png_jpg.rf.caa6c13b622997a4b957c84ee7bede7b.jpg,1
Kherson_2022_V2_R1C10_8000_8500_8000_8500_jpg.rf.4f319db7c67ff9611e105a5f9aff2035.jpg,1
Kherson_2022_V2_R3C11_4000_4500_2000_2500_jpg.rf.173ff44b55f3d50a894c50da969bca69.jpg,1
tyrol-w11-23-_png_jpg.rf.4586db76194ba1ec7a3058f6bf22ab5e.jpg,0
Kharkiv_2022_A_1_R3C3_500_1000_500_1000_jpg.rf.084ccdb1a1610f13fae9284ac915aec7.jpg,1
tyrol-w1-74-_png_jpg.rf.b77fe2c210af16d19a6df239219b942f.jpg,0
Kherson_2022_V2_R3C11_4000_4500_7500_8000_jpg.rf.ede8a61bec59117fc3f33c04966bb20c.jpg,1
Kharkiv_2022_A_1_R3C3_6500_7000_1000_1500_jpg.rf.441fa32aeaa7fe9bbbde7578171a8a02.jpg,1
Kherson_2022_V2_R1C10_8500_9000_6500_7000_jpg.rf.3554e8c90d465992192078cbd27cf9d5.jpg,1
Kherson_2022_V2_R1C10_8000_8500_7000_7500_jpg.rf.e0fd73dd2171dbd50ad80da684fb7ad5.jpg,1
Kherson_2022_V2_R3C11_4000_4500_8000_8500_jpg.rf.7a20798740a7dd6b80894b1e4b6e04bf.jpg,1
Kherson_2022_V2_R3C4_7500_8000_12000_12500_jpg.rf.8b9542580f9281c1b8aeb2fefb8daa9c.jpg,1
Kherson_2022_V2_R3C11_500_1000_13000_13500_jpg.rf.36d5ad209b4a6c8f5cfa44161be4e14f.jpg,1
Kherson_2022_V2_R3C4_7000_7500_5500_6000_jpg.rf.2bcbeea615826077e05cfdcf9f7853f3.jpg,1
Kherson_2022_V2_R3C5_13000_13500_1000_1500_jpg.rf.a837e9d127799d296c83acd097f3282e.jpg,1
Kharkiv_2022_A_1_R3C3_6500_7000_2500_3000_jpg.rf.817659d9a2f285fd669ab0f25174ed76.jpg,1
tyrol-w1-8-_png_jpg.rf.d04784f2f7024ecf219f3211abbcbf9e.jpg,1
tyrol-w11-24-_png_jpg.rf.1b561ffbee8c21093af6c0ae4256f524.jpg,0
tyrol-w11-29-_png_jpg.rf.6299cd1bb0601968ea7390388cb7693d.jpg,1
tyrol-w1-80-_png_jpg.rf.d7656973753fa1bfc89b17c26619781c.jpg,1
Kharkiv_2022_A_1_R2C6_14000_14500_3500_4000_jpg.rf.c719c98c2c551cc3a68c435e71e88a74.jpg,1
tyrol-w11-25-_png_jpg.rf.3e34b39d8685e5607f2f8733ff6c7fbe.jpg,1
tyrol-w4-11-_png_jpg.rf.4beef1820d0f9938f1d10de00f8ab3b0.jpg,1
tyrol-w23-45-_png_jpg.rf.1ed83e4813f30012a655f4e8f557bbb3.jpg,0
tyrol-w23-44-_png_jpg.rf.d4115e49532bc4e7fe212eaf6c1383b1.jpg,0
tyrol-w4-41-_png_jpg.rf.cc00bf268b7b86e5c1341b84e0ff2091.jpg,1
tyrol-w4-13-_png_jpg.rf.fa9fb96eb624736ae9f86ccf0229e4c0.jpg,1
Mekele_2022_R5C1_10500_11000_10500_11000_jpg.rf.898c40bc219ad1e140c759ecc89c0d03.jpg,1
Donetsk_2022_R2C10_15500_16000_0_500_jpg.rf.ea967c3d0f1218bbc60902996070767e.jpg,1
Tripoli_2022_R2C3_6500_7000_14000_14500_jpg.rf.07575aa718c77119183bdb2076534370.jpg,1
tyrol-w23-11-_png_jpg.rf.4f3a9ec4158eb7564b64bf34b16be1f6.jpg,1
Donetsk_2022_R2C10_12500_13000_2500_3000_jpg.rf.4b0b885e3c53185981963d657bad0baa.jpg,1
tyrol-w5-58-_png_jpg.rf.c4cd659983d0b2ecadedde11aae3aeff.jpg,1
Donetsk_2022_R1C8_9000_9500_10500_11000_jpg.rf.e96bd1bbb570a0709eab0847827caef8.jpg,1
Donetsk_2022_R2C10_12500_13000_11000_11500_jpg.rf.93a72f131e7b30b3629274ab5fa4c74a.jpg,1
Mekele_2022_R5C2_500_1000_500_1000_jpg.rf.a09ad8ac66abdea188b7082fa8fd026f.jpg,1
tyrol-w23-38-_png_jpg.rf.f4000063e8fa790301fbda83c53326dc.jpg,1
Mekele_2022_R6C3_16000_16500_7000_7500_jpg.rf.393fc8dacb2aaa286830d8cebf46811b.jpg,1
tyrol-w23-58-_png_jpg.rf.f6f10501b503c8cadf7809d084c2a5b0.jpg,1
Mekele_2022_R5C3_3000_3500_2000_2500_jpg.rf.811548b761adbeb75180479ef633388d.jpg,1
tyrol-w23-4-_png_jpg.rf.205bb3a0ad2e526b50ad3d60707cad92.jpg,1
Donetsk_2022_R2C10_12500_13000_3000_3500_jpg.rf.23fb04047ccab174421aa3e34df08d01.jpg,1
Mekele_2022_R5C2_7000_7500_4000_4500_jpg.rf.86d5a3ecf2a1be3fabd8dff13df6513d.jpg,1
Mekele_2022_R6C3_16000_16500_5000_5500_jpg.rf.fe25ee47930895ba2aeb7a2582b9634b.jpg,1
tyrol-w23-39-_png_jpg.rf.bd7005448213b62b6b2784d063c0f973.jpg,1
Tripoli_2022_R2C3_7000_7500_12000_12500_jpg.rf.f6eacc77b85e59b5c2c60b5e9c5df1fb.jpg,1
Tripoli_2022_R2C3_6500_7000_14500_15000_jpg.rf.6c5d93436b43b1849a22db0e120cbcf5.jpg,1
tyrol-w23-41-_png_jpg.rf.29c2a6f6521fcaebefe3bb5ec85aeb2f.jpg,0
austin20-72-_png_jpg.rf.8bd1bc67e1a08fb2faf50e7710bb1e13.jpg,1
austin20-73-_png_jpg.rf.3a76d98e644001a3fe4d4da9df61a362.jpg,1
Donetsk_2022_R6C3_4000_4500_13500_14000_jpg.rf.7d4a40c55ee5d3a9f12fe88ee47e7ce8.jpg,1
Donetsk_2022_R6C3_3500_4000_14000_14500_jpg.rf.3d91dff155bde74c260cee9dd9553652.jpg,1
Donetsk_2022_R6C3_3500_4000_13500_14000_jpg.rf.72771735011f94175ca8a9cd2c445951.jpg,1
Donetsk_2022_R6C4_12500_13000_1500_2000_jpg.rf.a633ef7740418eed9a6daf73466beb08.jpg,1
austin20-74-_png_jpg.rf.d793558e6d2a0833eab5f3932fd49997.jpg,1
Donetsk_2022_R6C4_13000_13500_12500_13000_jpg.rf.10d9e8c4c6909fb8e8b155e493875138.jpg,1
Donetsk_2022_R6C3_2500_3000_15500_16000_jpg.rf.d1d3023898fd33581c58e81028fff7fe.jpg,1
Donetsk_2022_R6C3_1500_2000_11000_11500_jpg.rf.1120fcf3a20889c720579b6c9ff0ee6c.jpg,1
Donetsk_2022_R6C3_1500_2000_15500_16000_jpg.rf.1f50c60b5cdcc1c558d6c17568fc7891.jpg,1
austin20-62-_png_jpg.rf.7e0c2980006dc259970d76773aa38685.jpg,1
Donetsk_2022_R6C3_2000_2500_13500_14000_jpg.rf.0dc56a3487b273e51844d10ef372c847.jpg,1
Donetsk_2022_R6C4_12500_13000_13000_13500_jpg.rf.0060f004ea2eb54304a27ee418321cf5.jpg,1
austin20-65-_png_jpg.rf.157bde65a80e2cbd45e95d42f0c347a3.jpg,1
Donetsk_2022_R6C3_2000_2500_12500_13000_jpg.rf.b788b8c774e8a4d734f352b69d7c52f9.jpg,1
Donetsk_2022_R6C3_1500_2000_15000_15500_jpg.rf.da2b9b53f4a0e2c0826c7a69cf0d0df2.jpg,1
Donetsk_2022_R6C3_3000_3500_12000_12500_jpg.rf.46d7661a0ede5b121aabd4bee21cec3f.jpg,1
austin20-7-_png_jpg.rf.882f4cc1274d383a7ba26daeb93f4e4b.jpg,1
Donetsk_2022_R6C3_2500_3000_16000_16500_jpg.rf.910719b19bceab310cd1004b5b36b180.jpg,1
austin20-67-_png_jpg.rf.d86aa5fd560555eaef60a9b13659f7bf.jpg,1
austin20-85-_png_jpg.rf.47d1be6dae64df7ef77c907318876272.jpg,1
tyrol-w4-1-_png_jpg.rf.b213a3de0cf51e9fb72cecbd922105b8.jpg,1
austin20-66-_png_jpg.rf.0e1f6ab4f354e2390007c5e9b6c4fc24.jpg,1
Donetsk_2022_R6C3_4500_5000_15500_16000_jpg.rf.783aacfeb9d44961bf41e74ba9ce31e3.jpg,1
chicago10-11-_png_jpg.rf.e5d182e18c4b4dff3f5b2f33e84b83b3.jpg,1
austin20-9-_png_jpg.rf.c868ab0a037de7c1150d54a51778fcef.jpg,1
Donetsk_2022_R6C4_13000_13500_9500_10000_jpg.rf.e6a183fd7c1084b3ff5cad25f5fae69b.jpg,1
Donetsk_2022_R6C3_4000_4500_15500_16000_jpg.rf.404911a729c53d9a20c6b867549f53e9.jpg,1
Donetsk_2022_R6C3_500_1000_9500_10000_jpg.rf.62951a1a62e45009492610b7f5f0a89b.jpg,1
austin20-76-_png_jpg.rf.8659f1204966fe8b1a6f42c3a87aa9b1.jpg,1
austin20-80-_png_jpg.rf.f6ca81c4ce4fe10c7b709db648bccc65.jpg,1
Donetsk_2022_R6C4_13500_14000_10500_11000_jpg.rf.afe3d73e9eb255462a1d6e6e7bee6f29.jpg,1
Donetsk_2022_R6C4_1500_2000_2000_2500-Copy_jpg.rf.6c7a4497fb8c43d8a03bf08a25181821.jpg,1
Donetsk_2022_R6C4_1500_2000_2500_3000-Copy_jpg.rf.b358e43ffff51ccb32d5cd9520f001f1.jpg,1
Donetsk_2022_R6C4_1000_1500_1500_2000-Copy_jpg.rf.09ebe1127f364163a1549447e3067afb.jpg,1
austin20-8-_png_jpg.rf.4afba87ff65dd06e462200be7255fe33.jpg,1
Donetsk_2022_R6C4_13500_14000_11000_11500_jpg.rf.8fa95776759ecf8e3b19966960cd91ce.jpg,1
Donetsk_2022_R6C4_1500_2000_15500_16000-Copy_jpg.rf.094026f33725bc32c8105d2af036bf58.jpg,1
tyrol-w23-6-_png_jpg.rf.126471d72683ece2e9ea265f42c80f50.jpg,1
Mykolaiv_2022_A_1_R1C2_8000_8500_9000_9500_jpg.rf.aeb01e7dcd3d5217e1bf5f7f87400dbc.jpg,1
austin20-79-_png_jpg.rf.5d0b20675c10007f1bfd770b517827a9.jpg,1
austin20-77-_png_jpg.rf.602995b427fd36393397d101f0782d6b.jpg,1
austin20-90-_png_jpg.rf.e926cc2e55a9fb88c9c047dec2309ad0.jpg,1
chicago10-100-_png_jpg.rf.272446834e1eb14b2a6697b530ea32d3.jpg,1
Donetsk_2022_R2C7_14500_15000_9500_10000_jpg.rf.76428ecc5d783b1dc4b63ce5e91ba5df.jpg,1
tyrol-w23-86-_png_jpg.rf.146a8315f1a5f0f46e3b81e2ed8d27ac.jpg,0
Mykolaiv_2022_A_1_R1C2_2500_3000_1500_2000_jpg.rf.cc899f0a08d4f5624845cf78a66d556b.jpg,1
Donetsk_2022_R6C4_13500_14000_12000_12500_jpg.rf.ae77bb2912d8c7f1253b73fb255b1c1f.jpg,1
austin20-86-_png_jpg.rf.e1e8846f9e0bcfbcb1442ef24285bace.jpg,1
Donetsk_2022_R6C4_13000_13500_9000_9500_jpg.rf.b49004a2f4ff70ec8219d5ed85a22b58.jpg,1
austin16-47-_png_jpg.rf.3cae22b8253f637c3c5dc9069bdd9205.jpg,1
tyrol-w23-82-_png_jpg.rf.4d32e38405aef4e68dc03182af2c495a.jpg,0
Donetsk_2022_R6C3_1500_2000_11500_12000_jpg.rf.71a59d18a84b2442f17717f9360115bb.jpg,1
Donetsk_2022_R6C4_1000_1500_7500_8000-Copy_jpg.rf.7dc63f36217d97e3cc52c8c541f52069.jpg,1
austin20-89-_png_jpg.rf.6155d35bef8bf339db6c586bb1686934.jpg,1
Donetsk_2022_R6C4_14000_14500_10500_11000_jpg.rf.3cd0df80644ace1724c6e648196c09dd.jpg,1
chicago10-1-_png_jpg.rf.969e32c6fda3e6804317386f101468fc.jpg,1
Donetsk_2022_R6C4_13000_13500_13000_13500_jpg.rf.4093ed805b75f5209abf846baab6b63d.jpg,1
Mykolaiv_2022_A_1_R1C1_3500_4000_12000_12500_jpg.rf.213b62b6edc752c983c1fb260bbe018c.jpg,1
Mykolaiv_2022_A_1_R1C2_16000_16500_15500_16000_jpg.rf.beb4e85b836f489620d3cabcc48ff69f.jpg,1
Donetsk_2022_R6C4_1500_2000_1000_1500-Copy_jpg.rf.0cee9b0a3777f917834da7c95f711c80.jpg,1
tyrol-w23-65-_png_jpg.rf.b9b881d222beee9e876884743da3df62.jpg,1
austin16-46-_png_jpg.rf.4b342d82d4b49b250a3e345798c67de9.jpg,1
Mykolaiv_2022_A_1_R1C1_4000_4500_11500_12000_jpg.rf.00b9ab85bbeca2d69dc7679f751b2a44.jpg,1
tyrol-w23-7-_png_jpg.rf.911c5a4bd681367b671f6ffc76cc2ae9.jpg,1
Donetsk_2022_R6C4_1500_2000_0_500-Copy_jpg.rf.31643e2c834ff4b925f460e4c7b7ddee.jpg,1
tyrol-w4-10-_png_jpg.rf.f35a2da57e7b3fadbf257762b59ff94f.jpg,0
tyrol-w23-72-_png_jpg.rf.573cca294d6c5d193425bc11c8a83860.jpg,0
austin20-93-_png_jpg.rf.ac0df8160286d20022c8ec912ba5eac5.jpg,1
austin16-37-_png_jpg.rf.076d66050d58b86eaccada96acd79180.jpg,1
Donetsk_2022_R2C7_15000_15500_10500_11000_jpg.rf.194d8708e20a17836b40723b02bd2001.jpg,1
austin16-44-_png_jpg.rf.ce69c4b020af615ba6d0dbf04d480954.jpg,1
Donetsk_2022_R6C4_1500_2000_15000_15500-Copy_jpg.rf.49df043204e9e73ef3905ac4db8fcd61.jpg,1
Mykolaiv_2022_A_1_R1C1_2000_2500_11500_12000_jpg.rf.ac0081a09705fa3327d34ce39aedf8f6.jpg,1
Donetsk_2022_R6C4_13500_14000_9000_9500_jpg.rf.d7c149514d6a07c8a64a9d61873c0566.jpg,1
Mykolaiv_2022_A_1_R1C3_15000_15500_4000_4500_jpg.rf.141ffc1f213d50144672105d1d22b179.jpg,1
tyrol-w23-71-_png_jpg.rf.97068a39705a1a056477e6e117db02aa.jpg,0
Mykolaiv_2022_A_1_R1C1_4000_4500_12500_13000_jpg.rf.ad374772744e94667949a3b09fee9651.jpg,1
Donetsk_2022_R2C11_14500_15000_2500_3000_jpg.rf.5fd5ef1d097a5ada315b50987deb8d5d.jpg,1
Donetsk_2022_R6C4_14000_14500_9500_10000_jpg.rf.0d6341518f5efec6fdbe62673f5c99bf.jpg,1
Mykolaiv_2022_A_1_R1C1_3000_3500_10500_11000_jpg.rf.5227ec20126536392dfee77212a09cd0.jpg,1
austin20-98-_png_jpg.rf.803100f7b87a160d0bf90e2124b6ca1e.jpg,1
austin20-97-_png_jpg.rf.b5065a2f3682539d58130cf2f0dcd331.jpg,1
Mykolaiv_2022_A_1_R1C1_3000_3500_12000_12500_jpg.rf.d32526e18c5bfdd537f23a17e64381f6.jpg,1
Mykolaiv_2022_A_1_R1C2_6500_7000_10000_10500_jpg.rf.15af868e19a369ba271eafe4e506280e.jpg,1
tyrol-w23-84-_png_jpg.rf.6cf359546f533360f740fce26f61d12f.jpg,0
Mykolaiv_2022_A_1_R1C1_8500_9000_12000_12500_jpg.rf.d936ef0229f3c8b2bb863761dc6138bb.jpg,1
tyrol-w23-83-_png_jpg.rf.e4f6a3a6e27106b1bf3d51ada2af866e.jpg,1
austin20-91-_png_jpg.rf.d614d53632750080c04dd2763d64550b.jpg,1
Donetsk_2022_R2C11_14500_15000_10000_10500_jpg.rf.b9614859257cf6cdfa1a53b84e16409b.jpg,1
tyrol-w23-70-_png_jpg.rf.aa5482a3c75cb010478e1c7f802c809d.jpg,1
tyrol-w23-85-_png_jpg.rf.42c80f2271af5297823bc2cf969bba07.jpg,0
tyrol-w23-63-_png_jpg.rf.4eccaeac127e421b9e81b5ac72eb576d.jpg,1
Mykolaiv_2022_A_1_R1C1_1500_2000_12000_12500_jpg.rf.73e5bd2db08f2c245cd1513e91c98e71.jpg,1
tyrol-w23-61-_png_jpg.rf.c650c12605eabae10e69b5615d53f1d4.jpg,1
tyrol-w24-11-_png_jpg.rf.134581c1aa580c824fa5daf7fb31f2a1.jpg,1
Mykolaiv_2022_A_1_R1C1_4500_5000_6500_7000_jpg.rf.77c5b840a761ea2ebfdaa237cc8baf98.jpg,1
tyrol-w23-93-_png_jpg.rf.8cbb918771f867296c3745fbb1a249d7.jpg,0
Mykolaiv_2022_A_1_R1C1_3000_3500_12500_13000_jpg.rf.07834fd518331861b0cd7b56c5140245.jpg,1
Mykolaiv_2022_A_1_R1C3_16000_16500_5000_5500_jpg.rf.ae2c439d15565131d8aa0c2b2a433b89.jpg,1
tyrol-w23-81-_png_jpg.rf.af3a88f48633d59eb3805b8d8fa1ee83.jpg,0
tyrol-w23-80-_png_jpg.rf.bdcc6176b1304fd1447fd8b3fe3a62eb.jpg,1
Mykolaiv_2022_A_1_R1C3_15500_16000_11000_11500_jpg.rf.e33157cf848f37aa3f482ae838023770.jpg,1
Mykolaiv_2022_A_1_R1C2_3500_4000_0_500_jpg.rf.e96064ad4bcce2ea29fc2425a9e7f80b.jpg,1
Mykolaiv_2022_A_1_R1C1_8500_9000_4000_4500_jpg.rf.f74c1363e3f1db9de427244f342c6d57.jpg,1
Donetsk_2022_R2C6_10000_10500_7500_8000_jpg.rf.1d86418f52b70ef8821444029107d3d8.jpg,1
Donetsk_2022_R2C6_10500_11000_12000_12500_jpg.rf.ba0d79eee8cc5dfcdf7fde3d89b3c734.jpg,1
Mykolaiv_2022_A_1_R1C1_10000_10500_12500_13000_jpg.rf.6e57a93665e8161d3bb9c0e684649aaf.jpg,1
tyrol-w23-68-_png_jpg.rf.92929e688bfabbd1c96ddedefc3a355c.jpg,1
austin16-38-_png_jpg.rf.b48f1a0c470ddbd52799b1ea269b6e63.jpg,1
Mykolaiv_2022_A_1_R1C1_7000_7500_14500_15000_jpg.rf.18c110c24ad125a80e3acb1827ee7e44.jpg,1
tyrol-w23-92-_png_jpg.rf.588660f513f4e43a4a50672e10b4ac5b.jpg,0
Mykolaiv_2022_A_1_R1C3_10500_11000_15500_16000_jpg.rf.7e5eef5785bf08aa30842e4152f291bf.jpg,1
tyrol-w23-66-_png_jpg.rf.963953a601248b0ca93c1909fa18dd1b.jpg,1
tyrol-w23-95-_png_jpg.rf.3f15c2d58ed7c20ca6a158034e4eadfb.jpg,0
Mykolaiv_2022_A_1_R1C3_9500_10000_1000_1500_jpg.rf.22e512f8ab07576a65f2639bd204c132.jpg,1
Mykolaiv_2022_A_1_R1C3_9500_10000_0_500_jpg.rf.b96b71fe01040382a5e5c50ab2909acb.jpg,1
tyrol-w23-62-_png_jpg.rf.3626acec25981870570e5d9436c0ba7a.jpg,1
Mykolaiv_2022_A_1_R1C1_2500_3000_7000_7500_jpg.rf.abdf8b04883bf5b817e4de7236e94c2e.jpg,1
Mykolaiv_2022_A_1_R1C2_8500_9000_7500_8000_jpg.rf.ef971b3e1f5087406b3ab3a62140f4ef.jpg,1
austin16-4-_png_jpg.rf.52d8da3c8ef9850875c768e93051878e.jpg,1
austin16-36-_png_jpg.rf.e2d0b6504e360c9b363aa9300b2cde12.jpg,1
Donetsk_2022_R2C10_9000_9500_1500_2000_jpg.rf.2da1abcebe8e57e1c03756bdb3a122cc.jpg,1
austin16-25-_png_jpg.rf.e6586446a01e1cff96b095bce687267f.jpg,1
tyrol-w23-99-_png_jpg.rf.0f67a96603dcf15190e6b82705db036c.jpg,0
tyrol-w24-12-_png_jpg.rf.a80bd5b743aa10850d2898e86e5b0c8a.jpg,1
tyrol-w23-97-_png_jpg.rf.a8158ba7c39217849b5f8efb948b340d.jpg,1
Mykolaiv_2022_A_1_R1C1_7000_7500_16000_16500_jpg.rf.071dcfe6036a62ca6e415e13a87d74b8.jpg,1
tyrol-w23-75-_png_jpg.rf.c63247aac5911ce52ec9f29cbe389a5d.jpg,0
Mykolaiv_2022_A_1_R1C2_8500_9000_8000_8500_jpg.rf.2d4c43ed4c9f40e71fe1ee2bd5888ca4.jpg,1
tyrol-w23-9-_png_jpg.rf.e761840b5c52af19584d87fbf4ac8dd7.jpg,1
Donetsk_2022_R2C10_9000_9500_2500_3000_jpg.rf.51d571070e1cd5f7f7937a3fc3a7e37a.jpg,1
Donetsk_2022_R2C10_9000_9500_12500_13000_jpg.rf.80294fd1d8349615d9674b99af7e5e6d.jpg,1
Mykolaiv_2022_A_1_R1C3_7000_7500_11000_11500_jpg.rf.198096ca009e1e55af43fd0468e3c868.jpg,1
tyrol-w23-96-_png_jpg.rf.6917a42d329405a81abf6359cb6621ad.jpg,1
Mykolaiv_2022_A_1_R1C3_16000_16500_6000_6500_jpg.rf.b21d1dc02e90833f3d644dac3a4322ef.jpg,1
Donetsk_2022_R2C12_1000_1500_1500_2000_jpg.rf.3f7e5da9b3c325a8e48e4d4d34e5972c.jpg,1
tyrol-w23-90-_png_jpg.rf.2ca1f7b6fd320627bf4a9c2f0439f9a9.jpg,0
Mykolaiv_2022_A_1_R1C3_10000_10500_15500_16000_jpg.rf.7b2546123f6cb906adecc94d0f360408.jpg,1
austin16-43-_png_jpg.rf.873e32eea89253da56e8c8aa3dd30f1a.jpg,1
Mykolaiv_2022_A_1_R1C3_8500_9000_1000_1500_jpg.rf.653b5c36d1fbed243cf51531edde8e96.jpg,1
tyrol-w23-60-_png_jpg.rf.9fda723d0d8824058b9281ed59583409.jpg,1
swiss_IMG_8714_JPG_jpg.rf.fba0e26360b6c9f93adfea14f1b745e1.jpg,1
Mykolaiv_2022_A_1_R1C3_7500_8000_1500_2000_jpg.rf.287c132324f9e3f16d94248bd37d725e.jpg,1
Mykolaiv_2022_A_1_R1C2_9500_10000_9500_10000_jpg.rf.a1ffc28486db9153760df7be5c6761a6.jpg,1
austin16-24-_png_jpg.rf.649eadcca9c14ccdec0015087034b2c9.jpg,1
Mykolaiv_2022_A_1_R1C1_8000_8500_14500_15000_jpg.rf.5c424d93c41c929e8de1d509e761adb8.jpg,1
Donetsk_2022_R6C4_1000_1500_10500_11000-Copy_jpg.rf.9301db91dd621dd5bf5ee60b0f3e3a95.jpg,1
tyrol-w23-73-_png_jpg.rf.c0bf29a0f85d446ca98e799a72e530c3.jpg,1
Mykolaiv_2022_A_1_R1C3_10500_11000_12000_12500_jpg.rf.7d99258413921fd2910c4d2752a60b61.jpg,1
Mykolaiv_2022_A_1_R1C2_15500_16000_3500_4000_jpg.rf.b58ce41db4bf57dd431c95821845392f.jpg,1
Mykolaiv_2022_A_1_R1C3_9500_10000_12000_12500_jpg.rf.0daef581a28664aae997ea8b275b4a07.jpg,1
tyrol-w23-78-_png_jpg.rf.c0ce6be4a0fb48cdd338b1e52d10e629.jpg,0
Donetsk_2022_R2C7_0_500_2000_2500_jpg.rf.397864ced35f72d45bd31cb6f4797d51.jpg,1
Donetsk_2022_R2C7_14500_15000_10000_10500_jpg.rf.ded701495d93af9f5e2995db84f2ee37.jpg,1
Donetsk_2022_R2C6_11000_11500_3500_4000_jpg.rf.32ca450070c8f20ba9fa12e3a2161212.jpg,0
austin16-3-_png_jpg.rf.ec7190b14693a5db104b2e0c59adc8ed.jpg,1
austin16-42-_png_jpg.rf.280fc1278776c2208ccbfc208eafca30.jpg,0
Mykolaiv_2022_A_1_R1C3_7500_8000_2000_2500_jpg.rf.67e27bbea0ba6aef7c494f4b3a5defe2.jpg,1
Donetsk_2022_R2C10_8500_9000_2500_3000_jpg.rf.26862393549c773e6528ae16a94c8a39.jpg,1
Donetsk_2022_R2C10_8500_9000_500_1000_jpg.rf.bb2fc63593154ce67cf12f50b037c906.jpg,1
Donetsk_2022_R2C7_11500_12000_15500_16000_jpg.rf.d28ecd64f7a81f3a9dd646b68e527296.jpg,1
Mykolaiv_2022_A_1_R1C1_8000_8500_4000_4500_jpg.rf.96e8e24fd5227b3c1acad70aac47fa51.jpg,1
Mykolaiv_2022_A_1_R1C3_9000_9500_500_1000_jpg.rf.0210feb7f9fd7b4723960ffd79c6c29d.jpg,1
Mykolaiv_2022_A_1_R1C3_9000_9500_12000_12500_jpg.rf.026bbce1d9cad553c8186437db74972c.jpg,1
Donetsk_2022_R2C10_9500_10000_8500_9000_jpg.rf.57104fcee31d699bd402ba49d8fbfce8.jpg,1
Donetsk_2022_R2C10_9500_10000_9000_9500_jpg.rf.79725ac8ef0c48febff2cf7d830f4b2c.jpg,1
Donetsk_2022_R2C10_9500_10000_1500_2000_jpg.rf.9f7ab0c8c274c19179a22db1a6f0c1fa.jpg,1
austin16-35-_png_jpg.rf.f61f80c08fd6f1b1ebe2bff0f7af105c.jpg,1
Donetsk_2022_R2C6_13500_14000_8500_9000_jpg.rf.93caf2d561e7d8cf574c210435108129.jpg,1
austin16-20-_png_jpg.rf.a892ceeb3c6794f650a49776cd5219b4.jpg,1
austin16-41-_png_jpg.rf.38afac0222a81f150cd20338a660dc34.jpg,0
Donetsk_2022_R2C10_8500_9000_12500_13000_jpg.rf.40f3faf55f48174b2b690a8fd79e2fde.jpg,1
Donetsk_2022_R2C10_9000_9500_1000_1500_jpg.rf.91c5480337f8160f22d61955bd8b7c0f.jpg,1
Donetsk_2022_R2C7_3500_4000_12000_12500_jpg.rf.9cc9f61cc612f6d1777fa20e31a6ea96.jpg,1
Donetsk_2022_R2C7_3500_4000_11500_12000_jpg.rf.d5e46b9b7f678f278f07bf4cab31b930.jpg,1
Donetsk_2022_R2C10_9000_9500_9000_9500_jpg.rf.2b77a6fb0d175db47fade89a50023b09.jpg,1
austin16-34-_png_jpg.rf.9936ca226847553302f304b2afb41d04.jpg,1
Mykolaiv_2022_A_1_R1C3_9000_9500_0_500_jpg.rf.d23355b71e8bfc46922afd9dd6ea67c2.jpg,1
Donetsk_2022_R2C10_15500_16000_8500_9000_jpg.rf.4cb9c5a326111dedc3248880ac60f053.jpg,1
austin16-22-_png_jpg.rf.6ce1fafe3caf7db500008f05b63b9dda.jpg,1
Donetsk_2022_R2C10_16000_16500_5000_5500_jpg.rf.780a20a579052089f302e790a2be2f89.jpg,1
austin16-21-_png_jpg.rf.9d495943411407e8b614f106e38fff0f.jpg,1
austin16-13-_png_jpg.rf.b391d71620978d8434a7bad02bafdc87.jpg,1
Donetsk_2022_R2C10_16000_16500_4000_4500_jpg.rf.f58cb5789c0c87eb671dc1b2cda07425.jpg,1
austin16-52-_png_jpg.rf.35b9e0ef631b7e9f12c74a141af14821.jpg,0
Donetsk_2022_R2C7_2500_3000_13500_14000_jpg.rf.d2b374934e323cdd9b9841514f80159e.jpg,1
Donetsk_2022_R2C10_9500_10000_500_1000_jpg.rf.6f27414b10bf7eacbab4d8d8643942f0.jpg,1
Donetsk_2022_R2C10_8500_9000_0_500_jpg.rf.502d4bc7c5284585279dd0fb7fcea8b9.jpg,1
Donetsk_2022_R2C10_16000_16500_5500_6000_jpg.rf.bb4d8bc7b97c5d214fccac3fedbe2026.jpg,1
austin16-53-_png_jpg.rf.6fa4bab7d0eca875a40c4991728652eb.jpg,1
Donetsk_2022_R2C7_15500_16000_11500_12000_jpg.rf.b836670759426252ebe77f10d40b3941.jpg,1
austin16-32-_png_jpg.rf.31d09fab9e65c933f6f49bd3868d3615.jpg,0
austin16-17-_png_jpg.rf.62384f9d11c70b15aece500109a10e53.jpg,1
austin16-49-_png_jpg.rf.d33705edb7bdc1b0cac67e248da9951a.jpg,1
Donetsk_2022_R2C10_16000_16500_0_500_jpg.rf.e93fac3d70a5e702d29d60dd16f48c1e.jpg,1
Donetsk_2022_R2C7_3000_3500_11500_12000_jpg.rf.02166dc67103d1a11f93a507fbed006d.jpg,1
Donetsk_2022_R2C7_3000_3500_12000_12500_jpg.rf.558c8c69d8652e85418efdb0c4a0e837.jpg,1
Donetsk_2022_R2C7_3000_3500_14000_14500_jpg.rf.b5102e3857d3e3dfb59388db4694f449.jpg,1
Donetsk_2022_R2C10_16000_16500_500_1000_jpg.rf.ab61d7592720a103a976794b9a83ac4e.jpg,1
Donetsk_2022_R2C7_3500_4000_12500_13000_jpg.rf.307421650806e468fa743465ae039252.jpg,1
austin16-5-_png_jpg.rf.dc0c057506956a45145908418aab21d4.jpg,1
austin16-19-_png_jpg.rf.71c4b6011dff538dd7b54954e6e28bfc.jpg,1
Donetsk_2022_R2C10_16000_16500_1000_1500_jpg.rf.953d0792f90f99773d7ead63c0b6d966.jpg,1
Donetsk_2022_R6C7_500_1000_12000_12500_jpg.rf.ed435de925fc37f677982b8b9952a852.jpg,1
Donetsk_2022_R2C7_3000_3500_15000_15500_jpg.rf.72d5bcb652ca8818fba5fc3c5e14a15c.jpg,1
Ed_Daein_2022_V4_1_R1C1_11500_12000_15000_15500-Copy-Copy_jpg.rf.92e33d6bbc3898d5606fa8255913d92c.jpg,1
Ed_Daein_2022_V4_1_R2C2_12500_13000_16000_16500_jpg.rf.7c816ee2e16caf3c6b73806a6f4b4368.jpg,1
Donetsk_2022_R2C10_16000_16500_2500_3000_jpg.rf.299bba9b5f63f15bca0a1e0a971e002a.jpg,1
chicago6-65-_png_jpg.rf.3eddad33e946b7c109795141ef171eb7.jpg,1
Donetsk_2022_R6C9_7500_8000_500_1000_jpg.rf.8378a61664c978765a2aad02790ea897.jpg,1
Donetsk_2022_R2C7_3000_3500_14500_15000_jpg.rf.1c904dce34e672d3c3457276ac9f8398.jpg,1
chicago6-68-_png_jpg.rf.59c45f3148ed736bba6fbbe40487fbf5.jpg,1
austin16-51-_png_jpg.rf.c874c7cf7cf92d9c874ae7210160c96e.jpg,1
Donetsk_2022_R2C10_16000_16500_2000_2500_jpg.rf.154d25e96452e887b7825b050a748213.jpg,1
austin16-50-_png_jpg.rf.29e8af1ae5ab31ee7dc55bd84cb3c7e0.jpg,1
Ed_Daein_2022_V4_1_R1C1_13500_14000_15000_15500-Copy_jpg.rf.36511e44132f31d643974bae1d548ece.jpg,1
Donetsk_2022_R6C7_16000_16500_10500_11000_jpg.rf.33b618ade142ffda26d39372585030c0.jpg,1
chicago6-78-_png_jpg.rf.3172cf786de2c9683613dfab828d0d82.jpg,1
Donetsk_2022_R6C9_7500_8000_0_500_jpg.rf.2a789fe989bdfd8d8f0fb1a4740c6725.jpg,1
Donetsk_2022_R6C9_7000_7500_1000_1500_jpg.rf.ed770db4ab5094a797a02d51c5ddba14.jpg,1
Ed_Daein_2022_V4_1_R2C2_14500_15000_7000_7500_jpg.rf.ace0501fba4d01bfca5c72b692b781b9.jpg,1
chicago6-63-_png_jpg.rf.58f4c85eadcefdc2cd0103f2113790c6.jpg,1
Donetsk_2022_R6C9_7000_7500_500_1000_jpg.rf.fd20babcf540a8224321e57cebed3c18.jpg,1
chicago6-74-_png_jpg.rf.56dcd0d329f0a60f45b15541996ee5ad.jpg,1
Ed_Daein_2022_V4_1_R2C2_14000_14500_6500_7000_jpg.rf.75c444f32414e5b2391970381ad04648.jpg,1
Ed_Daein_2022_V4_1_R2C2_13000_13500_2000_2500_jpg.rf.9f027ed15aa89ffad0b693e4f73a8036.jpg,1
chicago6-70-_png_jpg.rf.3cb3ca08e4f6aa74adf8033776d2c076.jpg,1
Donetsk_2022_R2C7_3500_4000_14000_14500_jpg.rf.5ba708528063de461971e222e22746b4.jpg,1
Donetsk_2022_R6C7_5000_5500_14000_14500_jpg.rf.010d45b9444c7d98370f0290ade595c5.jpg,1
chicago6-26-_png_jpg.rf.f7d8784700bb19b0e8702abe81915b86.jpg,1
Donetsk_2022_R6C9_7500_8000_1000_1500_jpg.rf.f5c82c17d6f17ead231e60de917c271e.jpg,1
chicago6-27-_png_jpg.rf.e38a1742a66992da7efaa4ab3526beeb.jpg,1
Donetsk_2022_R2C7_3500_4000_14500_15000_jpg.rf.06b709913eb455894ebd0c6ab9518964.jpg,1
austin16-56-_png_jpg.rf.4a76435fbb03d19b0ec323684f55bc59.jpg,0
Ed_Daein_2022_V4_1_R2C2_12000_12500_10500_11000_jpg.rf.af3ab46aa2eead25434a4b927165305e.jpg,1
Ed_Daein_2022_V4_1_R2C2_14500_15000_7500_8000_jpg.rf.7652f49a7be4486e00204e60e2a4009a.jpg,1
Donetsk_2022_R6C7_5500_6000_0_500_jpg.rf.b72947ad561d55062387e75971d6aab1.jpg,1
Ed_Daein_2022_V4_1_R2C2_12000_12500_14000_14500_jpg.rf.ca0520bea6f0c6b2a96dd0683357ea8b.jpg,1
Donetsk_2022_R6C7_15500_16000_14000_14500_jpg.rf.1515e8bd21d0abc3b8ef7484063a4edf.jpg,0
Donetsk_2022_R6C7_500_1000_13000_13500_jpg.rf.26a3a287ede04dfcc7df1f66f8db05cd.jpg,1
chicago6-76-_png_jpg.rf.78d496ffe8df8f40d557843697eb0ac2.jpg,1
Donetsk_2022_R2C7_3500_4000_15500_16000_jpg.rf.b4ca4f502f6cd014b4212fba64dce590.jpg,1
Donetsk_2022_R6C7_15500_16000_1500_2000_jpg.rf.d6285914ca22b691871101d1caed2fdf.jpg,1
Donetsk_2022_R6C9_8000_8500_500_1000_jpg.rf.b0a82051da3e720441233709606b2773.jpg,1
chicago6-19-_png_jpg.rf.18057b90a5a154b47747fe97afd12496.jpg,1
chicago6-64-_png_jpg.rf.ae017c33ccd95fdee69a98515517f6e8.jpg,1
Donetsk_2022_R6C7_15500_16000_2500_3000_jpg.rf.61f381059511ecdc54f15a32d9e83388.jpg,1
Donetsk_2022_R6C7_15500_16000_3000_3500_jpg.rf.0fbafadd0b9c321244fe6c9e5632fd08.jpg,1
Ed_Daein_2022_V4_1_R2C2_10500_11000_6500_7000_jpg.rf.2cc0c6ec8193e379dd5d9f9dbdcaecbc.jpg,1
Donetsk_2022_R6C8_7000_7500_15500_16000_jpg.rf.42554d3580c174d64f9c6876c4a5d4ef.jpg,1
Ed_Daein_2022_V4_1_R2C2_14500_15000_8500_9000_jpg.rf.5ebbbb4442acf664541f3f452ce75bc3.jpg,1
chicago6-7-_png_jpg.rf.56fef796da8045884f49c31b6513f8a0.jpg,1
chicago6-67-_png_jpg.rf.d26250d3402c7c2714df95d7887c05f5.jpg,1
Donetsk_2022_R6C8_7000_7500_6500_7000_jpg.rf.5a9c22722c9ce36ac068df8185bf2d52.jpg,1
Donetsk_2022_R6C7_16000_16500_11000_11500_jpg.rf.abb13864030773dca2510922a39b0717.jpg,1
Donetsk_2022_R6C7_5500_6000_500_1000_jpg.rf.4bbe1ea93e34c446a233008fcaa8ef6b.jpg,1
Donetsk_2022_R6C7_16000_16500_3000_3500_jpg.rf.63dee8a4980412a3b8656ab5d0100b9f.jpg,1
chicago6-20-_png_jpg.rf.f4281105835ac3cc073d6e020f703417.jpg,1
Mykolaiv_2022_A_1_R1C4_11000_11500_15000_15500_jpg.rf.827cdb989f3fa9a28fa56a4cf08567fe.jpg,1
chicago6-32-_png_jpg.rf.d9ea50a08534d4167984f764787c45a3.jpg,1
Donetsk_2022_R6C7_16000_16500_11500_12000_jpg.rf.5359d2142c8b6db523e7a246d9228445.jpg,1
Donetsk_2022_R6C7_16000_16500_2500_3000_jpg.rf.bd1d850424e463a964f218fd3e313e76.jpg,1
Mykolaiv_2022_A_1_R1C4_13500_14000_12000_12500_jpg.rf.ad56dc85f10912799f275f88abaf9cbe.jpg,1
chicago6-23-_png_jpg.rf.28f368736d541e9f842128d8f21491a8.jpg,1
Donetsk_2022_R6C7_16000_16500_4000_4500_jpg.rf.b58a2dca8a5940a84241733e06e741e6.jpg,1
Donetsk_2022_R6C8_0_500_1000_1500_jpg.rf.061964b7fecf721316d07996b0447077.jpg,1
Mykolaiv_2022_A_1_R1C4_14000_14500_10000_10500_jpg.rf.3bd4b8d8b6d0ff3b8bfbf82b417532e1.jpg,1
chicago6-69-_png_jpg.rf.0a7da26426837c00eb0c326d6bb21ca5.jpg,1
Mykolaiv_2022_A_1_R1C4_11000_11500_12500_13000_jpg.rf.8f29eeb0a7dcdc856af0a8faaa9bfc14.jpg,1
chicago6-24-_png_jpg.rf.15b097395030120e2232f46f78942a6d.jpg,1
tyrol-w24-30-_png_jpg.rf.5a2a8855a2cd23774c995cb09a204a0a.jpg,1
chicago6-33-_png_jpg.rf.fe79b91f67981ceedbdebafd363f9ab3.jpg,1
chicago6-22-_png_jpg.rf.371d295631096501bafcd09545d8f8d0.jpg,1
tyrol-w24-3-_png_jpg.rf.7f5c34a80444f87c3c415cac70b476dd.jpg,0
Mykolaiv_2022_A_1_R1C5_12500_13000_500_1000_jpg.rf.81af78326b00bd8dfa9f4da95981e2ac.jpg,1
tyrol-w24-23-_png_jpg.rf.e68fba61704782a10dae29dd9ac1756a.jpg,0
Mykolaiv_2022_A_1_R1C5_12500_13000_1000_1500_jpg.rf.4fb65f19140b05bab434b1578e4b8c65.jpg,1
Donetsk_2022_R6C7_3000_3500_4000_4500_jpg.rf.17a148f3883881326246ca179fa97d4d.jpg,1
chicago6-79-_png_jpg.rf.e237d3a87d9f5064085afed22665eca0.jpg,1
Mykolaiv_2022_A_1_R1C4_9500_10000_2500_3000_jpg.rf.4755a2b7bb315d74b13eaf911a3cc004.jpg,1
Mykolaiv_2022_A_1_R1C4_9500_10000_2000_2500_jpg.rf.715d63959ec17f7546381bad2901df38.jpg,1
Mykolaiv_2022_A_1_R1C4_9000_9500_3000_3500_jpg.rf.cc0c9b16db5970f77321aa5c20e888b0.jpg,1
tyrol-w24-38-_png_jpg.rf.d6ef216c501d024d830e68d4e7c150c1.jpg,1
Mykolaiv_2022_A_1_R1C5_12500_13000_0_500_jpg.rf.d7510bd9936f2ff53b9466d779949c7e.jpg,1
Mykolaiv_2022_A_1_R1C3_9500_10000_500_1000_jpg.rf.1d3d4e573fd171ee03faba2f0d4d3ddd.jpg,1
tyrol-w24-35-_png_jpg.rf.2481dbc8b65fcecbcbbee2e02547001a.jpg,1
tyrol-w24-14-_png_jpg.rf.ba7770fecb08473b65307c3ae2f5b4d9.jpg,0
Mykolaiv_2022_A_1_R1C4_10000_10500_15500_16000_jpg.rf.ff6dbd92cb2f69c0d9562f02f118242a.jpg,1
Donetsk_2022_R6C8_10500_11000_12000_12500_jpg.rf.14d99ae64e8ea1f207edf2832c1c931d.jpg,1
Mykolaiv_2022_A_1_R1C4_11000_11500_13000_13500_jpg.rf.505539748841a04c5ab567d3007e31b3.jpg,1
Mykolaiv_2022_A_1_R1C4_10500_11000_15500_16000_jpg.rf.bdf92bdbcb3377bc9a18000ac62f02f3.jpg,1
chicago6-34-_png_jpg.rf.6ec0e1d73d26d9d410c1ce877ac08919.jpg,1
Mykolaiv_2022_A_1_R1C4_8500_9000_1500_2000_jpg.rf.2d32f82c20170211efb95df11782a3cc.jpg,1
tyrol-w24-20-_png_jpg.rf.c97e586b27822cf2453f16dd143f9114.jpg,1
Mykolaiv_2022_A_1_R1C4_9000_9500_2500_3000_jpg.rf.ee7259b569030dae604026c908eab226.jpg,1
tyrol-w24-34-_png_jpg.rf.305fe5f1d0b21696f6d1e7b90d29ce49.jpg,1
tyrol-w24-32-_png_jpg.rf.d22d3f2d4652d6ce9316f8f733667ed9.jpg,1
tyrol-w24-33-_png_jpg.rf.e96d6bb0255207595b213f3eb6b71df5.jpg,0
Mykolaiv_2022_A_1_R1C5_6000_6500_500_1000_jpg.rf.7629692fa3d5101992aaef2d97a48178.jpg,1
Donetsk_2022_R6C8_10000_10500_2000_2500_jpg.rf.a81d05dc7c8bd4d6650bee162343282b.jpg,1
Mykolaiv_2022_A_1_R1C5_14500_15000_2500_3000_jpg.rf.4e340b6156d5e400a9ad033d3b7db10c.jpg,1
tyrol-w24-2-_png_jpg.rf.3a3f3ab0d4ce905cecf0949b8dc7512e.jpg,1
tyrol-w24-29-_png_jpg.rf.491463f249f5e6b7f5b54d27ca44ddac.jpg,1
tyrol-w24-24-_png_jpg.rf.8466159aa31d3d03a62e1e58bd4db544.jpg,1
Mykolaiv_2022_A_1_R1C4_15500_16000_6500_7000_jpg.rf.8a2b48d17f2e13459cef504763668765.jpg,1
Mykolaiv_2022_A_1_R1C5_6000_6500_1500_2000_jpg.rf.7989e08cb18a8aa7342629694e91f869.jpg,1
Mykolaiv_2022_A_1_R1C4_11500_12000_11000_11500_jpg.rf.4b1fe157feb7302cf3f2ad0f6707761f.jpg,1
Mykolaiv_2022_A_1_R1C4_16000_16500_6500_7000_jpg.rf.8dd50d9c670c96b1e00e5a591a842ff1.jpg,1
Tripoli_2022_R2C3_8000_8500_9500_10000_jpg.rf.1d9eb0db1faf9915ae9f829feef79986.jpg,1
tyrol-w24-44-_png_jpg.rf.3950124c8df2b5f537df50d7f3e07849.jpg,1
tyrol-w24-42-_png_jpg.rf.4a7136b32b251a76827447c68d351309.jpg,1
tyrol-w24-43-_png_jpg.rf.734b1471b6685f6e849e385dbb4bdc3e.jpg,1
Mykolaiv_2022_A_1_R1C4_10500_11000_15000_15500_jpg.rf.49ec22fa2d14517845fb3cb924027fda.jpg,1
Mykolaiv_2022_A_1_R1C4_10000_10500_5000_5500_jpg.rf.c123db41ed6134319a3f4bb905a58ce2.jpg,1
Tripoli_2022_R2C3_9500_10000_15500_16000_jpg.rf.3ef0e48a8e46aa470d4a7ef429af92ea.jpg,1
tyrol-w4-22-_png_jpg.rf.41d3fc5bf412067e42b4c1ba681b7878.jpg,1
tyrol-w4-23-_png_jpg.rf.945570ed05aa830e6e2f55084ef9e950.jpg,1
tyrol-w24-21-_png_jpg.rf.0f4077e1a1d4e965a82b842461272c02.jpg,1
Mykolaiv_2022_A_1_R1C4_11000_11500_11500_12000_jpg.rf.343c9c99625d4cdfee51480eba275342.jpg,1
tyrol-w4-49-_png_jpg.rf.3e393d4f0f5a4dc00e5ac2317c56a1bc.jpg,0
tyrol-w24-26-_png_jpg.rf.62173718920284974968ef21d798b076.jpg,1
Mykolaiv_2022_A_1_R1C4_10500_11000_6500_7000_jpg.rf.63ee2f438daf0514ae1c27be19afa309.jpg,1
chicago6-35-_png_jpg.rf.2073e0083d4ac70b4efb72cb1171e718.jpg,1
Mykolaiv_2022_A_1_R1C4_10500_11000_14500_15000_jpg.rf.aee6f1be7fcaa7c16cf00d45e2423405.jpg,1
okutama_04_90_024_png_jpg.rf.b986faa8d8b3276574ce578934a1cf4d.jpg,1
tyrol-w4-28-_png_jpg.rf.866facf42cc71110aeb943fe16fc602d.jpg,0
tyrol-w4-25-_png_jpg.rf.8bca902913a37a2e4002915bbba1121a.jpg,1
Tripoli_2022_R3C1_5500_6000_4500_5000_jpg.rf.21a87b70ca8dacb015d14a6a5a711990.jpg,1
Tripoli_2022_R3C1_6000_6500_13000_13500_jpg.rf.b1bddec6c6982aa25d6cc2b1314469ba.jpg,1
Mykolaiv_2022_A_1_R1C4_12500_13000_1500_2000_jpg.rf.d6b217b079b8b69f38138b8172bf4431.jpg,1
Mykolaiv_2022_A_1_R1C5_13000_13500_0_500_jpg.rf.803284f8c7b4e70bf1bd0272cb157ef6.jpg,1
tyrol-w4-20-_png_jpg.rf.dc8940325ff9c84f941e4338bdd10da5.jpg,0
tyrol-w24-17-_png_jpg.rf.a2bf51b2a016197ca6e721c180abf738.jpg,1
Tripoli_2022_R3C1_10000_10500_500_1000_jpg.rf.ee0e36a3ac036f40032a36bdc2bfcf42.jpg,1
tyrol-w24-19-_png_jpg.rf.5d1597715248ea6f7b00a0d6314c7b72.jpg,1
Tripoli_2022_R2C3_8500_9000_14500_15000_jpg.rf.1612e159d1ffbb249a73d1c9d8522c1e.jpg,1
tyrol-w4-15-_png_jpg.rf.fd76d7194e388a6bfb1ed79da781d144.jpg,1
Tripoli_2022_R3C1_1000_1500_1500_2000_jpg.rf.82e5c145b9c4484d4e61a1fd662e1f63.jpg,1
Tripoli_2022_R3C1_10000_10500_13000_13500_jpg.rf.edfb52c2a18b4d69ab8a241fd55cf9ed.jpg,1
Tripoli_2022_R2C3_8500_9000_15000_15500_jpg.rf.cfdb9b537af12180f67107ab96a49ba7.jpg,1
Tripoli_2022_R3C1_11500_12000_12000_12500_jpg.rf.8cb1744b2ecfc97ec59c18e516aedaaa.jpg,1
Tripoli_2022_R3C1_1000_1500_2500_3000_jpg.rf.7c885da18513b898e9ef493e3db8d8af.jpg,1
tyrol-w4-16-_png_jpg.rf.3d5e7ed4cabcb1277635fc4b6da23816.jpg,0
tyrol-w4-24-_png_jpg.rf.ada1f8b59ccb585335d368c2b0dc415f.jpg,1
tyrol-w4-38-_png_jpg.rf.546e1420c8f1d42af692c9ea8ed80539.jpg,0
Tripoli_2022_R2C3_8500_9000_15500_16000_jpg.rf.5aea2ad0c00cf7549d3ffb6b0cdb53eb.jpg,1
Tripoli_2022_R3C1_2000_2500_500_1000_jpg.rf.d4730c6e9901187b3611a22d0730bb6e.jpg,1
Tripoli_2022_R3C1_6000_6500_14000_14500_jpg.rf.00610113bde713471e77728ad0c59759.jpg,1
Tripoli_2022_R2C3_7000_7500_14500_15000_jpg.rf.410f9d23ae67000326584eab2c575d2d.jpg,1
tyrol-w4-19-_png_jpg.rf.cb45c9dc774460d763274b52444d4134.jpg,0
Tripoli_2022_R3C1_11500_12000_9500_10000_jpg.rf.8ff1cb742bdbe50ba94b8157b9af4018.jpg,1
tyrol-w4-30-_png_jpg.rf.e2d592435b632d49c148b435e37c6f6c.jpg,0
tyrol-w4-3-_png_jpg.rf.32da39c2abd6470f7736c3f904ad8459.jpg,1
tyrol-w4-35-_png_jpg.rf.10894a6f7f651ffa5c20a3729487ed34.jpg,1
tyrol-w4-21-_png_jpg.rf.4be0ee871bcbf4f805ac8dfe546242a1.jpg,1
Tripoli_2022_R3C1_5500_6000_6500_7000_jpg.rf.465de68740fc4b3ea9cb5246eb02b7d2.jpg,1
tyrol-w24-27-_png_jpg.rf.ce018fb29f8b75a0d4abf31c23d80068.jpg,1
Tripoli_2022_R3C1_12000_12500_15000_15500_jpg.rf.17860d6c4a95621bba6fa5e1a5a2fe32.jpg,1
Tripoli_2022_R3C1_12500_13000_500_1000_jpg.rf.744c074bb6eb84ae20f3b15247b995aa.jpg,1
Tripoli_2022_R3C1_2000_2500_12500_13000_jpg.rf.3649e7eff9d1870389fcda7593014e9f.jpg,1
tyrol-w4-36-_png_jpg.rf.84fdfd2dcd0422e5de55c79e4618a8c1.jpg,0
Tripoli_2022_R3C1_2000_2500_15000_15500_jpg.rf.f3901a633ceb5f7d5ced9626c929f106.jpg,1
Tripoli_2022_R3C1_2500_3000_500_1000_jpg.rf.3ea7b5138ca4a89096814cdcb6cb714a.jpg,1
Tripoli_2022_R3C1_12500_13000_0_500_jpg.rf.883f618ac8bc214868aaee05308e9877.jpg,1
Tripoli_2022_R3C1_2000_2500_15500_16000_jpg.rf.77b09d3f96d0fec038d544a967bc5d69.jpg,1
Tripoli_2022_R3C1_7000_7500_11500_12000_jpg.rf.cfb751230b5c7dee3b2053c663e57db8.jpg,1
Tripoli_2022_R3C1_4000_4500_6000_6500_jpg.rf.8f89f6f945e545fb613a587e2bf6d829.jpg,1
tyrol-w4-32-_png_jpg.rf.ec2b4d417bf0c4e233dc2cba5f34ec2d.jpg,1
Tripoli_2022_R3C1_2500_3000_1000_1500_jpg.rf.ee032540cac8e3e2c31333d938f72d8b.jpg,1
tyrol-w4-55-_png_jpg.rf.866002fa55b7f09594277736b8ed85bf.jpg,1
Tripoli_2022_R3C1_5000_5500_11500_12000_jpg.rf.97fff02b45793c8300c59973b24e6909.jpg,1
tyrol-w4-44-_png_jpg.rf.d7b2ede151c2cf4b3902ae9abf6f8780.jpg,1
tyrol-w4-40-_png_jpg.rf.998cfe5f60352281d61fa2464caa5555.jpg,0
tyrol-w4-18-_png_jpg.rf.8c407e535f296ada217ebcf44e50576b.jpg,0
tyrol-w4-42-_png_jpg.rf.90e57318d3a3ac3cb93ab8079313fdd0.jpg,1
tyrol-w4-45-_png_jpg.rf.dc69270baeece5388f278a53cfd55e4a.jpg,1
tyrol-w4-46-_png_jpg.rf.c255ad4d944f10c653783d4363400953.jpg,0
tyrol-w4-53-_png_jpg.rf.6f38ecc52f226e669656248a96a00b5a.jpg,1
Tripoli_2022_R3C1_5500_6000_15000_15500_jpg.rf.7dec32e43fbae7a61e8dfdddd6836825.jpg,1
Tripoli_2022_R3C1_5500_6000_16000_16500_jpg.rf.bb03d80e631c91323d187898b1c4b7a0.jpg,1
Tripoli_2022_R3C1_500_1000_4500_5000_jpg.rf.c75a841724315ceaa6670fc89f02bcfe.jpg,1
Tripoli_2022_R3C1_7000_7500_8000_8500_jpg.rf.2815c460d9b795ba87151e3b31d6bd53.jpg,1
Tripoli_2022_R3C1_7500_8000_10500_11000_jpg.rf.57e2b5e3666201a37bed2e256b2da8c3.jpg,1
Tripoli_2022_R3C1_7000_7500_7000_7500_jpg.rf.c19ce5b6f9b1af9d8695d5613f16354a.jpg,1
Tripoli_2022_R3C1_7500_8000_12000_12500_jpg.rf.d4d7244ceaf368a6e20e3fb2a52cf4ff.jpg,1
tyrol-w4-54-_png_jpg.rf.eb9c872baadb4cb3a7d6d84c0c31a5d7.jpg,1
tyrol-w4-48-_png_jpg.rf.25e8ebd3c4b0e17430f4e180343e0787.jpg,1
Tripoli_2022_R3C2_10000_10500_6500_7000_jpg.rf.2c9758b4402e81db60523221a7201366.jpg,1
Tripoli_2022_R3C1_8000_8500_2000_2500_jpg.rf.2f7d39003e49c2c2f9db6cda36be4aba.jpg,1
tyrol-w4-59-_png_jpg.rf.9c13d47dae066d17e57c4c23c8007602.jpg,1
tyrol-w4-65-_png_jpg.rf.5c490d2a30ba10334efd6f130dd76cf1.jpg,1
tyrol-w4-6-_png_jpg.rf.a03c543911506339686153ad5ce62f08.jpg,1
tyrol-w4-56-_png_jpg.rf.6bbc53fbfa85c02b9a8e68f139a455f3.jpg,0
Tripoli_2022_R3C2_1000_1500_9500_10000_jpg.rf.22e761561ea577d0965d0f50e780c0ee.jpg,1
tyrol-w4-73-_png_jpg.rf.7a6fa262fd131eae48c6c661fb4922e6.jpg,1
tyrol-w4-83-_png_jpg.rf.d2331835d681538f06c79c3641225edb.jpg,1
Tripoli_2022_R3C1_7500_8000_14000_14500_jpg.rf.048e012688ff805a994fe3e36dd9a925.jpg,1
Tripoli_2022_R3C2_10500_11000_11500_12000_jpg.rf.10bee261151f95d43445cc40aeb50460.jpg,1
Tripoli_2022_R3C2_10500_11000_12500_13000_jpg.rf.98dc7f88dba53eb2c84923d595b6166b.jpg,1
Tripoli_2022_R3C2_500_1000_10000_10500_jpg.rf.590740bf12dbb1b2f24fb1dd4582ba95.jpg,1
Tripoli_2022_R3C2_10000_10500_6000_6500_jpg.rf.9c6ed0dbfc4c0add3c154826233d5543.jpg,1
Tripoli_2022_R3C2_3500_4000_10500_11000_jpg.rf.62526e776a0943d55e8f20c979d90079.jpg,1
Tripoli_2022_R3C2_1000_1500_0_500_jpg.rf.f697c23c67d69e4e47a3be079f2bbc06.jpg,1
tyrol-w4-90-_png_jpg.rf.082efd06b10ade79801e769370bdf4cd.jpg,1
Tripoli_2022_R3C1_7500_8000_13000_13500_jpg.rf.869e0aaedadb7984dc4eaa8808fb048d.jpg,1
tyrol-w4-81-_png_jpg.rf.da927042041f4b2f97bccc4be98a2313.jpg,1
Tripoli_2022_R3C2_6500_7000_16000_16500_jpg.rf.6c2131d5361700c6b49a494cdc3101c0.jpg,1
Tripoli_2022_R3C2_500_1000_1000_1500_jpg.rf.f5e31a33508adeca638f3b24f6ee6a44.jpg,1
Tripoli_2022_R3C2_0_500_14000_14500_jpg.rf.4bc4accb6a254d5d878b55a3b4f9d1b5.jpg,1
tyrol-w4-63-_png_jpg.rf.5b557d28336e7c430358f0ac988c807e.jpg,1
Tripoli_2022_R3C2_10000_10500_12500_13000_jpg.rf.f3a53d5c9bdbeb8096441a384f852a81.jpg,1
Tripoli_2022_R3C2_7000_7500_2000_2500_jpg.rf.78a04cfc74582dcc1113e21a777c38ae.jpg,1
Tripoli_2022_R3C2_2000_2500_13500_14000_jpg.rf.2c809eb5e201e99fd9e0ebc1043099d5.jpg,1
tyrol-w24-45-_png_jpg.rf.33feb54572cd4cb8729b838840f39756.jpg,1
Mykolaiv_2022_A_1_R1C5_6000_6500_5500_6000_jpg.rf.e3602b02af2854d63f84e9984ba6520b.jpg,1
tyrol-w5-100-_png_jpg.rf.e253cf3fff5cea26b61f43cae48324a0.jpg,0
tyrol-w4-61-_png_jpg.rf.bbbbcf838bb09438896abe6d3cdccd96.jpg,1
tyrol-w5-10-_png_jpg.rf.0ba6b7c31022a33281eda6965f2cf9dc.jpg,1
Tripoli_2022_R3C2_6000_6500_2500_3000_jpg.rf.887579bfe0f9a2f8b0bb10e90a8dbb86.jpg,1
Tripoli_2022_R3C2_6000_6500_13500_14000_jpg.rf.95d00ee2d7f3246c542125f0920e654a.jpg,1
Tripoli_2022_R3C2_6500_7000_13000_13500_jpg.rf.a3778ab8d3258d5131b0036eca9d68ff.jpg,1
Tripoli_2022_R3C2_10500_11000_6500_7000_jpg.rf.6709a78b830387176cdf3ab011bf3795.jpg,1
tyrol-w4-66-_png_jpg.rf.c54f4448fc7c40c9b5f8a99e143b6e72.jpg,0
Mykolaiv_2022_A_1_R1C5_8500_9000_2500_3000_jpg.rf.45555b94bb4c7c9a74c67e4e87aa99b8.jpg,1
tyrol-w24-49-_png_jpg.rf.b18ea8444a6f2cd35e8dbe9f3582a934.jpg,1
Mykolaiv_2022_A_1_R2C1_10500_11000_14500_15000_jpg.rf.e90c8828ae31a0bc826ed457fc88b3fc.jpg,1
Tripoli_2022_R3C2_6000_6500_9500_10000_jpg.rf.53b269fd2dd92e9943e410184e0072c9.jpg,1
tyrol-w5-12-_png_jpg.rf.b0084ca42d32842b75bae6cb01f19a34.jpg,1
Tripoli_2022_R3C2_5500_6000_4500_5000_jpg.rf.937e3b1e782aabdef41cc5a25aacb7f6.jpg,1
Tripoli_2022_R3C2_500_1000_13000_13500_jpg.rf.99a13bf27b6b579dad7d90d074383e01.jpg,1
Tripoli_2022_R3C2_2000_2500_1000_1500_jpg.rf.e2ccff6c3769e8d9c73b4aaef16adada.jpg,1
Tripoli_2022_R3C2_10500_11000_6000_6500_jpg.rf.488f26f80592f782fdec8be05b547ba0.jpg,1
tyrol-w4-68-_png_jpg.rf.6bf0afcbdd776eea815aa42176d1e272.jpg,1
Tripoli_2022_R3C2_1000_1500_7000_7500_jpg.rf.a2b2d4fd924407cdc16f8a0ca8863666.jpg,1
tyrol-w24-5-_png_jpg.rf.574cc4fb32d48cfe0284c2faf11d5225.jpg,1
Tripoli_2022_R3C2_3500_4000_9000_9500_jpg.rf.6c686397cee083e14880553126655937.jpg,1
Tripoli_2022_R3C2_3000_3500_11000_11500_jpg.rf.d464e8ccaac35738cef0f533f4981afc.jpg,1
Tripoli_2022_R3C2_500_1000_9500_10000_jpg.rf.d554b8b796bb5e47630c0a3b3339136a.jpg,1
Tripoli_2022_R3C2_10500_11000_7000_7500_jpg.rf.24133661a6710331c0f26985ace9d895.jpg,1
tyrol-w4-76-_png_jpg.rf.7b056639cc397cf87c508b6c8ab437cd.jpg,0
Tripoli_2022_R3C2_1000_1500_9000_9500_jpg.rf.4eb8e6aea026b1cb980fdad86c37b70a.jpg,1
tyrol-w4-70-_png_jpg.rf.9b31832dcd2b1aaa294f3b1c47c78f82.jpg,0
Tripoli_2022_R3C2_1000_1500_2000_2500_jpg.rf.e5eac48a07fc14c11ec8e20208eb0071.jpg,1
Tripoli_2022_R3C2_500_1000_12500_13000_jpg.rf.4dc3fac869068ee737c361598b79a72e.jpg,1
Tripoli_2022_R3C2_500_1000_8500_9000_jpg.rf.e272b3b3cde7807eb23b3440f54b3295.jpg,1
tyrol-w4-77-_png_jpg.rf.3ddaf51b68a670d922d8e871edb5e4f4.jpg,0
Mykolaiv_2022_A_1_R2C1_10500_11000_15500_16000_jpg.rf.ecde1351f0ec3c59c77241bc761072f1.jpg,1
tyrol-w4-71-_png_jpg.rf.42c4ad39e72ae0ef8dac6913b0e37625.jpg,1
tyrol-w4-95-_png_jpg.rf.41b8de0ad957a681bfbd718cea59e212.jpg,1
tyrol-w4-87-_png_jpg.rf.7a3934dbe654444ab6280b975d432f71.jpg,0
Tripoli_2022_R3C2_4000_4500_10000_10500_jpg.rf.d440858ebc05291308b0ef3c641f22bf.jpg,1
Tripoli_2022_R3C2_5000_5500_9500_10000_jpg.rf.fdc009c2fb38cc6512eb15835d7b260c.jpg,1
Mykolaiv_2022_A_1_R2C2_11000_11500_16000_16500_jpg.rf.254dcda389c024be2b0794d5532a1fbc.jpg,1
tyrol-w4-94-_png_jpg.rf.40b909d51d6736bd0263771ee7eacd57.jpg,1
Tripoli_2022_R3C2_12500_13000_3000_3500_jpg.rf.13783c231c287342222923ed5a11b025.jpg,1
Tripoli_2022_R3C2_12000_12500_14500_15000_jpg.rf.834ef35f516615913553c1fd0dd743d1.jpg,1
Tripoli_2022_R3C2_4000_4500_4500_5000_jpg.rf.45a726abc30e3151fbf56fcd3bfcb66b.jpg,1
tyrol-w4-88-_png_jpg.rf.e8577b7388caf256036528107d01dce0.jpg,1
tyrol-w24-62-_png_jpg.rf.4ac86a4e695b01f1b7adf406c5254c6d.jpg,1
Tripoli_2022_R3C2_12500_13000_0_500_jpg.rf.c1c6336df753196990048cd35289ebd7.jpg,1
tyrol-w4-72-_png_jpg.rf.e431ac912b9cf08f6548dd59927e0f2b.jpg,1
Mykolaiv_2022_A_1_R2C2_13500_14000_8000_8500_jpg.rf.64b42fe99a32a97418342940f008dbb6.jpg,1
tyrol-w24-63-_png_jpg.rf.acc9431c3a7115d6fb7d5cf15c10f5c4.jpg,1
tyrol-w4-80-_png_jpg.rf.b27c8e49b2c83e840ec56eac82a7c34b.jpg,1
Mykolaiv_2022_A_1_R2C1_5500_6000_13000_13500_jpg.rf.17b0a300ebc8e102904da0fcf183723f.jpg,1
Mykolaiv_2022_A_1_R2C1_5000_5500_13500_14000_jpg.rf.2193c79d525682f3db80a7e5c853757e.jpg,1
Mykolaiv_2022_A_1_R2C2_11500_12000_12500_13000_jpg.rf.a81cc5d07310b7237ecd99ec3aba8813.jpg,1
tyrol-w4-93-_png_jpg.rf.006b1c1ee1c4d30f305e9df4003e1f53.jpg,1
tyrol-w24-52-_png_jpg.rf.499d3e4a1ddde6140336416626188c9f.jpg,1
tyrol-w4-79-_png_jpg.rf.86fec5bcfa3add525e7b0e7d0bffb199.jpg,1
Tripoli_2022_R3C2_12000_12500_500_1000_jpg.rf.de1c7b19f882c6026b9930f2c522ff8f.jpg,1
tyrol-w4-89-_png_jpg.rf.4f22c7e64256bb364bd977520141ca24.jpg,1
Mykolaiv_2022_A_1_R2C1_3500_4000_13000_13500_jpg.rf.618ed83ffc93110aa474402092482cdb.jpg,1
tyrol-w24-56-_png_jpg.rf.73a994dec7da5e10c898453143c0777b.jpg,1
Mykolaiv_2022_A_1_R2C1_3000_3500_14000_14500_jpg.rf.d363e42be36c461bed928109dd2f5d1b.jpg,1
Mykolaiv_2022_A_1_R2C1_3500_4000_13500_14000_jpg.rf.df05dc242eec50501d7fb59ff5f1a0fe.jpg,1
Tripoli_2022_R3C2_4500_5000_11500_12000_jpg.rf.0c953d9b4461ab7480265bd9c75120b5.jpg,1
austin16-64-_png_jpg.rf.eb6ea19199f7b5e9c7bbd2e35aa6be6c.jpg,0
tyrol-w4-8-_png_jpg.rf.afcc0d8834cb536fde3f2027ab866fc8.jpg,0
austin16-63-_png_jpg.rf.8cb443dc33364a8e111ecd78272a634e.jpg,0
Donetsk_2022_R2C8_12500_13000_500_1000_jpg.rf.5a70bfa422bf9abe23850a0fc6ad1b44.jpg,1
Donetsk_2022_R2C8_12000_12500_1000_1500_jpg.rf.9b82eb13fde3b4f8212f58c4a0fa1fc1.jpg,1
austin16-73-_png_jpg.rf.098ebf65ce323aac8a0c2169e6973144.jpg,1
Donetsk_2022_R2C8_0_500_3000_3500-Copy_jpg.rf.b2af42974789651211d5b864aa3d742c.jpg,1
tyrol-w24-54-_png_jpg.rf.b3c4ace5f6fbe802e484ffa9abfe46ae.jpg,1
austin16-76-_png_jpg.rf.7aecb0e8453860f47ccd3812ee5a04df.jpg,1
Donetsk_2022_R2C8_0_500_3500_4000-Copy_jpg.rf.9cbb3989a6bbef1040f10bf86497fb12.jpg,1
tyrol-w4-86-_png_jpg.rf.d2c2d8ddc084762977c0095aabd0755c.jpg,0
Donetsk_2022_R2C8_10500_11000_10500_11000-Copy_jpg.rf.7c2cb226a201c2f4602ae3293dcfcc36.jpg,1
austin16-74-_png_jpg.rf.729b54757d55b0740794c809a1a6c76d.jpg,1
austin16-72-_png_jpg.rf.4d8c8ef41f9ad25baa670469bc1c461b.jpg,1
Donetsk_2022_R2C8_0_500_8000_8500-Copy_jpg.rf.8ecced97caf6430808384444a2816f60.jpg,1
Donetsk_2022_R2C8_0_500_10500_11000-Copy_jpg.rf.eaedd40bff26319f05cffc5d6242908e.jpg,1
Donetsk_2022_R2C8_3500_4000_1000_1500-Copy_jpg.rf.16b13695399e8e1e69219da67201ea84.jpg,1
austin16-80-_png_jpg.rf.49255add8c8cc12c610d7f0677c407d8.jpg,0
Donetsk_2022_R2C8_0_500_9500_10000-Copy_jpg.rf.9767fec418fa7cc0db2937501fd9081c.jpg,1
austin16-78-_png_jpg.rf.2cb7a7aa6074dd842f2546efc597b1f4.jpg,1
Donetsk_2022_R2C8_13500_14000_6000_6500_jpg.rf.3552f4724792d56d17d7dcfb22b7215b.jpg,1
Donetsk_2022_R2C8_13500_14000_5500_6000_jpg.rf.721af57ba5c2a1025baa3f615597fb90.jpg,1
Donetsk_2022_R2C8_0_500_9000_9500-Copy_jpg.rf.97711cdbb6085ccf074e2e37da22759c.jpg,1
Donetsk_2022_R2C8_11000_11500_10500_11000_jpg.rf.ae80b993d58289563e5ebafffc1b4b81.jpg,1
Donetsk_2022_R2C8_11000_11500_11000_11500_jpg.rf.c991e07a4a7c80c41a0105f811b2a566.jpg,1
Donetsk_2022_R2C8_3000_3500_13000_13500-Copy_jpg.rf.59ac8d7c421853f4ecee45f3f862e4bc.jpg,1
swiss_IMG_8760_JPG_jpg.rf.676c41653e6d3fc4d45b67b8921e637c.jpg,1
Donetsk_2022_R2C8_14500_15000_11500_12000_jpg.rf.7de7cee70cb85d6c465cad4963a4e7a5.jpg,1
Donetsk_2022_R2C8_14500_15000_10000_10500_jpg.rf.f8d13432faa1625ad63133423889e8e0.jpg,1
Donetsk_2022_R2C8_14500_15000_3500_4000_jpg.rf.df5c66425c0be2b8407a78b4a99d22a7.jpg,1
austin17-100-_png_jpg.rf.19bf7a9821976498b3c22b8ce3cbcd05.jpg,1
austin16-95-_png_jpg.rf.4ec38fd2f714c6a9abb500e30eeae68c.jpg,1
Donetsk_2022_R2C8_13500_14000_3500_4000_jpg.rf.727f5d216acf25cd9227e6b80f9f5df2.jpg,1
austin16-69-_png_jpg.rf.300b8c4edc73ff7baa2a55ad9b84e741.jpg,1
Donetsk_2022_R2C8_500_1000_2000_2500-Copy_jpg.rf.4e10022bda6c2b5953855275be570511.jpg,1
Donetsk_2022_R2C7_6500_7000_14000_14500_jpg.rf.c43ec3c160166d6a9b79ceefdf79ae3b.jpg,1
Donetsk_2022_R2C8_500_1000_10000_10500-Copy_jpg.rf.6e28633013dd05c4d054c550ae85d770.jpg,1
austin16-97-_png_jpg.rf.81537085533d5580f13dbbf685f08135.jpg,1
Donetsk_2022_R2C8_3500_4000_500_1000-Copy_jpg.rf.c90f5be4dc61bb923d699fef9b3c556d.jpg,1
Donetsk_2022_R2C8_1000_1500_11500_12000-Copy_jpg.rf.4280c406f44d34f8d1eb028751effa6e.jpg,1
Donetsk_2022_R2C8_14500_15000_11000_11500_jpg.rf.2daa873095f555e0a50681d660945f5a.jpg,1
austin16-81-_png_jpg.rf.e49d1061f8f685f6ac0b680728db2764.jpg,1
Donetsk_2022_R2C7_7000_7500_14000_14500_jpg.rf.95043903150dfddb4bb716729b700906.jpg,1
Donetsk_2022_R2C8_1000_1500_1500_2000-Copy_jpg.rf.4bf50bbb60842ec2eac8dc663104a8fe.jpg,1
Donetsk_2022_R2C8_1000_1500_10000_10500-Copy_jpg.rf.6d10d0b4a08d5e55df70af918352370b.jpg,1
austin16-98-_png_jpg.rf.bb849eed4979b07980f48ee4cbd562cf.jpg,1
Donetsk_2022_R2C7_5000_5500_10000_10500_jpg.rf.df3b7cafb9bc1fc8b18fb47e03f1c5e0.jpg,1
austin16-86-_png_jpg.rf.e96b14102f283cf98ee8e174fc39546d.jpg,1
Donetsk_2022_R2C8_14500_15000_6500_7000_jpg.rf.8673051d0800f3015eebdcf675a3b0d4.jpg,1
Donetsk_2022_R2C8_4000_4500_1500_2000-Copy_jpg.rf.ea929c6ff904633a47b880a3abcc1d99.jpg,1
austin16-61-_png_jpg.rf.b3d4c730718372e3fbcac146429aa8b6.jpg,1
austin16-62-_png_jpg.rf.5c943e3ba721d6d5638ac3af30a94139.jpg,1
austin16-85-_png_jpg.rf.8e927a6f94d8268abb59bbd6f5f6011d.jpg,1
Donetsk_2022_R2C7_8500_9000_13500_14000_jpg.rf.0964cb829fed7020b535560718b15822.jpg,1
austin16-6-_png_jpg.rf.a7c21fb2c43bc3b35d86208c10be9841.jpg,1
Donetsk_2022_R2C7_5000_5500_10500_11000_jpg.rf.c58c0e7ddbc955823a5db0d704b3c710.jpg,1
Donetsk_2022_R2C8_14500_15000_5000_5500_jpg.rf.31cc5b1b77ef377e339e00e801ad7308.jpg,1
Donetsk_2022_R2C8_15000_15500_4000_4500_jpg.rf.457a5fc6b1c2592cda6ca091b3bab3b9.jpg,1
Donetsk_2022_R2C8_14500_15000_4500_5000_jpg.rf.2b7906dd4400cfe0b8022fa957c277b0.jpg,1
Donetsk_2022_R2C8_2500_3000_13000_13500-Copy_jpg.rf.2de34b727dec87f729c07ed463b5c6e0.jpg,1
Donetsk_2022_R2C8_2500_3000_7000_7500-Copy_jpg.rf.4d60332d40bf98c0218fabc0f79faf34.jpg,1
austin16-9-_png_jpg.rf.8d9913a1b3cb906be90d92d78b4ce548.jpg,1
Donetsk_2022_R2C8_15000_15500_4500_5000_jpg.rf.92f29d7d6f1e4f9fa60aa7130b0db385.jpg,1
Donetsk_2022_R2C8_15500_16000_10000_10500_jpg.rf.963913fd016e9d1aabf1cb50237fb69a.jpg,1
Donetsk_2022_R2C8_2500_3000_8500_9000-Copy_jpg.rf.e63ebc4818da2e543ea6c809eca6ab72.jpg,1
Donetsk_2022_R2C8_13500_14000_4000_4500_jpg.rf.3fe2b111b8400b1433bbc884a563b303.jpg,1
chicago10-31-_png_jpg.rf.d4a0fe9732cf73ac30664452f6684050.jpg,1
Donetsk_2022_R2C8_1000_1500_10500_11000-Copy_jpg.rf.48c6f3ebe9cb6db3dd629f13230204b5.jpg,1
austin16-92-_png_jpg.rf.55ca1324e560d0b9de5bf54570e4b8e4.jpg,1
Donetsk_2022_R6C4_4500_5000_10000_10500-Copy_jpg.rf.cbc190b54cc2f65a6f6744fe70342125.jpg,1
austin17-12-_png_jpg.rf.500931b70280470923ced25cb966b291.jpg,1
austin17-11-_png_jpg.rf.787618c816280ac649402589920a22fb.jpg,1
austin16-57-_png_jpg.rf.96492e5178d38d8781d63c6a9f56b836.jpg,1
Donetsk_2022_R2C8_6500_7000_5000_5500-Copy_jpg.rf.b154bcbe3405f8bb875496d5ce216dc3.jpg,1
austin16-93-_png_jpg.rf.a807e2621638567c379145d6d6fed6d3.jpg,1
chicago10-29-_png_jpg.rf.312e8809130774ab93b17c5d5e8d0fd9.jpg,1
chicago10-3-_png_jpg.rf.86df6204da2182e27f1bb32880551fd9.jpg,1
Donetsk_2022_R2C8_500_1000_9500_10000-Copy_jpg.rf.e96e3eb94ad176f211504e2b739c8df0.jpg,1
Donetsk_2022_R2C8_14500_15000_5500_6000_jpg.rf.9360ce8769c779e4c975fcd73cdaba0c.jpg,1
Donetsk_2022_R2C8_15500_16000_9500_10000_jpg.rf.8212da3d6899793d4dbc6395550d4746.jpg,1
Donetsk_2022_R6C4_7000_7500_4000_4500-Copy_jpg.rf.d87c25a387134ccd1a9bbca1c17fafce.jpg,1
chicago10-36-_png_jpg.rf.5f4bfcbefa12f4ffab2f3e39518f4681.jpg,1
Donetsk_2022_R6C4_7000_7500_4500_5000-Copy_jpg.rf.8f555ce636acea89e22e3850fa71dd9f.jpg,1
chicago10-40-_png_jpg.rf.e1a3b993dfff4b2669e4ed71f1eb5041.jpg,1
Donetsk_2022_R6C4_3500_4000_14500_15000-Copy_jpg.rf.35d3818ddc33c95148bc5c52bf2fc9c8.jpg,1
Donetsk_2022_R6C4_9000_9500_5500_6000_jpg.rf.964bf37782acbf8349bec4ff3211dbb8.jpg,1
Donetsk_2022_R6C4_2000_2500_3500_4000-Copy_jpg.rf.5295ea0aba2b8db3f667effaaafa3157.jpg,1
chicago10-4-_png_jpg.rf.5b01c7f814ead4b3cb1bd93f9c101a8a.jpg,1
Donetsk_2022_R6C4_2000_2500_1500_2000-Copy_jpg.rf.08ed92a0f31665958a78590c4002d21e.jpg,1
chicago10-15-_png_jpg.rf.2f562ac01e2e44c9c58b9c273aa97ce4.jpg,1
chicago10-12-_png_jpg.rf.7bcde05ee5ac2ab52b678b53f5a23a7e.jpg,1
Donetsk_2022_R6C4_1500_2000_3500_4000-Copy_jpg.rf.e5d1e8fc6addf147f030d299ecab9f52.jpg,1
Donetsk_2022_R6C4_9000_9500_6500_7000-Copy_jpg.rf.3da499e3ead69188c04249d6e8edfe6b.jpg,1
Donetsk_2022_R6C4_8500_9000_4500_5000-Copy_jpg.rf.66106ca903eff3653ce9c11b225912b9.jpg,1
Donetsk_2022_R6C4_8000_8500_6500_7000-Copy_jpg.rf.99033b6db447a38baefebb25889cb0e6.jpg,1
Donetsk_2022_R6C4_8500_9000_6500_7000-Copy_jpg.rf.0e8cf7acdcff1a1fe24aa09d8e615577.jpg,1
Donetsk_2022_R6C4_4000_4500_3500_4000-Copy_jpg.rf.20f2106814973b011e9839822ddb7430.jpg,1
chicago10-21-_png_jpg.rf.29691a8a0e18458639625f4c92545c64.jpg,1
chicago10-54-_png_jpg.rf.3caf359812695cda7478a20242d41dd4.jpg,1
Donetsk_2022_R6C4_8500_9000_6000_6500-Copy_jpg.rf.689ab1669300bf735fb32f18cc815532.jpg,1
Mekele_2021_V3_1_R1C1_2500_3000_13500_14000_jpg.rf.7cafec704000034c47937376766c5b49.jpg,1
Mekele_2021_V3_1_R1C1_3000_3500_10000_10500_jpg.rf.d4c6de27636240f0e0062ba550fa15b7.jpg,1
Mekele_2021_V3_1_R1C1_3500_4000_10500_11000_jpg.rf.46727af161b734ad19fc5b2562556b06.jpg,1
tyrol-w18-7-_png_jpg.rf.814d973b5677299fb994f39a6b59347a.jpg,0
Mekele_2021_V3_1_R1C1_500_1000_13500_14000_jpg.rf.c890725ba8df07eef08b110ae79ff531.jpg,1
Mekele_2021_V3_1_R1C1_2500_3000_11500_12000_jpg.rf.0d177c2decf16e8228fd7472893ac878.jpg,1
tyrol-w18-60-_png_jpg.rf.1adbbbfad968d02f8870e183ba8712c1.jpg,0
Mekele_2021_V3_1_R1C1_3000_3500_6000_6500_jpg.rf.5746776a78e653f8bd5cb9e778085961.jpg,1
tyrol-w18-69-_png_jpg.rf.65f687485e74dc0bf199f54f0a935a05.jpg,0
Mekele_2021_V3_1_R1C1_2500_3000_5500_6000_jpg.rf.b85ffbd0d273c98e426ef10d2b6c8335.jpg,1
tyrol-w18-99-_png_jpg.rf.42b94a309074cafbf4a938f037ffc89a.jpg,0
tyrol-w18-6-_png_jpg.rf.bf86800e710048924f08e8cd1830c816.jpg,1
Mekele_2021_V3_1_R1C1_3000_3500_10500_11000_jpg.rf.d200b68cd3087830601c70348079a9e3.jpg,1
tyrol-w18-91-_png_jpg.rf.66dc5b7ed268eca4b49edfbbf5a05596.jpg,1
tyrol-w19-10-_png_jpg.rf.df4f1c45eac16a87016d97b1da4a0fb8.jpg,0
Mekele_2021_V3_1_R1C1_3000_3500_11000_11500_jpg.rf.b433b819b76fd18eaa2df02aacce52f8.jpg,1
Mekele_2021_V3_1_R1C1_3500_4000_11500_12000_jpg.rf.3d7834e5fe27ed3e50cea9ce7a7fd635.jpg,1
tyrol-w19-1-_png_jpg.rf.fbbe2b135f3ad11fe367c5c94ba1b263.jpg,0
tyrol-w18-90-_png_jpg.rf.46af2503ebbe23d2fa1303d08afa4788.jpg,1
Mekele_2021_V3_1_R1C1_5000_5500_10500_11000_jpg.rf.6a80dae22b13cfba6b41e470dcf896c7.jpg,1
tyrol-w18-63-_png_jpg.rf.926d4a6c7dac3eab4fcc93045e5301c5.jpg,1
Mekele_2021_V3_1_R1C1_3500_4000_11000_11500_jpg.rf.0bc98452dfeea38eff7d1ac7fc5134b8.jpg,1
Mekele_2021_V3_1_R1C1_3000_3500_11500_12000_jpg.rf.0de58341be686aa9bf358be2e77da7b8.jpg,1
tyrol-w18-97-_png_jpg.rf.ea096ce33f3174cf1d6a939e12eede86.jpg,0
Mekele_2021_V3_1_R1C1_500_1000_6000_6500_jpg.rf.ee78dcdd35e122c6839bbb8a3abed1ae.jpg,1
tyrol-w18-85-_png_jpg.rf.125a293fbfb2f36f4779abb674c28161.jpg,0
Mekele_2021_V3_1_R1C1_5000_5500_11500_12000_jpg.rf.a6cade154ad121b73ca31cec9c7dcc13.jpg,1
tyrol-w18-74-_png_jpg.rf.bc28b958dbf98ac49c93161205f2b3d7.jpg,1
Mekele_2021_V3_1_R1C2_10500_11000_8000_8500_jpg.rf.32910831728d4fa02cc15dc9dc1abffc.jpg,1
tyrol-w18-89-_png_jpg.rf.541a4d474dffcf309980a765cec5b98f.jpg,0
Mekele_2021_V3_1_R1C1_4000_4500_4500_5000_jpg.rf.8fcd5b28cff0de9f0ef1de19e89ea8c3.jpg,1
Mekele_2021_V3_1_R1C1_6500_7000_4000_4500_jpg.rf.68518eeaab471c4e538e07a24ed50e1e.jpg,1
Mekele_2021_V3_1_R1C1_5500_6000_0_500_jpg.rf.acc66da93f35f72f845c437e62abba11.jpg,1
Mekele_2021_V3_1_R1C2_10500_11000_10000_10500_jpg.rf.4933a0acd7bc915f6cd729a3cbc7b10d.jpg,1
Mekele_2021_V3_1_R1C1_4500_5000_12500_13000_jpg.rf.a779f0658b35cc493b54ac3523276589.jpg,1
Mekele_2021_V3_1_R1C1_3500_4000_6500_7000_jpg.rf.b04275aff505daf4cce08fafe4e0525e.jpg,1
tyrol-w19-100-_png_jpg.rf.ab386d3036fedf1dd6aa21ade677bc21.jpg,1
tyrol-w19-18-_png_jpg.rf.4d6dd63d50dd830ef0205719b13adedb.jpg,0
tyrol-w19-19-_png_jpg.rf.a3b5a4d3046435ae89384d28763cd642.jpg,0
tyrol-w18-86-_png_jpg.rf.54b71ab756f05300310a55a375c4a94d.jpg,0
tyrol-w18-81-_png_jpg.rf.83d26760e4456f6cec8858d9e26dd618.jpg,1
tyrol-w18-75-_png_jpg.rf.e214685b1f695fbf1a37232cb2b8c87d.jpg,0
Mekele_2021_V3_1_R1C1_6500_7000_7500_8000_jpg.rf.8e13f28109d9663638729b6a6e05b94a.jpg,1
Mekele_2021_V3_1_R1C1_4500_5000_7500_8000_jpg.rf.75e8454abab82e1dcf32a02b2ad4db40.jpg,1
Mekele_2021_V3_1_R1C1_4000_4500_7000_7500_jpg.rf.98630e0666be84d0e1dd7d113e13fd94.jpg,1
Mekele_2021_V3_1_R1C2_10000_10500_8000_8500_jpg.rf.a02a85472086dd0d81572e1625533967.jpg,1
tyrol-w19-23-_png_jpg.rf.5f5452d066d9243b8f5d790d8ca10c5c.jpg,0
tyrol-w18-82-_png_jpg.rf.e96b6f0ea0810fd1f3be8439e8423006.jpg,1
Mekele_2021_V3_1_R1C1_7500_8000_5500_6000_jpg.rf.6274a0c24f2c270246b9b39a4aa3d2c6.jpg,1
Mekele_2021_V3_1_R1C2_10000_10500_8500_9000_jpg.rf.78a2035e190f7a242d07688ec0bba4ae.jpg,1
Mekele_2021_V3_1_R1C2_12000_12500_4000_4500_jpg.rf.dc29b57d6773770337463c886bba85e0.jpg,1
Mekele_2021_V3_1_R1C1_4000_4500_13500_14000_jpg.rf.bbf6a54647bf59c135c8feaf54a24b3a.jpg,1
Mekele_2021_V3_1_R1C1_5500_6000_500_1000_jpg.rf.6db32298258b148cd664380615856bd4.jpg,1
Mekele_2021_V3_1_R1C2_11500_12000_10500_11000_jpg.rf.5fed1e02a45298f996412b4e2e3fdac9.jpg,1
tyrol-w18-84-_png_jpg.rf.50a45d1310902be20d091e6154701b96.jpg,1
tyrol-w19-16-_png_jpg.rf.7ad57041c7bff3a02fb95876fc110a24.jpg,0
tyrol-w19-15-_png_jpg.rf.fa2238f658706e5e78d081cdd8d985e9.jpg,0
tyrol-w19-2-_png_jpg.rf.ed1f3037843e000b8a40c3f9cb46f0c6.jpg,0
tyrol-w18-58-_png_jpg.rf.de81a2c640f1222459bdee0d75e79908.jpg,0
tyrol-w19-21-_png_jpg.rf.dbeff38e8e46fd69389bef325bd98168.jpg,0
tyrol-w19-13-_png_jpg.rf.a0f1bd10d580f3caa2b09cedb8132b76.jpg,0
tyrol-w19-12-_png_jpg.rf.c6969d8d131bc3ab18a72ab91f1f479f.jpg,0
Mekele_2021_V3_1_R1C1_4000_4500_9000_9500_jpg.rf.155a533dec2caba9f95946f36eb07f51.jpg,1
Mekele_2021_V3_1_R1C1_4500_5000_11500_12000_jpg.rf.e95bca13de4f6121dbdf28a0367e4a74.jpg,1
Mekele_2021_V3_1_R1C1_4000_4500_7500_8000_jpg.rf.f506efb5153555af706c22af6f00393d.jpg,1
Mekele_2021_V3_1_R1C2_12000_12500_10500_11000_jpg.rf.03c3c1a3a457eb44534cd7322b8d0b82.jpg,1
tyrol-w19-22-_png_jpg.rf.2e5cec162365e0638c0825d87fd67f46.jpg,0
Mekele_2021_V3_1_R1C3_1000_1500_500_1000_jpg.rf.3e75e522d7730699c19ceae1c90adf47.jpg,1
tyrol-w19-25-_png_jpg.rf.6d5568c839c17fe64d3f7a73072b8665.jpg,0
Mekele_2021_V3_1_R1C2_12500_13000_4000_4500_jpg.rf.94993b55271df96b15c1cd4f1e6890ab.jpg,1
Mekele_2021_V3_1_R1C1_6500_7000_9500_10000_jpg.rf.fa63edaec0afccea7be05b2857b00065.jpg,1
tyrol-w18-88-_png_jpg.rf.29e386540b79e0396038492998e62a1b.jpg,0
tyrol-w19-29-_png_jpg.rf.f3c6afd57bbe120e8d78b3b8e5536883.jpg,0
tyrol-w19-36-_png_jpg.rf.05c9d72274c9912570972a32193b0f78.jpg,0
tyrol-w19-24-_png_jpg.rf.42583b07d10b120afa523cc691c9ee7b.jpg,0
Mekele_2021_V3_1_R1C1_7500_8000_10000_10500_jpg.rf.0cf0640c17ad1f446c1aee53434eed64.jpg,1
tyrol-w19-44-_png_jpg.rf.0dfdb6a211249ec5ae458c0de6f1b691.jpg,0
Mekele_2021_V3_1_R2C1_0_500_4500_5000_jpg.rf.5b50c0c2f4ab88f262b0904879c5cf46.jpg,1
Mekele_2021_V3_1_R1C2_11000_11500_9000_9500_jpg.rf.0c9a6e4eac3869311184c65a43dbae9a.jpg,1
Mekele_2021_V3_1_R1C2_11000_11500_9500_10000_jpg.rf.3fb25e406b8c21f169fce58839dc35ce.jpg,1
Mekele_2021_V3_1_R1C2_12000_12500_10000_10500_jpg.rf.b5254c0ba65f5f121b9fdaa7c64aa152.jpg,1
Mekele_2021_V3_1_R1C2_14500_15000_4000_4500_jpg.rf.6892bc2ade3d5a224e4bfd8cae8a4fa5.jpg,1
tyrol-w19-28-_png_jpg.rf.c9f9be76e97ac0b5617a2f310912d6af.jpg,0
Mekele_2021_V3_1_R2C1_1000_1500_0_500_jpg.rf.13db496085be1acc6ca40dfd3c4388cf.jpg,1
tyrol-w19-42-_png_jpg.rf.6999812d161bcfddacff14eaf5a48e24.jpg,0
Mekele_2021_V3_1_R2C1_1000_1500_11000_11500_jpg.rf.8104da602fc9851150b7509f2e57ce3d.jpg,1
Mekele_2021_V3_1_R1C2_12500_13000_3500_4000_jpg.rf.5e2eb741394488bfcb144ce67d50d41c.jpg,1
Mekele_2021_V3_1_R1C2_13000_13500_3500_4000_jpg.rf.ba933a22eb2080600f9d37ff7c0eb89f.jpg,1
Mekele_2021_V3_1_R1C2_9500_10000_9000_9500_jpg.rf.cc82c4d5735ccd84af6749c3795643b7.jpg,1
Mekele_2021_V3_1_R1C1_7000_7500_9500_10000_jpg.rf.152eb1b9e22935dca69e0064940a305e.jpg,1
Mekele_2021_V3_1_R1C1_3000_3500_12000_12500_jpg.rf.3dc92d11ea4ed93a151179209013c11c.jpg,1
tyrol-w19-31-_png_jpg.rf.404f6569c33b1068dac591fac98cc607.jpg,0
Mekele_2021_V3_1_R1C2_15500_16000_10500_11000_jpg.rf.8b3b363a04ad8085591cdf96219bbe29.jpg,1
Mekele_2021_V3_1_R1C2_9000_9500_9000_9500_jpg.rf.c2687ef9e9f3e7e9535f487a69e92ca4.jpg,1
Mekele_2021_V3_1_R1C2_14500_15000_8000_8500_jpg.rf.531af3e3a02308c7c13e7ed72dd19df8.jpg,1
tyrol-w19-41-_png_jpg.rf.b83ad4f8d90ef4e791e2eea7f597ef77.jpg,0
tyrol-w19-32-_png_jpg.rf.0071d8300609e5784cad2790891f6a70.jpg,0
Mekele_2021_V3_1_R1C3_500_1000_0_500_jpg.rf.3858073fdd2bc12762af2c468121810a.jpg,1
tyrol-w19-37-_png_jpg.rf.dc458c6bb94b28b4eb4579bcc7a408f8.jpg,0
Mekele_2021_V3_1_R1C2_13000_13500_4000_4500_jpg.rf.eadd724581824a4d7d8a4e91d3a2ebad.jpg,1
Mekele_2021_V3_1_R1C2_15000_15500_4000_4500_jpg.rf.2de1e36cdc54c1b75a8489ac22b1b998.jpg,1
tyrol-w19-30-_png_jpg.rf.e1ede9495893b44fe3a7db8f292d0cee.jpg,0
tyrol-w19-45-_png_jpg.rf.2ef557020de7923d33b6367b8c034626.jpg,0
tyrol-w19-26-_png_jpg.rf.793c6fdfdd781e5b8afbbdc56b6b57af.jpg,0
Mekele_2021_V3_1_R2C1_0_500_0_500_jpg.rf.8100469d986ef4db3e3af07ee810cd83.jpg,1
Mekele_2021_V3_1_R2C1_0_500_2000_2500_jpg.rf.cb38238bbd0817449a02f23f4276d786.jpg,1
tyrol-w19-35-_png_jpg.rf.e9eb79530858a08b8ff0e6ecc79dbd2f.jpg,0
Mekele_2021_V3_1_R1C3_1000_1500_0_500_jpg.rf.ece8780008f571e745cbb8323af1d5ac.jpg,1
Mekele_2021_V3_1_R1C2_15500_16000_10000_10500_jpg.rf.c96a0aa5daa3caa8d02c6a072459c748.jpg,1
Mekele_2021_V3_1_R2C1_1000_1500_1500_2000_jpg.rf.7a1443e35e734038d0abcfcd986686a1.jpg,1
Mekele_2021_V3_1_R1C2_11000_11500_10000_10500_jpg.rf.a132a8d0e5924f3819c1d8a01a7af46a.jpg,1
Mekele_2021_V3_1_R2C1_0_500_1000_1500_jpg.rf.6f75b38e1a0f94437a7e0d37282eef2e.jpg,1
tyrol-w19-43-_png_jpg.rf.1b667ef512e52c948373e6ba22490d50.jpg,0
Mekele_2021_V3_1_R2C1_0_500_3000_3500_jpg.rf.4d54eee019311195394e3b8e358e9a12.jpg,1
tyrol-w19-40-_png_jpg.rf.bcf2b57626e7b288371cc4258e44d491.jpg,0
Mekele_2021_V3_1_R2C1_1000_1500_3000_3500_jpg.rf.fd6d47b4bebc31429ba31b9a497db8af.jpg,1
Mekele_2021_V3_1_R2C1_1000_1500_4000_4500_jpg.rf.02eea08a4584f95f0105841f3bee17ac.jpg,1
tyrol-w19-49-_png_jpg.rf.cbc137807b1c307b787f4f614271765f.jpg,0
Mekele_2021_V3_1_R2C1_1000_1500_5000_5500_jpg.rf.6065e3c35fcfac56e9b8e8a4c1d55c8b.jpg,1
okutama_hs_90_017_png_jpg.rf.0642e942d7c3af26a32a33d91bc3ed9c.jpg,1
Mekele_2021_V3_1_R2C1_1500_2000_3000_3500_jpg.rf.401408db6ddb92eed882e475751d25e1.jpg,1
tyrol-w19-54-_png_jpg.rf.c91e52a76b92f25acfda52f7cda54b65.jpg,0
Mekele_2021_V3_1_R2C1_1000_1500_500_1000_jpg.rf.ca66b64593f39761eadd9fc01f0b3071.jpg,1
tyrol-w19-4-_png_jpg.rf.4718cf12cc20457159c8754a62b2d9f6.jpg,0
tyrol-w19-72-_png_jpg.rf.440d332afdd1590b669ebf90508a004d.jpg,1
tyrol-w19-52-_png_jpg.rf.3672de49b320e642c2d8895cbb32f797.jpg,1
Mekele_2021_V3_1_R2C1_1000_1500_7500_8000_jpg.rf.e5a8e13898815de26f6d218c05a5a9b2.jpg,1
tyrol-w19-70-_png_jpg.rf.7f7835819cd291fc41335f76ccc7351e.jpg,0
Mekele_2021_V3_1_R2C1_1500_2000_0_500_jpg.rf.4e3541b4b11f2ca073bbc3ec19f42cc2.jpg,1
tyrol-w19-53-_png_jpg.rf.db0dee0e67afe28a5321962e1c479fb8.jpg,0
tyrol-w19-62-_png_jpg.rf.09cf85bcd8978a0e66dbbc2f2951f532.jpg,1
tyrol-w19-59-_png_jpg.rf.12a81c669a7fb6187de74e96662127ed.jpg,0
tyrol-w19-6-_png_jpg.rf.a521e3b96c9aec2d057b848cd1933836.jpg,0
tyrol-w19-88-_png_jpg.rf.180c6a273f05ece91cbf579a57ca24fd.jpg,1
Mekele_2021_V3_1_R2C1_2000_2500_8000_8500_jpg.rf.738efaa72639754a9f67a35dc8a9bcd0.jpg,1
tyrol-w19-74-_png_jpg.rf.b38d70ab1d222f495f1b73915ce1e052.jpg,0
Mekele_2021_V3_1_R2C1_2000_2500_7500_8000_jpg.rf.f99de1f035ed1ad2475fb6a32f944f28.jpg,1
Mekele_2021_V3_1_R2C1_1500_2000_1000_1500_jpg.rf.252f718b4b7e505f6b851a5498244c91.jpg,1
Mekele_2021_V3_1_R2C1_1500_2000_5000_5500_jpg.rf.b0c53ad2c7e6ae7d5e3ae123dc5805a3.jpg,1
tyrol-w19-57-_png_jpg.rf.0c9705ef61ed878dabcb9381d4102724.jpg,0
Mekele_2021_V3_1_R2C1_500_1000_2000_2500_jpg.rf.b0ba74e94138243956bcda96c3381b3e.jpg,1
tyrol-w19-68-_png_jpg.rf.19f71d9927851ac51d72a9f58798b8d4.jpg,1
tyrol-w19-69-_png_jpg.rf.8117716228a969a9cec4318849161b6a.jpg,0
Mekele_2021_V3_1_R2C1_2000_2500_4000_4500_jpg.rf.89113e8530c63f99ff27b4531c7a5c8d.jpg,1
Mekele_2021_V3_1_R2C1_1500_2000_7000_7500_jpg.rf.232d2b31355467d8d2a0ff5d26bf4d18.jpg,1
tyrol-w19-7-_png_jpg.rf.3b10b7fbec1baedb33f1d8413b88b8f5.jpg,0
tyrol-w19-67-_png_jpg.rf.eecf983f8fff2e2700a5761817572458.jpg,1
tyrol-w19-86-_png_jpg.rf.b36d530a901c651557f5ddd4f96ab8e5.jpg,1
Mekele_2021_V3_1_R2C2_1500_2000_10000_10500_jpg.rf.b99b97ee8c919884e0acbc056d0c416c.jpg,1
Mekele_2021_V3_1_R2C1_1500_2000_2000_2500_jpg.rf.f8cbde606d20e49608a9ac8f54fb892e.jpg,1
tyrol-w19-64-_png_jpg.rf.c331a9c790cc977c8cedc32ec78a44e7.jpg,1
Mekele_2021_V3_1_R2C1_2000_2500_5500_6000_jpg.rf.0cc90b2b32849bf78a414b2f13dea5f5.jpg,1
Mekele_2021_V3_1_R2C1_1500_2000_7500_8000_jpg.rf.50318c561d40a8638c3e57e68b843097.jpg,1
tyrol-w19-90-_png_jpg.rf.67f8710e623d2127b96cbb6e002bb0f4.jpg,1
Mekele_2021_V3_1_R2C1_6000_6500_3500_4000_jpg.rf.b514fe3e426475bbbfc87c91aec02a99.jpg,1
Mekele_2021_V3_1_R2C1_500_1000_500_1000_jpg.rf.eb4f0e0bc39ea44164393d3ced3222ea.jpg,1
tyrol-w19-87-_png_jpg.rf.2082089bb8797ae19cc14737c4f97fed.jpg,1
tyrol-w19-95-_png_jpg.rf.6cac0b4be79d759e037360849b9970e8.jpg,1
tyrol-w19-93-_png_jpg.rf.4db1aa2f00e02a08ba18d1c0904eb329.jpg,1
Mekele_2021_V3_1_R2C1_500_1000_5000_5500_jpg.rf.5f430ccb960e2b9b467445f26ff27579.jpg,1
tyrol-w19-92-_png_jpg.rf.655f1961d615a237d0d8434b73ec6058.jpg,1
Mekele_2021_V3_1_R2C1_500_1000_7500_8000_jpg.rf.b539f684009770c6a67ed025bea580e3.jpg,1
tyrol-w19-96-_png_jpg.rf.c4339e8489a6bb3f5c3d6a03b5fbf298.jpg,1
Mekele_2021_V3_1_R2C2_2500_3000_9000_9500_jpg.rf.3794ed2931212b42dbde1cfbf4a423e7.jpg,1
Mekele_2021_V3_1_R2C2_500_1000_11000_11500_jpg.rf.864b946734372787740d1b45e7706035.jpg,1
Mekele_2021_V3_1_R2C2_10000_10500_9000_9500_jpg.rf.13b392854f48b5f3a41385f210cb1265.jpg,1
Mekele_2021_V3_1_R2C2_0_500_9500_10000_jpg.rf.61f68d95150f9e96dd68186147b1f42f.jpg,1
Mekele_2021_V3_1_R2C1_2000_2500_1000_1500_jpg.rf.a11bb4c46a4fe97af324c570b5ebc968.jpg,1
Mekele_2021_V3_1_R2C1_500_1000_0_500_jpg.rf.333d3c14a1b2561e940ddfff4bf15ac8.jpg,1
tyrol-w19-81-_png_jpg.rf.eb933852bc94b1e0d536da1ebb0963c4.jpg,0
Mekele_2021_V3_1_R2C1_1500_2000_8000_8500_jpg.rf.526631bc087d19a36e75e5876d8ca40c.jpg,1
Mekele_2021_V3_1_R2C2_500_1000_10500_11000_jpg.rf.ec4b9e4289b167b1603e2f57b4c87262.jpg,1
tyrol-w19-80-_png_jpg.rf.c4130a36f773fa64324a8a3c45054d00.jpg,1
Mekele_2021_V3_1_R2C1_5000_5500_5000_5500_jpg.rf.d010e92a5004d9ccc9aa1f0179794c26.jpg,1
Mekele_2021_V3_1_R2C1_2000_2500_3000_3500_jpg.rf.df42c3157c1b9baeb989fe7e8618a2cb.jpg,1
tyrol-w19-75-_png_jpg.rf.f2e493a8ca539feaf45f2ccfe9f45a35.jpg,1
tyrol-w2-10-_png_jpg.rf.e9b8972160e31cb1f8a79fbcbd599da6.jpg,1
Mekele_2021_V3_1_R2C1_2000_2500_3500_4000_jpg.rf.4a809743b5b8dca6da453385ec9f6ac0.jpg,1
Mekele_2021_V3_1_R2C1_2500_3000_1000_1500_jpg.rf.70cdb1c6533e680a543a8e9785f8b555.jpg,1
Mekele_2021_V3_1_R2C1_8500_9000_2000_2500_jpg.rf.a9d98a2377ec470e2d876242da53189c.jpg,1
Mekele_2021_V3_1_R2C2_8000_8500_8000_8500_jpg.rf.ef780f91dbdd39154b2767b756d25169.jpg,1
Mekele_2021_V3_1_R2C1_2500_3000_3000_3500_jpg.rf.0d2f2b7c2477e8c301e78e44935fa439.jpg,1
tyrol-w19-65-_png_jpg.rf.aac55114aa1916244ac6e32a9bc86730.jpg,0
Mekele_2021_V3_1_R2C2_0_500_11000_11500_jpg.rf.327780054fc166d52abe9b3cccd2c7b0.jpg,1
tyrol-w2-12-_png_jpg.rf.cbe6d954038877a00ba33b3cecdb079e.jpg,1
tyrol-w19-98-_png_jpg.rf.3dd3a14aedb7f7f2b02200aac326c7a0.jpg,1
Mekele_2021_V3_1_R2C1_6500_7000_8500_9000_jpg.rf.fd323e254e89d3a596053de2a92cfae8.jpg,1
Mekele_2021_V3_1_R2C1_2500_3000_4000_4500_jpg.rf.fbdfa63ab65fe894d43c08726eabf639.jpg,1
Mekele_2021_V3_1_R2C1_500_1000_2500_3000_jpg.rf.82fa7378fe5a705f142ef5c9d5e08f87.jpg,1
Mekele_2022_R1C1_10500_11000_8500_9000_jpg.rf.ae9c3ec1125c7af4186372dd5213fcf0.jpg,1
tyrol-w19-94-_png_jpg.rf.5862ebe49c974465e338cfa0711a46f5.jpg,1
tyrol-w19-58-_png_jpg.rf.f54f7917d7023e3be6addb046bdbedff.jpg,0
Mekele_2021_V3_1_R2C1_2000_2500_0_500_jpg.rf.76d239d1613203aa06098f432ac7b535.jpg,1
tyrol-w2-13-_png_jpg.rf.78a444ee25cb4e50cad6c2a007ecd733.jpg,1
Mekele_2021_V3_1_R2C1_500_1000_3500_4000_jpg.rf.c634939428c875256b7901e4824e1396.jpg,1
tyrol-w19-85-_png_jpg.rf.94cef98f5e8eb1808f8a58d6a8f0ed32.jpg,1
Mekele_2021_V3_1_R2C1_500_1000_11000_11500_jpg.rf.9808d84d205d3b3da84392f6590d25a5.jpg,1
Mekele_2021_V3_1_R2C1_2500_3000_4500_5000_jpg.rf.192818fa4d018687e2ffbd9f84c7dfc7.jpg,1
tyrol-w19-78-_png_jpg.rf.a223bcc01c6513028d301b45a0c0326d.jpg,1
Mekele_2021_V3_1_R2C1_0_500_1500_2000_jpg.rf.eedd6569f20bee0763aa02a1df1ed50d.jpg,1
Mekele_2022_R1C1_10500_11000_8000_8500_jpg.rf.01ed8cb1877ce6336d2ad24e9ae548e7.jpg,1
tyrol-w19-79-_png_jpg.rf.3b4f6df4b2c86fad9d01788db4f4b6b0.jpg,1
Mekele_2021_V3_1_R2C1_2500_3000_1500_2000_jpg.rf.15a5dc0924d0c0c3b7d457eb71e817bd.jpg,1
Mekele_2022_R2C1_9500_10000_11500_12000-Copy_jpg.rf.867b09d6b1e7e38662da07f35f6c3a2c.jpg,1
Mekele_2022_R2C1_9500_10000_12500_13000-Copy_jpg.rf.1939f6405fcca948a9b721d760d70f0d.jpg,1
tyrol-w2-11-_png_jpg.rf.443ef4abf583347be875a2e98965a13f.jpg,1
Mekele_2021_V3_1_R2C1_2500_3000_500_1000_jpg.rf.67e4f1370c83d6d7ebbe2cb2797b02b0.jpg,1
tyrol-w2-59-_png_jpg.rf.4630a38b19614b224b9a7e00ed23fa4d.jpg,0
Mekele_2021_V3_1_R2C1_500_1000_1500_2000_jpg.rf.996df7a4649c1ade656ec3a4a146b52b.jpg,1
Mekele_2022_R2C1_2500_3000_3500_4000-Copy_jpg.rf.1ee43e1ebe1dd27b369955b00da004ba.jpg,1
Mekele_2022_R2C1_16000_16500_10500_11000_jpg.rf.add360aa5afbd5c39ea4fa272e21cf47.jpg,1
Mekele_2022_R2C1_11500_12000_13000_13500_jpg.rf.d2589a3a2e02ccf5e028115ab57bcaa4.jpg,1
Mekele_2022_R2C1_11500_12000_14000_14500_jpg.rf.fcc09f0273d73c6208b2287831c5219a.jpg,1
Mekele_2021_V3_1_R2C1_2000_2500_1500_2000_jpg.rf.09ba37176e188fb11caff2df48c054b8.jpg,1
tyrol-w2-54-_png_jpg.rf.8a7285e4c0ed4def3b142cc3a95563c0.jpg,1
Mekele_2022_R2C1_8000_8500_14500_15000-Copy_jpg.rf.d5a93857d5e5d3061e695a1162dbf5f1.jpg,1
tyrol-w2-39-_png_jpg.rf.67b1fc18ca7cd70e623d72f701e9c4f3.jpg,1
tyrol-w2-55-_png_jpg.rf.2e599dcdaaf1c65ccfde0483f320f3a4.jpg,1
Mekele_2022_R2C1_8000_8500_14000_14500-Copy_jpg.rf.88a663e279e01760f30b7e24a8416bf1.jpg,1
tyrol-w2-58-_png_jpg.rf.e2c8dfcc2a5f5ebec4ffc5d5af165c1b.jpg,1
tyrol-w2-56-_png_jpg.rf.f3fc21b61f7ea498a6f601c749596f01.jpg,0
Mekele_2022_R2C1_12000_12500_11000_11500_jpg.rf.23f4ad6abf0c0bc1ae6c1396ffe7d0c9.jpg,1
tyrol-w2-40-_png_jpg.rf.c56868d12cc49a8395627421ae7bfd95.jpg,0
Mekele_2022_R2C1_8000_8500_15500_16000-Copy_jpg.rf.19aab53fdfdbedb045079f55d89c383e.jpg,1
Mekele_2022_R2C2_10500_11000_3000_3500_jpg.rf.1f009dcfb9e4b2f640095435f0edaf6d.jpg,1
tyrol-w2-57-_png_jpg.rf.504b9c4dddb513c69b810d6a85523d43.jpg,1
tyrol-w2-7-_png_jpg.rf.ca734a8aecdbf1d24bbc854e7b1f1505.jpg,1
Mekele_2022_R2C1_11000_11500_14500_15000_jpg.rf.0d7d92ffa1993779eb53255c6b9031b8.jpg,1
Mekele_2022_R2C1_11500_12000_14500_15000_jpg.rf.12cb75e2c6d572e3b130f52c8436824b.jpg,1
tyrol-w2-71-_png_jpg.rf.b1ce1316f4c61d6cf00ba98f0aaaa812.jpg,1
Mekele_2022_R2C1_11500_12000_11000_11500_jpg.rf.09356e0c8316b80def3bc2444112b952.jpg,1
Mekele_2022_R2C1_11000_11500_16000_16500_jpg.rf.51603546c639554c08e79ce9f3774944.jpg,1
Mekele_2022_R2C2_10500_11000_3500_4000_jpg.rf.d4adf080550545ce27308fee44c9140a.jpg,1
Mekele_2022_R2C2_10500_11000_1500_2000_jpg.rf.9c9fed2ff2707fe0dc8227bc9e77d151.jpg,1
tyrol-w2-9-_png_jpg.rf.04bf201bf3e81b6b7fe6a5cc50273801.jpg,1
tyrol-w2-74-_png_jpg.rf.23df32033792e9b5309332241fbbd3a8.jpg,0
Mekele_2022_R2C2_10500_11000_0_500_jpg.rf.650c446f7de29ed6e6d8d49c2ac8294b.jpg,1
Mekele_2022_R2C1_9500_10000_15000_15500-Copy_jpg.rf.0655d207950974a10efe9a4dcb5db58b.jpg,1
tyrol-w2-38-_png_jpg.rf.0a5ea5a8720f0814b0e5b4a437d3458f.jpg,1
tyrol-w2-37-_png_jpg.rf.cd5cff694a93265d8e884d0de7de986c.jpg,1
Mekele_2022_R2C2_12000_12500_11000_11500_jpg.rf.9fbfb98db6a2c40384955e8ef75fd121.jpg,1
Mekele_2022_R2C2_10500_11000_2500_3000_jpg.rf.56567a5f515d57aa1e0572f1e0f50bbb.jpg,1
tyrol-w2-61-_png_jpg.rf.526a1dca64696c09ab99e0c81de526af.jpg,1
Mekele_2022_R2C2_12000_12500_500_1000_jpg.rf.2e9c7953193f08e29a440c4761013c4c.jpg,1
tyrol-w2-70-_png_jpg.rf.ea765c24fe0dcf1cba9a61879c9a9984.jpg,0
Mekele_2022_R2C1_9500_10000_15500_16000-Copy_jpg.rf.d0ecc686219bdcfbec228e60aa35e5db.jpg,1
Mekele_2022_R2C2_12000_12500_4000_4500_jpg.rf.df1f27aba973af0e0f64beb1a59f873b.jpg,1
Mekele_2022_R2C2_10500_11000_500_1000_jpg.rf.378fb007334874347a3de1ed94918340.jpg,1
Mekele_2022_R2C2_11000_11500_1000_1500_jpg.rf.3a6101493191ea053197a135582c60d8.jpg,1
Mekele_2022_R2C2_11000_11500_8500_9000_jpg.rf.5ec7d4f5a3025769387634c129046323.jpg,1
tyrol-w2-75-_png_jpg.rf.a19114086826e60c1596e184c33179f1.jpg,1
tyrol-w2-8-_png_jpg.rf.ba20a371d1b2fcb88cda851b9f880779.jpg,1
Mekele_2022_R2C2_13500_14000_11000_11500_jpg.rf.61189faedb9b4c2cac5d4132f35a2d4b.jpg,1
Mekele_2022_R2C2_12000_12500_5500_6000_jpg.rf.6f92c49a9677d5f019df43bbf1cbf224.jpg,1
Mekele_2022_R2C1_9500_10000_7500_8000-Copy_jpg.rf.23eba1919ff5706baeda9b28a3d3e33c.jpg,1
tyrol-w2-79-_png_jpg.rf.dba86f7e310b3a05cdbeb9cd512f68a5.jpg,0
Mekele_2022_R2C2_12000_12500_9000_9500_jpg.rf.e34a0c3b3f145571b051faa5a6d38c74.jpg,1
Mekele_2022_R2C2_11000_11500_6500_7000_jpg.rf.404f1d3847a3b4bc075ed3607dbcca2c.jpg,1
Mekele_2022_R2C2_11500_12000_2500_3000_jpg.rf.01c1f7a07088bb292beeddfddd3b29b6.jpg,1
Mekele_2022_R2C2_11500_12000_10500_11000_jpg.rf.3aed5d8d4b81d650239bd54fcb369319.jpg,1
tyrol-w20-49-_png_jpg.rf.1e5aa8f8db482473aa07fa93111e03f2.jpg,0
tyrol-w20-18-_png_jpg.rf.3c755c6f461053ae03d0439e83460c10.jpg,0
tyrol-w2-80-_png_jpg.rf.2568387aa55bc6a4baee92b804868443.jpg,0
tyrol-w2-82-_png_jpg.rf.2a58b9279d87c2128e0edb29726aff37.jpg,1
Mekele_2022_R2C2_11500_12000_3500_4000_jpg.rf.6ee458361efd08159d954d0ba94c5ca2.jpg,1
tyrol-w19-8-_png_jpg.rf.1a29c85f6b4d3e71ad07d8726ca6395c.jpg,0
tyrol-w2-43-_png_jpg.rf.d632c196c30edf900c509b8b3871d0c8.jpg,1
Mekele_2022_R2C2_9500_10000_5000_5500_jpg.rf.1066a591d6c5076719e331fe0d572c21.jpg,1
Mekele_2022_R2C2_9000_9500_2500_3000_jpg.rf.781767c5c812012c64618781dbb56dbc.jpg,1
Mekele_2022_R2C1_11000_11500_14000_14500_jpg.rf.c336b0fece51197ab9dd150602960196.jpg,1
Mekele_2022_R2C2_11500_12000_6000_6500_jpg.rf.c0679c798cac76f08f5d2b6e7e6ace35.jpg,1
tyrol-w2-81-_png_jpg.rf.2a97778d5a31ef1f3d51eaf1a50d7da5.jpg,1
tyrol-w20-74-_png_jpg.rf.376c7e9260babf0f48d8f478466f2fdf.jpg,0
tyrol-w20-76-_png_jpg.rf.8dafddc0608763d36cbb318e917741cd.jpg,1
tyrol-w20-50-_png_jpg.rf.1dc4103b976df5a70db5dd567b773f63.jpg,0
Mekele_2022_R2C3_9500_10000_3000_3500_jpg.rf.585f1586ebc325bcec8dbb0961d63ca9.jpg,1
tyrol-w20-16-_png_jpg.rf.f1139d418b2fe63933ca9998decbae50.jpg,0
Mekele_2022_R3C2_11000_11500_12000_12500_jpg.rf.b5dc1fe4bfda00f67827729cb34b4324.jpg,1
tyrol-w2-95-_png_jpg.rf.2e61c7425c15d4968db9e7e055b48fa6.jpg,0
tyrol-w20-53-_png_jpg.rf.0abd8ad3288fbf9e1f7996f647634610.jpg,0
Mekele_2022_R2C2_9500_10000_3000_3500_jpg.rf.974957c620c382948f39677b6743d984.jpg,1
Mekele_2022_R2C2_11500_12000_7500_8000_jpg.rf.2cb7f2a5b7eca19f328bdb06f6c30c8b.jpg,1
Mekele_2022_R2C2_11000_11500_500_1000_jpg.rf.c492a5616cc952dd77eb950efc098c29.jpg,1
Mekele_2022_R2C1_12000_12500_11500_12000_jpg.rf.0a975f459a4c596facf278484363f355.jpg,1
Mekele_2022_R2C2_9000_9500_500_1000_jpg.rf.e4ed4bd28dafb54025e70dbae636429c.jpg,1
Mekele_2022_R3C2_11000_11500_10000_10500_jpg.rf.51eb933bbdc4e684f6689dca020c6b08.jpg,1
tyrol-w20-11-_png_jpg.rf.3ea719917764ef46280ec33ce61fa00f.jpg,0
Mekele_2022_R2C2_11000_11500_2000_2500_jpg.rf.e47e733583c5da4bb6ebaae68a1af438.jpg,1
Mekele_2022_R3C1_13500_14000_3000_3500_jpg.rf.c5144acf18b0131aad4b36ce1cd00a71.jpg,1
tyrol-w20-6-_png_jpg.rf.f75a33be125fb74ba7500a33d3cf106f.jpg,0
tyrol-w20-19-_png_jpg.rf.3af5cdad72cb68e4a501375e404f29d5.jpg,0
Mekele_2022_R2C2_11500_12000_9500_10000_jpg.rf.6d96662bccd4b08a11000d0524376a89.jpg,1
tyrol-w20-56-_png_jpg.rf.33d4b0a442e6b31dac272ff08d8200c3.jpg,0
tyrol-w2-87-_png_jpg.rf.33d64570c33feb2eb5526aa03a2c86b2.jpg,1
Mekele_2022_R3C1_0_500_10000_10500-Copy_jpg.rf.c6228a60816139bc019404571dc84cb9.jpg,1
Mekele_2022_R3C2_10000_10500_500_1000_jpg.rf.537d2907de28b7ef0f5f40497cc8bc80.jpg,1
Mekele_2022_R3C2_13000_13500_9000_9500_jpg.rf.63be925836c9e5ea872fd8d780d6a5c7.jpg,1
Mekele_2022_R2C2_11500_12000_4000_4500_jpg.rf.9d502a1922a0a851ac8e12b510bc93b5.jpg,1
tyrol-w20-13-_png_jpg.rf.564d4da332c90cc760c63d961b272c59.jpg,0
Mekele_2022_R2C2_11500_12000_7000_7500_jpg.rf.66e2f5451979aaa0915614f67600c805.jpg,1
tyrol-w2-84-_png_jpg.rf.e06d24b759f61398ced5f38a8fc042f8.jpg,1
Mekele_2022_R3C1_3000_3500_8000_8500-Copy_jpg.rf.e1f5b7766f169c01533f4e4664e53b85.jpg,1
tyrol-w2-5-_png_jpg.rf.6051d5122e2b61ab017badaa13fb03c5.jpg,1
Mekele_2022_R2C2_11000_11500_3000_3500_jpg.rf.40c25422f57eb3469d6d3be237cd6633.jpg,1
Mekele_2022_R3C1_15500_16000_13500_14000_jpg.rf.2e43daa99e4c8708a4976801a0f5d55f.jpg,1
tyrol-w20-80-_png_jpg.rf.d88c226fb16252711da68c2ffcf0dfff.jpg,1
Mekele_2022_R3C2_15000_15500_6000_6500_jpg.rf.380f6ec4472d41c7b8660516d6673565.jpg,1
Mekele_2022_R2C1_12500_13000_11500_12000_jpg.rf.b0236af17256f44bbfff4848b14fa28c.jpg,1
Mekele_2022_R2C1_12500_13000_13000_13500_jpg.rf.f3b0d9844ffd4ba54b677dba936fa2be.jpg,1
tyrol-w20-65-_png_jpg.rf.77af8fe8d7c087cbe185b30cc3964a07.jpg,0
Mekele_2022_R3C1_6000_6500_16000_16500-Copy_jpg.rf.e5e6b893c0e618f0939a0721e29a76e8.jpg,1
Mekele_2022_R2C2_13000_13500_11000_11500_jpg.rf.4f72a8afff78d7f0fa50f446d6e8f26e.jpg,1
Mekele_2022_R3C1_6000_6500_15500_16000-Copy_jpg.rf.9362bcc7e059ec29a1daeccbd19acbd4.jpg,1
tyrol-w20-57-_png_jpg.rf.980889b4f62421fb61e69ebd2ce2c701.jpg,0
Mekele_2022_R3C2_10500_11000_7000_7500_jpg.rf.eb98690370ef08d4b58718d600bf99f4.jpg,1
Mekele_2022_R2C2_12000_12500_10500_11000_jpg.rf.8c3b1a2c3c5c7986a60b0c7ceb4603cd.jpg,1
Mekele_2022_R2C2_13000_13500_0_500_jpg.rf.ecba56cfcb754cb902c06ed508138b66.jpg,1
tyrol-w20-88-_png_jpg.rf.1931c3e545e2f5d0b82203fccee5c857.jpg,1
Mekele_2022_R3C2_15500_16000_2000_2500_jpg.rf.b3853e82522ddaba7ab364fd012ea9a1.jpg,1
Mekele_2022_R3C1_8000_8500_15500_16000-Copy_jpg.rf.071f5e7eb335cf3aa8b2d2707f5df916.jpg,1
tyrol-w20-82-_png_jpg.rf.421b8517d7c6f0c60f875d20a119e89c.jpg,1
Mekele_2022_R3C2_4500_5000_500_1000-Copy_jpg.rf.f2d033b33d28c674eaf935f2efc66a99.jpg,1
Mekele_2022_R2C2_13000_13500_12000_12500_jpg.rf.37569ffdf488087fb924401ffd1ec937.jpg,1
Mekele_2022_R3C2_10500_11000_7500_8000_jpg.rf.8daf6dc01da6a09ea708a76befc749e3.jpg,1
Mekele_2022_R3C2_10500_11000_9000_9500_jpg.rf.b95ebc5df849990d7f9446dbff6d9963.jpg,1
Mekele_2022_R3C2_4500_5000_14500_15000-Copy_jpg.rf.42e0f4ffe0a50ff4d21a7cee91c84d18.jpg,1
Mekele_2022_R3C2_13000_13500_8000_8500_jpg.rf.88dcf3f59623cd34161bc3dc50e2a89d.jpg,1
tyrol-w20-66-_png_jpg.rf.e7f558ee9d0c190f9aa9abb64312bfc7.jpg,0
tyrol-w20-12-_png_jpg.rf.70e6c49dcc91f154c77b6491c0b2cff9.jpg,0
Mekele_2022_R2C2_13000_13500_12500_13000_jpg.rf.a63acb7555dd445c5e938b22e443d85b.jpg,1
tyrol-w20-98-_png_jpg.rf.196dab442239da242ca5f22ef2e10c72.jpg,1
tyrol-w20-8-_png_jpg.rf.6e042f70e8d41735debd6ac6fe725bf4.jpg,0
Mekele_2022_R2C2_13000_13500_5500_6000_jpg.rf.57bc58132469714cdfd30a5e9e695c41.jpg,1
tyrol-w2-48-_png_jpg.rf.0a3bb1d22380d9481c560218b835d096.jpg,1
Mekele_2022_R2C2_10000_10500_4000_4500_jpg.rf.49a3565e82b6dc81a3fec345ba11c6d1.jpg,1
Mekele_2022_R2C1_13000_13500_11500_12000_jpg.rf.4d4241d6e57dafd8dade345ba40b4043.jpg,1
tyrol-w2-51-_png_jpg.rf.4f59faff0659fbac371f00a47b5476a6.jpg,1
Mekele_2022_R2C1_12000_12500_15500_16000_jpg.rf.c928fe7cea915b860a155751ea9aa6cc.jpg,1
Mekele_2022_R2C1_12000_12500_16000_16500_jpg.rf.d51e0fcf9b3b8b90e9dcd6a9f5c2ad27.jpg,1
Mekele_2022_R2C1_1500_2000_1500_2000-Copy_jpg.rf.716cd40a10e919cb405fd915861b97ff.jpg,1
Mekele_2022_R2C1_15500_16000_10000_10500_jpg.rf.8c304aab6e48462a0a70b54ee348e7ca.jpg,1
tyrol-w2-67-_png_jpg.rf.9831d86a9cff57d6779881e78fd31340.jpg,1
Mekele_2022_R3C2_10500_11000_8000_8500_jpg.rf.9b9c252854fc486b2423f34e07a77bff.jpg,1
tyrol-w20-92-_png_jpg.rf.f7c817e3d8770cb72b02cccc59425ae0.jpg,1
tyrol-w21-11-_png_jpg.rf.60e2e7dfa58a039cad0bf31698c67319.jpg,1
Mekele_2022_R3C1_8000_8500_16000_16500-Copy_jpg.rf.9a84e04640b1e89ae0830609f5ea3bfa.jpg,1
tyrol-w20-96-_png_jpg.rf.5fec8d5dccd20e9149a2cc78d06f4dcd.jpg,0
Mekele_2022_R3C2_4500_5000_1500_2000-Copy_jpg.rf.80b5299d5e969646f023ec5237d7edf8.jpg,1
tyrol-w2-53-_png_jpg.rf.691204c9e7154ac2b64479e4f21e48d0.jpg,1
Mekele_2022_R3C2_1000_1500_14000_14500-Copy_jpg.rf.059c7475ba6f932b159e53fb8682231d.jpg,1
tyrol-w21-22-_png_jpg.rf.4e923372d6f5be8f9e415bc37ad6f130.jpg,1
Mekele_2022_R3C2_6500_7000_13500_14000-Copy_jpg.rf.6a164c79c4cb152e35d532850aeb2715.jpg,1
tyrol-w2-86-_png_jpg.rf.ba52bb1fdd922fb409c71988e70e0b47.jpg,0
Mekele_2022_R3C2_5000_5500_1000_1500-Copy_jpg.rf.5b90211bd5916cfb94b2e72b0172793c.jpg,1
Mekele_2022_R2C2_10000_10500_2500_3000_jpg.rf.6735b50de42a5fe2cb0a28cc67e18d58.jpg,1
tyrol-w21-30-_png_jpg.rf.123b4f539f4b95b4be666a0de5c9f192.jpg,1
Mekele_2022_R3C2_7500_8000_13000_13500-Copy_jpg.rf.9b0ab5ecac14cb92bb5943a656459a0d.jpg,1
tyrol-w21-41-_png_jpg.rf.a54620357c0fb7b381e7935917862d0e.jpg,1
Mekele_2022_R3C2_8000_8500_1000_1500_jpg.rf.0368813d420f23f5d4e98f585fb8396b.jpg,1
Mekele_2022_R3C2_7500_8000_14000_14500_jpg.rf.96592fb52e7b95a01271a5f76f589295.jpg,1
tyrol-w2-85-_png_jpg.rf.1484018994d9c5691afb870700927aff.jpg,1
Mekele_2022_R3C2_6000_6500_14000_14500-Copy_jpg.rf.5264ebd6c1b30dd44e2eb71603feeeac.jpg,1
Mekele_2022_R3C2_6500_7000_15000_15500-Copy_jpg.rf.c5562c467d0f2db6b38250ab38432705.jpg,1
Mekele_2022_R3C2_6000_6500_13500_14000-Copy_jpg.rf.f31b466e6e0741ac7e6967967b1a6312.jpg,1
Mekele_2022_R3C2_4500_5000_0_500-Copy_jpg.rf.1d4099fe9a796fa9064dbae5a06e1e33.jpg,1
Mekele_2022_R3C2_4000_4500_0_500-Copy_jpg.rf.525141b798b0869bff03e7777843e895.jpg,1
tyrol-w20-91-_png_jpg.rf.c0f1c0dccd7a1360f7c08c0b5b0c31e0.jpg,1
Mekele_2022_R3C2_5500_6000_0_500-Copy_jpg.rf.057368b2faba185b49c68915c3388453.jpg,1
tyrol-w21-12-_png_jpg.rf.36d3536d86f032aa70b195ea2d024a54.jpg,1
Mekele_2022_R3C2_5500_6000_12500_13000-Copy_jpg.rf.3d85fa8d105c15be9e62d21f2f73b7aa.jpg,1
Mekele_2022_R3C2_5000_5500_1500_2000-Copy_jpg.rf.698c4d12acee02467a181796719c2766.jpg,1
tyrol-w21-20-_png_jpg.rf.698e2f3c112fce2873fca3e45f4f7bfd.jpg,1
Mekele_2022_R3C2_6000_6500_1000_1500-Copy_jpg.rf.9dbd0e8979e6bd76499c02974e39f79b.jpg,1
Mekele_2022_R3C2_5500_6000_500_1000-Copy_jpg.rf.e79d437042791859b2f6df9a386b451e.jpg,1
tyrol-w2-96-_png_jpg.rf.eb01f199f7d1af09b7db590937d2ad73.jpg,0
tyrol-w21-23-_png_jpg.rf.f25131ed6496d7ab01c76f2dae245e69.jpg,0
Mekele_2022_R3C2_7500_8000_1500_2000-Copy_jpg.rf.7189ad2f856202324c8ed21ee844a8d2.jpg,1
tyrol-w21-100-_png_jpg.rf.f783c65f501d6e5a90e7d222c3cb0e85.jpg,1
tyrol-w21-18-_png_jpg.rf.3b1012c6d7f5c0ad034b22ba28ab820c.jpg,1
tyrol-w21-15-_png_jpg.rf.48be6f6adae76be4fa46e4e78e904676.jpg,0
Mekele_2022_R3C2_7500_8000_16000_16500-Copy_jpg.rf.d6029a24702b64445d521b23fddb087d.jpg,1
Mekele_2022_R3C2_7500_8000_500_1000-Copy_jpg.rf.ec0e8a9a8d7f1d680e8f772edb6f081d.jpg,1
Mekele_2022_R2C2_13000_13500_9000_9500_jpg.rf.8c60085e6334e2bef7ac60c3d1237f9e.jpg,1
Mekele_2022_R3C2_5000_5500_500_1000-Copy_jpg.rf.ba9768645a4cd776b48bc605ccdfb2b2.jpg,1
Mekele_2022_R3C2_5500_6000_13000_13500-Copy_jpg.rf.bf28ecc380d30d131b068a088eb42f42.jpg,1
Mekele_2022_R3C2_5000_5500_14500_15000-Copy_jpg.rf.fb841bff8038c97c8e16d2a1456814b2.jpg,1
Mekele_2022_R2C2_12000_12500_9500_10000_jpg.rf.a3bf9fb49e1ef3ec46e76ff039de4b13.jpg,1
tyrol-w21-42-_png_jpg.rf.e2f5bee56a210ee188ca734b1a33862c.jpg,1
tyrol-w21-26-_png_jpg.rf.7f92d585dcc77984a86694d11e893a95.jpg,1
Mekele_2022_R3C2_6500_7000_15500_16000-Copy_jpg.rf.55ecc08271a35faed61c8d52c27ceacd.jpg,1
Mekele_2022_R3C2_6000_6500_7000_7500-Copy_jpg.rf.51c575a02e58a1f41bf6cd6ea56e6564.jpg,1
Mekele_2022_R2C2_10000_10500_4500_5000_jpg.rf.3b518a462b66228eaf7fc2da617eab62.jpg,1
tyrol-w20-1-_png_jpg.rf.4cbc51f9d226295e80d5fa331de4430a.jpg,0
tyrol-w2-99-_png_jpg.rf.52ae6d522375595f8316707352e1ca7b.jpg,0
Mekele_2022_R3C2_5500_6000_11000_11500-Copy_jpg.rf.092b0fa342c1577907ff8fec68f24bce.jpg,1
Mekele_2022_R3C1_8500_9000_13000_13500-Copy_jpg.rf.5e5ec8fc1a5f97ae598f1246f950a02e.jpg,1
Mekele_2022_R3C2_6500_7000_6500_7000-Copy_jpg.rf.233acdd18d391b9b19e5a2cacc480862.jpg,1
tyrol-w21-31-_png_jpg.rf.9ccfc2e545d091b259827c251285f2f5.jpg,1
tyrol-w20-100-_png_jpg.rf.3a6df13f2d476a249685495bf890b377.jpg,0
Mekele_2022_R2C2_12500_13000_6000_6500_jpg.rf.c766fbda10bb7c3890c76fe4550e0239.jpg,1
tyrol-w21-28-_png_jpg.rf.58fbad9f18ef756061a0b077b102f9c3.jpg,1
Mekele_2022_R3C2_6000_6500_6500_7000-Copy_jpg.rf.bb3c70f119c4f74f099245d042658c69.jpg,1
tyrol-w21-2-_png_jpg.rf.b9d4c6dc4f5aec8c454a9d84794c9327.jpg,1
Mekele_2022_R3C2_8000_8500_500_1000_jpg.rf.1ad687caab5da9628413f6417a880f67.jpg,1
tyrol-w2-62-_png_jpg.rf.73752c368b976e4c410302fe372c4c97.jpg,1
Mekele_2022_R3C2_5500_6000_15000_15500-Copy_jpg.rf.6d6012882fa1a483529dc5c6a98b3073.jpg,1
tyrol-w21-27-_png_jpg.rf.be78119f04fdf5dda39135746a665e5a.jpg,1
tyrol-w21-33-_png_jpg.rf.789a0f83c91311cc4b23d261e409d111.jpg,0
Mekele_2022_R3C2_8500_9000_1000_1500_jpg.rf.ca19d5fdd57fee975e92451215f19f9c.jpg,1
Mekele_2022_R3C1_9000_9500_15500_16000-Copy_jpg.rf.5ab042c890c1691fc2003b7536dff0ff.jpg,1
Mekele_2022_R3C3_1500_2000_0_500_jpg.rf.94c664e124fc47caf61c40f4bb515fe8.jpg,1
tyrol-w21-5-_png_jpg.rf.4b94efc56e8fc4984a1c570ba98a51cf.jpg,0
Mekele_2022_R4C1_500_1000_16000_16500_jpg.rf.c4a7fde483d922ba2a1aab73afe4140c.jpg,1
Mekele_2022_R3C2_0_500_15000_15500-Copy_jpg.rf.a968f80bfb3f43ccc76a1dc14e23fd1c.jpg,1
tyrol-w21-79-_png_jpg.rf.1f39d500dfbb79a47980eff88725436c.jpg,1
Mekele_2022_R3C1_8500_9000_16000_16500-Copy_jpg.rf.f60dfaea7babc7833e0041069075a7dd.jpg,1
Mekele_2022_R2C2_12000_12500_4500_5000_jpg.rf.0b344189951dae8c630bb531f6f2ff54.jpg,1
Mekele_2022_R4C1_0_500_15000_15500_jpg.rf.c3af1a3d0da7406ee8d5fbaa9c5b07a5.jpg,1
Mekele_2022_R3C3_2000_2500_500_1000_jpg.rf.12d769bc1d465d2c15c64254d7eb40c2.jpg,1
tyrol-w21-69-_png_jpg.rf.39af6a7327be68b6bb4b36925ed422b7.jpg,1
Mekele_2022_R3C3_1000_1500_500_1000_jpg.rf.4bd335af013c59a30395592999eeb390.jpg,1
tyrol-w21-70-_png_jpg.rf.8a6ce846c1e1c8fe0695d0d7fd01e7ed.jpg,1
Mekele_2022_R3C2_8500_9000_5000_5500_jpg.rf.472bbafa6578a3215a5647329208f40b.jpg,1
Mekele_2022_R3C2_8500_9000_0_500_jpg.rf.8114680999feb00b7865b741c3d0e8a2.jpg,1
Mekele_2022_R3C2_8500_9000_2000_2500_jpg.rf.ebdad7672870733f5170f553702c4ae7.jpg,1
Mekele_2022_R4C1_0_500_16000_16500_jpg.rf.2cc5650664ffaefbb54578c15ab32ed5.jpg,1
Mekele_2022_R3C2_6000_6500_14500_15000-Copy_jpg.rf.ff4369d7796719ed4fda6c6544879da3.jpg,1
Mekele_2022_R3C2_8500_9000_500_1000_jpg.rf.5c7d0cdc067ca749b67f267a66f6263d.jpg,1
Mekele_2022_R3C3_3500_4000_4500_5000_jpg.rf.3efa5f0f78cbaa58f02eb5379867d847.jpg,1
tyrol-w21-59-_png_jpg.rf.a24887d7ab6bf885f8e2fa8356d503dd.jpg,1
Mekele_2022_R3C3_1000_1500_4000_4500_jpg.rf.40de0a7b335778fb9e2fc6a852c39f1a.jpg,1
Mekele_2022_R4C1_5000_5500_3000_3500_jpg.rf.4b127fa8d60cf8629c115408b8919599.jpg,1
tyrol-w21-4-_png_jpg.rf.5a7ffa9837dda3bb826bd19c0227ea89.jpg,0
tyrol-w20-70-_png_jpg.rf.ba336abd6757b180b6190e9682c9feed.jpg,0
Mekele_2022_R4C1_500_1000_15500_16000_jpg.rf.241b5f9b73620595f347b1b9aa48ff3d.jpg,1
tyrol-w21-60-_png_jpg.rf.ca603241480c6e36074e1bae7fc9faab.jpg,1
Mekele_2022_R4C1_10500_11000_11000_11500_jpg.rf.ebdfca7857c239746d737501c3b8ade5.jpg,1
Mekele_2022_R3C3_1000_1500_0_500_jpg.rf.2b9e1ebbe87bfa4297c656281438bf3d.jpg,1
Mekele_2022_R4C1_500_1000_12000_12500_jpg.rf.4c40dc345087abeda44f1cfa7faf74a2.jpg,1
Mekele_2022_R3C2_7000_7500_12500_13000-Copy_jpg.rf.688f536c98afb8d577ecc763a45f0aee.jpg,1
tyrol-w21-71-_png_jpg.rf.1a2a134f6b35c8d8ad7b63a3e03be5e2.jpg,1
Mekele_2022_R3C3_4000_4500_4500_5000_jpg.rf.73c453c51e3101c159ef91c0415c7071.jpg,1
tyrol-w21-73-_png_jpg.rf.df84ed985bd14ef8381d810ea8e5edf3.jpg,1
Mekele_2022_R4C1_500_1000_11500_12000_jpg.rf.1ecc5b11ad60ef787efd954efa914ffc.jpg,1
Mekele_2022_R3C2_8000_8500_12500_13000_jpg.rf.efb1533fbb02507dcc8e80efd9f00a6f.jpg,1
tyrol-w21-81-_png_jpg.rf.30b20989650eb80e41bc3746f0d8d3b3.jpg,1
Mekele_2022_R3C2_9000_9500_9000_9500_jpg.rf.ab0f13946dc706a94d06f286e8a8b27d.jpg,1
Mekele_2022_R3C3_8000_8500_500_1000_jpg.rf.aea6fc95affca62f7a839ef4f746daea.jpg,1
Mekele_2022_R2C2_12500_13000_7500_8000_jpg.rf.dd87047853f8d8b2dbff7b32021f29be.jpg,1
Mekele_2022_R3C3_6500_7000_0_500_jpg.rf.6d6a034dc0c93f966d687d1d1bb95c6a.jpg,1
tyrol-w21-68-_png_jpg.rf.e42ec9e6c857968ff2ee4770be39ab0c.jpg,1
Mekele_2022_R3C2_7000_7500_15000_15500-Copy_jpg.rf.0d8734d5edc10b68c9f26b78eeaaa63d.jpg,1
tyrol-w21-37-_png_jpg.rf.1de0912ffc8029e4ffe95ddfc41a9a54.jpg,1
Mekele_2022_R3C2_7000_7500_7500_8000-Copy_jpg.rf.afd28ec4726c8071953385a5b2d3508d.jpg,1
tyrol-w21-8-_png_jpg.rf.4d14f05afb6c3e7605e3c5456770beab.jpg,1
tyrol-w21-82-_png_jpg.rf.7abe2d1b30f86442db464c5ffe27d592.jpg,1
Mekele_2022_R3C3_6500_7000_500_1000_jpg.rf.8125b26a00e0ccf10fc5066c7c357a69.jpg,1
Mekele_2022_R3C3_500_1000_500_1000_jpg.rf.bae5dcadc55827208cde018b89407804.jpg,1
Mekele_2022_R3C3_7000_7500_0_500_jpg.rf.cba1044ebc4186a5ecb37eafff6c0dce.jpg,1
tyrol-w21-96-_png_jpg.rf.2f7cf3a5dfebb84b9e0c44d65dc16a6e.jpg,1
Mekele_2022_R3C2_9500_10000_0_500_jpg.rf.0377692fe30e27034429a89b22624add.jpg,1
tyrol-w21-84-_png_jpg.rf.40ae1bf0c06bd794d445a4478d4ccfd2.jpg,1
tyrol-w21-77-_png_jpg.rf.5eaee26af3d69231eff89a2cd589ea0e.jpg,1
Mekele_2022_R3C2_0_500_14000_14500-Copy_jpg.rf.a8a310857a8b56da4103517d4c506ddd.jpg,1
tyrol-w21-39-_png_jpg.rf.ff246ac355bc6f34ffa4a26bbbbaeba9.jpg,1
Mekele_2022_R4C1_13000_13500_15000_15500_jpg.rf.501c4d850d7b8124212b15f90a40417d.jpg,1
Mekele_2022_R3C3_8000_8500_1500_2000_jpg.rf.a6a7422d87c0dfef69a581c94c34dd11.jpg,1
Mekele_2022_R3C2_9000_9500_0_500_jpg.rf.80f78b5748c6a4f5a2de6e668b4ca2f5.jpg,1
Mekele_2022_R3C2_7500_8000_0_500-Copy_jpg.rf.9b10fe78ca4fa95317751889b9f691e8.jpg,1
Mekele_2022_R3C2_9500_10000_1000_1500_jpg.rf.548c7624fbc3c48f87003dfa869e2e02.jpg,1
tyrol-w21-61-_png_jpg.rf.c56c63cb8dd974bed13a51be1045c218.jpg,1
Mekele_2022_R3C3_500_1000_0_500_jpg.rf.1b40b46c51fd077671830ba61b1aa608.jpg,1
tyrol-w21-85-_png_jpg.rf.0e9a9bab4dd85b887fee5b969e7644f1.jpg,1
tyrol-w21-78-_png_jpg.rf.1915b9d6099cab088e164fb5ee6b4018.jpg,1
tyrol-w21-55-_png_jpg.rf.efe9a1916fe48992c3ff288d2b303ff6.jpg,1
Mekele_2022_R3C2_9500_10000_6500_7000_jpg.rf.4dd38a03dd73aef180fa87f37c786a3c.jpg,1
Mekele_2022_R3C2_7000_7500_8000_8500-Copy_jpg.rf.f3f77f686cd6fd7ff95593a0c8b392a4.jpg,1
Mekele_2022_R4C1_15500_16000_15000_15500_jpg.rf.f63a4e06ebfbb255ae6eda9ba00f6f08.jpg,1
Mekele_2022_R3C2_9000_9500_500_1000_jpg.rf.6b4eb4dd40b197de65034f703aae4e7a.jpg,1
tyrol-w21-76-_png_jpg.rf.89ce5014ec90b3140283c28916393f08.jpg,1
Mekele_2022_R4C1_15000_15500_15000_15500_jpg.rf.330cf6b9425319989d133fa73149b829.jpg,1
tyrol-w21-62-_png_jpg.rf.5fe7cb68e2a64dfc57291a5f50b46d0c.jpg,1
Mekele_2022_R3C3_0_500_0_500_jpg.rf.97cbf626ad7f2ab117f3e135873b9ef3.jpg,1
tyrol-w21-57-_png_jpg.rf.12ac457a748bbec5bf6edcad3254dcaa.jpg,1
Mekele_2022_R3C3_0_500_500_1000_jpg.rf.25ae0888e2587d85a39be3df63d5cc1a.jpg,1
tyrol-w21-56-_png_jpg.rf.e3a8971ad0cb66e73b05fbec3b6ece71.jpg,1
Mekele_2022_R3C3_10000_10500_1500_2000_jpg.rf.6db5eedfb5a35d5eef96a03ba3cca8de.jpg,1
Mekele_2022_R4C1_4000_4500_3000_3500_jpg.rf.fd5e71915dfa0a6e7c71af42d9ec77c8.jpg,1
tyrol-w20-71-_png_jpg.rf.f8b5866a1efefa836fc375e240dd236f.jpg,1
tyrol-w21-94-_png_jpg.rf.ddd95af2e86f9cf5219fe43373166bc1.jpg,1
Mekele_2022_R2C2_12500_13000_9500_10000_jpg.rf.42cbecc169f027b0fe20deb2399c5ef9.jpg,1
Mekele_2022_R4C1_4000_4500_3500_4000_jpg.rf.aae6f4118ed69b6b917e6994d5ac350c.jpg,1
Mekele_2022_R3C2_9500_10000_7000_7500_jpg.rf.33acbdb4c84f0f3f195403b2718b77bf.jpg,1
Mekele_2022_R3C2_9000_9500_2500_3000_jpg.rf.8c4e7b7ded0d0f48c3282e2668c92e4f.jpg,1
Mekele_2022_R4C1_15500_16000_15500_16000_jpg.rf.0292bacaf6f57c446601705081955664.jpg,1
tyrol-w21-66-_png_jpg.rf.0f4f715f26a8a628526541995e3722c0.jpg,1
tyrol-w21-67-_png_jpg.rf.c54f339ab638a0ff36df2d7aba42fc92.jpg,1
Mekele_2022_R4C1_4500_5000_3500_4000_jpg.rf.fdf947c4ce29b4b51c0423d969649ff4.jpg,1
tyrol-w21-86-_png_jpg.rf.dd49d770f1479912c57d5e181c954199.jpg,1
Mekele_2022_R3C2_9500_10000_8000_8500_jpg.rf.b7bc5c3fc47bdc1cf5238f8d79e5aaa5.jpg,1
tyrol-w21-64-_png_jpg.rf.bbf87ac7f1896752dd101e6cbbc81dfc.jpg,1
Mekele_2022_R4C1_16000_16500_16000_16500_jpg.rf.7ee4e5e3c142f0c110c8ac93133b4d81.jpg,1
tyrol-w21-9-_png_jpg.rf.a3775224a13ce4e013e88ad044eabf5a.jpg,1
tyrol-w21-25-_png_jpg.rf.d4d6746623b06a4296c226fbaa6ed0d6.jpg,1
tyrol-w21-65-_png_jpg.rf.a66215984722d928de38dfc7274502c8.jpg,1
Mekele_2022_R3C2_9500_10000_9500_10000_jpg.rf.ab922ca4069b7555bf50b4018744b54a.jpg,1
tyrol-w21-90-_png_jpg.rf.c0a779c9c6cee24262f012f00354d170.jpg,1
tyrol-w21-87-_png_jpg.rf.32bb845e989ba27532c4e09991dcd09a.jpg,1
tyrol-w21-38-_png_jpg.rf.c25c661420cfefdb88181dfb4a20d533.jpg,1
tyrol-w2-52-_png_jpg.rf.9939e900edbbe2370f0ce619c5481498.jpg,1
Mykolaiv_2022_A_1_R5C4_500_1000_9000_9500_jpg.rf.2aeaaf3619bfeff0ddb99c00a8dc8105.jpg,1
tyrol-w28-66-_png_jpg.rf.d9b9618e42c7cbf3a98699e37c31b255.jpg,0
Mykolaiv_2022_A_1_R5C4_0_500_8500_9000_jpg.rf.337bc6bb987ac5ab086fbd554a6ed61b.jpg,1
tyrol-w28-78-_png_jpg.rf.b4e21471de40611620c47d625cbb682f.jpg,1
Mykolaiv_2022_A_1_R5C5_2000_2500_1500_2000_jpg.rf.bf3055028b165bef0d5e01dfdb621620.jpg,1
Tripoli_2022_R1C1_13500_14000_3500_4000_jpg.rf.1bc97743ba6e55e293fdbce58ca1924c.jpg,1
tyrol-w28-86-_png_jpg.rf.4581bfcd19206b87bd357deb18af2b97.jpg,0
Tripoli_2022_R1C1_10500_11000_7500_8000_jpg.rf.100c141887312c53bc31513c476ae21a.jpg,1
Tripoli_2022_R1C1_12000_12500_13500_14000_jpg.rf.5a8cb6be21a095bbb755b4a1205948ef.jpg,1
Tripoli_2022_R1C1_10000_10500_6500_7000_jpg.rf.69a46217944a54f4ab48483cfdc4ad6c.jpg,1
tyrol-w28-8-_png_jpg.rf.b46b30b453024c047b9fdbd76ce22835.jpg,1
Tripoli_2022_R1C1_13500_14000_4500_5000_jpg.rf.7ed9d07f7561bd898860d65dcf421b4b.jpg,1
Tripoli_2022_R1C1_11000_11500_6000_6500_jpg.rf.74fab14609da858f138c17f6ff11002a.jpg,1
tyrol-w28-81-_png_jpg.rf.ab7c4f7ef1e26d60cc21a5a381adbc97.jpg,0
tyrol-w28-92-_png_jpg.rf.d9d9a623a4e6ac377a429caaabe35ecc.jpg,1
tyrol-w28-79-_png_jpg.rf.462a33ad0a5f2a34c4487fc74e16aede.jpg,1
Mykolaiv_2022_A_1_R5C4_0_500_9000_9500_jpg.rf.da00cc666ae34ddf41dbb714428e1773.jpg,1
tyrol-w28-67-_png_jpg.rf.50d75baec63e3f1a554cda288afdd4f2.jpg,1
tyrol-w28-95-_png_jpg.rf.7b735b213a10434171f6ebca7d12368a.jpg,1
Mykolaiv_2022_A_1_R5C4_1000_1500_5500_6000_jpg.rf.593d485d52b240173833f51f82422298.jpg,1
Tripoli_2022_R1C1_13000_13500_13500_14000_jpg.rf.261935946d8b4bacba09e4ffcaff3351.jpg,1
tyrol-w28-83-_png_jpg.rf.31846939ddb08f6754b4af4e0ff4a963.jpg,1
tyrol-w28-85-_png_jpg.rf.bbd4a436416a744953ac2d1055a576d8.jpg,1
Tripoli_2022_R1C2_7500_8000_4500_5000_jpg.rf.e02b1799de792f164d4446424784c533.jpg,1
Tripoli_2022_R1C1_13500_14000_10500_11000_jpg.rf.e1165ee751e3b3282087e5c35fff5f81.jpg,1
tyrol-w28-7-_png_jpg.rf.7aedd1e191f78730414a887b3d2dd842.jpg,0
Tripoli_2022_R1C1_14000_14500_10500_11000_jpg.rf.ea7a67336e940b33012251993c2d18df.jpg,1
tyrol-w29-40-_png_jpg.rf.af438a1df371fd7158005b7fa7f49849.jpg,1
Tripoli_2022_R1C3_10000_10500_5000_5500_jpg.rf.bb02943a155815249cee28bd61b16ee2.jpg,1
tyrol-w29-39-_png_jpg.rf.c9cdf82572e5deb32dd94c8c53a61fc7.jpg,1
tyrol-w29-4-_png_jpg.rf.e1bc877bf167580eea9ad25bdf8570e1.jpg,0
Tripoli_2022_R1C3_10500_11000_11500_12000_jpg.rf.f11228bc8cdcd4de725e2e3d042f2e6d.jpg,1
tyrol-w28-70-_png_jpg.rf.7c9fa1ae4e6b1dade6604094a3a0b5e2.jpg,1
Tripoli_2022_R1C1_14000_14500_12000_12500_jpg.rf.dbe4935ea9eb5541617a4bdc29d8df30.jpg,1
Tripoli_2022_R1C1_14000_14500_12500_13000_jpg.rf.e37357151cb94b93db77bbec0c7bb405.jpg,1
Mykolaiv_2022_A_1_R5C4_1000_1500_6500_7000_jpg.rf.73b70545a5bca49c20917e5c859143c0.jpg,1
Mykolaiv_2022_A_1_R5C4_1500_2000_15500_16000_jpg.rf.ae4c3aab0919212e974cda1ec28467ce.jpg,1
Tripoli_2022_R1C2_7500_8000_15000_15500_jpg.rf.d9a9d23d721b7cec2277efc0c4b58035.jpg,1
tyrol-w28-72-_png_jpg.rf.2d24c92ed9a6a74aa2897c7886189333.jpg,1
tyrol-w28-98-_png_jpg.rf.c6854e47fdc3c4cd80f014018201eb5e.jpg,0
tyrol-w29-50-_png_jpg.rf.9b6b0ad46730494fe9ad907a9bd6b128.jpg,1
Tripoli_2022_R1C2_7500_8000_13500_14000_jpg.rf.a0313da634ca77ee41d49d04e0cce6cb.jpg,1
Mykolaiv_2022_A_1_R5C4_1500_2000_7000_7500_jpg.rf.528739ca43f4fa986ebba33971fdba78.jpg,1
tyrol-w28-96-_png_jpg.rf.5a60f7b5616f4c09bd2d686701e30b50.jpg,0
Tripoli_2022_R1C1_14000_14500_2000_2500_jpg.rf.891aaab6225c53e9e470a3c3f89d9815.jpg,1
tyrol-w29-12-_png_jpg.rf.d8bc29a2be089bc6e66320fdf2b1fc4d.jpg,1
Mykolaiv_2022_A_1_R5C4_3000_3500_16000_16500_jpg.rf.17f2c815b96ec8415dda4d6b17aa530a.jpg,1
Mykolaiv_2022_A_1_R5C4_2500_3000_11500_12000_jpg.rf.d03e0f54c5830351e75fea5dd4d3fce2.jpg,1
Mykolaiv_2022_A_1_R5C4_1500_2000_6500_7000_jpg.rf.773a541e9ebf820281c39903e3f06869.jpg,1
Tripoli_2022_R1C1_14000_14500_13500_14000_jpg.rf.0c4e75929e417398e893a5c83007023a.jpg,1
tyrol-w28-99-_png_jpg.rf.a35f58a39d006f8cc6947bcdca38d474.jpg,1
tyrol-w29-6-_png_jpg.rf.39a30acd97abf572f472a8b3068435a3.jpg,1
Tripoli_2022_R1C1_14500_15000_2000_2500_jpg.rf.58b47b122b45c0fd4c90d6fce1eaf9eb.jpg,1
austin19-91-_png_jpg.rf.73bf1f585500e16c28f8c92ed04906d0.jpg,1
Tripoli_2022_R1C1_14500_15000_4000_4500_jpg.rf.83d35dd54c535a79180b690a73eb8c58.jpg,1
tyrol-w29-13-_png_jpg.rf.c9ca6675809bdfe8df4e70976bf95010.jpg,1
Tripoli_2022_R1C3_12500_13000_10500_11000_jpg.rf.7509f82bf29ba81068c4d180b454533b.jpg,1
Mykolaiv_2022_A_1_R5C4_500_1000_8500_9000_jpg.rf.35ba0330dc5073b528009e40cddef99e.jpg,1
Tripoli_2022_R1C3_10500_11000_15000_15500_jpg.rf.85e619c0c9f5a8523ad4e35a3a5fd126.jpg,1
Tripoli_2022_R1C3_16000_16500_10000_10500_jpg.rf.3ceff9d7abd6dcd691dc20dacd8e85b4.jpg,1
tyrol-w28-73-_png_jpg.rf.1659cb952421e25dfc6d8cee2d0c7c47.jpg,1
Mykolaiv_2022_A_1_R5C4_8500_9000_9000_9500_jpg.rf.b9252379901bd36a37664a7658433de4.jpg,1
Tripoli_2022_R1C3_11000_11500_11500_12000_jpg.rf.47af9eca310ecc17eef71d7e5f38510b.jpg,1
tyrol-w29-55-_png_jpg.rf.b32a7490899b8b423f21310cd36a6a20.jpg,1
Tripoli_2022_R1C3_16000_16500_4000_4500_jpg.rf.b3b3ae6f425aa5a7ca8ac85a62a5bc91.jpg,1
tyrol-w28-84-_png_jpg.rf.a335ba4f3ae02ea18fc175aab6843149.jpg,1
Tripoli_2022_R1C2_8000_8500_5500_6000_jpg.rf.dd9b8fdf281292f1bad5791ba9d7f732.jpg,1
Tripoli_2022_R1C1_14000_14500_15000_15500_jpg.rf.7ab0462fcd3780cf88d23f1b15ffdd37.jpg,1
Tripoli_2022_R1C1_13000_13500_9500_10000_jpg.rf.e05a36ee1c86d330544ec551e5f6f53f.jpg,1
Tripoli_2022_R1C3_6500_7000_6500_7000_jpg.rf.2693058c0f6055890a258197e06d2829.jpg,1
tyrol-w29-58-_png_jpg.rf.6bd2e5bb8d48a9214beb037479f7db53.jpg,1
tyrol-w29-49-_png_jpg.rf.3f9c70cc6d311f6b3fd5986afe869af1.jpg,1
Tripoli_2022_R1C2_6500_7000_16000_16500_jpg.rf.30a4e872a9cfd9ce7fd72569203c18cf.jpg,1
Tripoli_2022_R1C1_5500_6000_11000_11500_jpg.rf.a4b87431b2e682d711b5952546fc5708.jpg,1
Tripoli_2022_R1C2_9500_10000_7500_8000_jpg.rf.7c147825349c794cd5fbb66affee6390.jpg,1
tyrol-w29-57-_png_jpg.rf.1b72cf09dd36de0e732b26c65efbab96.jpg,1
tyrol-w29-60-_png_jpg.rf.87bae5b4ede6eae48b2ed4a50f1eff3f.jpg,1
tyrol-w28-88-_png_jpg.rf.8463347c7b0f2f1bef1d0b2c23923e4b.jpg,1
Tripoli_2022_R1C1_7000_7500_11500_12000_jpg.rf.72230547a3da0cbff3e88939c40f8a35.jpg,1
tyrol-w29-38-_png_jpg.rf.d19ce9ca51c0869a709b3e748f14ed9c.jpg,1
Tripoli_2022_R1C2_9500_10000_3000_3500_jpg.rf.325c9fcb0455174ab5a46b68b9ca5ddd.jpg,1
tyrol-w29-51-_png_jpg.rf.3e92f873a1e40f0403246fef54f8bd02.jpg,1
Tripoli_2022_R1C2_9500_10000_8500_9000_jpg.rf.561180375673da06b2f089e17e827b44.jpg,1
tyrol-w29-59-_png_jpg.rf.c1cd4094b04aeb57f3c050d8f3ee277f.jpg,1
tyrol-w29-14-_png_jpg.rf.fd2ebfb783e3aaaccf8c9a52f46be326.jpg,0
Tripoli_2022_R1C3_13500_14000_15000_15500_jpg.rf.2a850b34590565bfe32410a0a0453f79.jpg,1
Tripoli_2022_R1C2_8000_8500_8000_8500_jpg.rf.d23cc2fd7304beccc4e6d41afc376f95.jpg,1
Tripoli_2022_R1C2_9500_10000_3500_4000_jpg.rf.05392afc7c721b9fa28b3d8b69aaaaf8.jpg,1
austin19-93-_png_jpg.rf.b569626fe99641cd7b59a19f255630cc.jpg,1
tyrol-w29-47-_png_jpg.rf.c1097a2ada40ed708aae4f9398c7b185.jpg,1
Tripoli_2022_R1C2_8500_9000_11500_12000_jpg.rf.512984d9a7cc1f2b2c7dab2ad2224fa0.jpg,1
Tripoli_2022_R1C3_15500_16000_5500_6000_jpg.rf.9033b0aef55fb81624915b878195610a.jpg,1
Donetsk_2022_R5C7_11000_11500_3500_4000_jpg.rf.1d373d1bfa2b7d215af497741ac5c95d.jpg,1
tyrol-w29-10-_png_jpg.rf.b3e3dcec60455240e08242e2fa50283a.jpg,1
Donetsk_2022_R5C7_1000_1500_2000_2500_jpg.rf.79c21c42af2b17aaae377f552566d547.jpg,1
Kharkiv_2022_A_1_R2C3_5500_6000_9000_9500_jpg.rf.9c6b4a431f0c4cd62710fa8ceec1e1c6.jpg,1
Kharkiv_2022_A_1_R2C3_5500_6000_10000_10500_jpg.rf.3a43319671dee6640d5e8cb812f93780.jpg,1
chicago8-99-_png_jpg.rf.69b88eacd16242c3f7f0f0039cd9f391.jpg,1
Kharkiv_2022_A_1_R2C3_6000_6500_9000_9500_jpg.rf.765648ffa7304b9c198a9411e457c501.jpg,1
chicago9-10-_png_jpg.rf.9435382df5cbf2f60d543b9244898725.jpg,1
chicago9-100-_png_jpg.rf.99b162b3bab0e49a9cb1195eef1f774a.jpg,1
Kharkiv_2022_A_1_R2C3_6000_6500_9500_10000_jpg.rf.afb56cbcd2f354f2d06edd72376c067b.jpg,1
chicago9-11-_png_jpg.rf.f899709cb7a0990c3df897c2ca52dc75.jpg,1
chicago9-20-_png_jpg.rf.0edb38e97027ef8ee6079554de23d2f7.jpg,1
Kharkiv_2022_A_1_R2C4_10000_10500_5000_5500_jpg.rf.878dd7bda7f291de05b83e7617a796d3.jpg,1
Kharkiv_2022_A_1_R2C4_10000_10500_4000_4500_jpg.rf.ff053ead9f8fecdcd62ef77591a805c8.jpg,1
Kharkiv_2022_A_1_R2C4_10000_10500_4500_5000_jpg.rf.57fc089f93ef280014c24a45beb0f995.jpg,1
chicago9-25-_png_jpg.rf.62d64ae93e3802ca74d664974877d2fc.jpg,1
chicago9-21-_png_jpg.rf.cb3898632f7607b4ed903586cef5deeb.jpg,1
Kharkiv_2022_A_1_R2C3_9000_9500_10500_11000_jpg.rf.271e2cdbd858664db3fc492919da136d.jpg,1
Kharkiv_2022_A_1_R2C4_10000_10500_8500_9000_jpg.rf.f1d30805355eb3aa9f442718b5842847.jpg,1
Kharkiv_2022_A_1_R2C3_9500_10000_8000_8500_jpg.rf.6b505f606883b29af4f503fee3d6326d.jpg,1
Kharkiv_2022_A_1_R2C4_1000_1500_6000_6500_jpg.rf.7925b08007dc965701c827784ef84405.jpg,1
chicago9-28-_png_jpg.rf.e3f846fd752f4d31e52387a694e95e14.jpg,0
chicago9-19-_png_jpg.rf.e30114c81d0bc0ef3706d02703d7174a.jpg,1
Kharkiv_2022_A_1_R2C4_1000_1500_9500_10000_jpg.rf.b4b446abe50c507bb802215357708f2b.jpg,1
Kharkiv_2022_A_1_R2C3_8000_8500_8500_9000_jpg.rf.40e1220ce4d913e8727f03ed47e80476.jpg,1
chicago9-30-_png_jpg.rf.82f24a91a82068383eda3d495666adcc.jpg,1
Kharkiv_2022_A_1_R2C4_1000_1500_5000_5500_jpg.rf.fbbf0e35d19ec7db337aeac53b67352b.jpg,1
chicago9-18-_png_jpg.rf.94da0de229e4779bdd4874b35981e627.jpg,0
chicago9-29-_png_jpg.rf.9c093158353757aa579945d9999ee83a.jpg,1
Kharkiv_2022_A_1_R2C4_1000_1500_10000_10500_jpg.rf.e0cfb7ccbb984ac90b4c5a8b50e35e7c.jpg,1
Kharkiv_2022_A_1_R2C3_8000_8500_7500_8000_jpg.rf.c333d0903f05463793c6c9a559f7c038.jpg,1
Kharkiv_2022_A_1_R2C4_10500_11000_0_500_jpg.rf.e981e845cbd4e9a8742bfb3510d512fd.jpg,1
chicago9-12-_png_jpg.rf.52d4b1a2e587ef2ad9bbdc7958936f60.jpg,1
chicago9-16-_png_jpg.rf.5bb488b7af2d53569dd679ca74d11a74.jpg,1
Kharkiv_2022_A_1_R2C3_8500_9000_9500_10000_jpg.rf.6c7346390de789dd4956ce26e21f5804.jpg,1
Kharkiv_2022_A_1_R2C3_8000_8500_9000_9500_jpg.rf.4eb2489bf10d117c021e777b2991d34e.jpg,1
chicago9-31-_png_jpg.rf.5fb813c2143b0541ea3d35033755dbfa.jpg,1
chicago9-34-_png_jpg.rf.a6465a58f512d15070101b615d81e4f4.jpg,1
Kharkiv_2022_A_1_R2C4_1000_1500_6500_7000_jpg.rf.2934e4d97d12b577b17e2939633801a9.jpg,1
Kharkiv_2022_A_1_R2C4_12500_13000_12500_13000_jpg.rf.4d71405b3f25756f8a0c5a65038de4e5.jpg,1
chicago9-27-_png_jpg.rf.577c373c029c84c2b7d8ad87ca8ab0ff.jpg,0
chicago9-33-_png_jpg.rf.6bb079abbe377ae4fdbdaaf57e0d5dcc.jpg,1
chicago9-3-_png_jpg.rf.72349737e64151b12f093f1e3c246a7b.jpg,1
chicago9-35-_png_jpg.rf.a60e7cf471eb6511364ce61b1c6d3a85.jpg,1
chicago9-48-_png_jpg.rf.4556f754697d5d99f687767b36b98093.jpg,1
Kharkiv_2022_A_1_R2C4_1500_2000_9000_9500_jpg.rf.8ed5b3d836b420a3472fd839ee611302.jpg,1
chicago9-5-_png_jpg.rf.98b590bc47a5758a9a788d904a62099f.jpg,1
Kharkiv_2022_A_1_R2C4_15500_16000_12000_12500_jpg.rf.dbaa119750074fea74b0769e58fc6f6a.jpg,1
chicago9-36-_png_jpg.rf.1a9bea5a00e5d1834c122208691c284a.jpg,0
Kharkiv_2022_A_1_R2C4_13500_14000_11500_12000_jpg.rf.b454c137b92b9d6d753f0a33954b98bc.jpg,1
Kharkiv_2022_A_1_R2C4_14000_14500_12500_13000_jpg.rf.eb78c326ab8be06b56f409957d1456b4.jpg,1
Kharkiv_2022_A_1_R2C4_13500_14000_1000_1500_jpg.rf.f287a4d9f1e3474346664dde1a5cb221.jpg,1
chicago9-49-_png_jpg.rf.295b1caa97148071afface6f986e5ab7.jpg,1
Kharkiv_2022_A_1_R2C4_15500_16000_10500_11000_jpg.rf.8e577fad9edbb4bb31b11aa533b33210.jpg,1
chicago9-41-_png_jpg.rf.e43c7542d9b72032fc9e0e9e55b579bf.jpg,1
Kharkiv_2022_A_1_R2C4_15000_15500_7500_8000_jpg.rf.48cf9d1fbda5cc347540452079c1d72f.jpg,1
Kharkiv_2022_A_1_R2C4_1500_2000_7000_7500_jpg.rf.5dfaa0c442a58c1ce772cffebc9ee837.jpg,1
Kharkiv_2022_A_1_R2C4_1500_2000_4500_5000_jpg.rf.7d9d7321948f669ebe8b0cfc4af91580.jpg,1
Kharkiv_2022_A_1_R2C4_1500_2000_5000_5500_jpg.rf.8a5eb49f06374b38eeb0a652a79a572a.jpg,1
chicago9-38-_png_jpg.rf.e0d6d56c5f68449c3d0d535efee3587d.jpg,0
Kharkiv_2022_A_1_R2C4_1500_2000_12000_12500_jpg.rf.eb436f9590ceebaff0635d9d52e01850.jpg,1
chicago9-42-_png_jpg.rf.61b48a44c33906b70c9935949a252d16.jpg,1
chicago9-37-_png_jpg.rf.a41e2185b8e8e8064ad134e6700dfec9.jpg,0
chicago9-43-_png_jpg.rf.008e368b37c69624636294dad8c05f48.jpg,1
austin17-99-_png_jpg.rf.ed0a47fdb6948a50f50540443931cdc1.jpg,1
Donetsk_2022_R5C6_10000_10500_5500_6000_jpg.rf.4a2d3cf2ed1d4a5c6c0f0e862bdc52f9.jpg,1
Kharkiv_2022_A_1_R2C4_1500_2000_8000_8500_jpg.rf.9be0ca093bd59c1f51d3dd1b060c2409.jpg,1
Kharkiv_2022_A_1_R2C4_1500_2000_7500_8000_jpg.rf.1e028fafa5fb68d49c6c268d5ecbcb28.jpg,1
Donetsk_2022_R5C4_1000_1500_15000_15500_jpg.rf.4bf9342720c20568b7f83c1d2170e8ab.jpg,1
Donetsk_2022_R5C6_8000_8500_5000_5500_jpg.rf.e860ca2710af1b8911b274e4163c6ea7.jpg,1
Donetsk_2022_R1C8_10000_10500_1500_2000_jpg.rf.5e6e9a0e085a8bb7e2549365553f1beb.jpg,1
Donetsk_2022_R5C9_7000_7500_13500_14000_jpg.rf.17051e5e041ebbe1e6323e262b04c90f.jpg,1
austin19-8-_png_jpg.rf.838188438434f4ee26e33866ae09bcba.jpg,1
chicago10-68-_png_jpg.rf.a2e8292e4f2238225ffd8aea246d75e2.jpg,1
austin17-41-_png_jpg.rf.e3cc9bc10d41839d3c8d05871520ac04.jpg,1
Kherson_2022_V2_R2C11_1500_2000_7500_8000_jpg.rf.f59db01c55f137d272a2206d6ce8fc1c.jpg,1
Kherson_2022_V2_R4C2_2500_3000_14500_15000_jpg.rf.bbb534542b4e54ca9c1319c97bcc2341.jpg,1
Kharkiv_2022_A_1_R3C5_14000_14500_3000_3500_jpg.rf.72158d212d5c2c63cd5d6553a38a80f5.jpg,1
Donetsk_2022_R5C4_12000_12500_13500_14000_jpg.rf.8967e6947b6e62ae25e63aa535690f09.jpg,1
Kherson_2022_V2_R4C3_10500_11000_6000_6500-Copy_jpg.rf.0c392c5049faae4e013e3195eee8f929.jpg,1
Kherson_2022_V2_R4C2_5500_6000_11000_11500_jpg.rf.7c9a09de4e58546bfa6571d454f60f9c.jpg,1
Kherson_2022_V2_R3C8_12500_13000_6500_7000_jpg.rf.ab0506d79b75363279782974e46ee75f.jpg,1
Kharkiv_2022_A_1_R2C5_500_1000_9000_9500_jpg.rf.df54ff9f50c5f820ed06eff5dc88b9be.jpg,1
austin20-19-_png_jpg.rf.6f84395de5c8bc11d615d1ef06e2af62.jpg,1
chicago10-22-_png_jpg.rf.53aa42a9c3105960aaa25458b09b4f6b.jpg,1
Donetsk_2022_R5C8_12000_12500_15000_15500-Copy_jpg.rf.0bdf0f0ae60b0c4b5d687a8946ce93d9.jpg,1
austin20-17-_png_jpg.rf.af93df3fb96630115c2662f40bf33ad4.jpg,1
chicago8-8-_png_jpg.rf.be47a42f33c4e8ee3ef99e85bdc332ea.jpg,1
Donetsk_2022_R5C7_14000_14500_5000_5500_jpg.rf.33108af8110f13d952c155f6f13ead04.jpg,1
Donetsk_2022_R5C7_14000_14500_6000_6500_jpg.rf.cf7029a67fb4e8f2c8be3fa032fcc829.jpg,1
austin20-1-_png_jpg.rf.993612616fc899f32b8b44acee1789d3.jpg,1
tyrol-w20-47-_png_jpg.rf.98107f77a07e2ddbf6efdaf173c562ad.jpg,0
chicago6-29-_png_jpg.rf.f50589675d05d9b9aa5cff62437b30b8.jpg,1
Donetsk_2022_R6C4_1000_1500_2500_3000-Copy_jpg.rf.34bbc632cfb6beb8553c6bbfa7713602.jpg,1
austin19-89-_png_jpg.rf.73e938e24be6e8e613fcad67959ca490.jpg,0
Kherson_2022_V2_R3C10_13000_13500_10000_10500_jpg.rf.8cd41b19a182b9280e4e247d21ce9489.jpg,1
chicago6-89-_png_jpg.rf.cfef825d765712058a98603d8253c24a.jpg,1
Kharkiv_2022_A_1_R1C2_1500_2000_7500_8000_jpg.rf.f06ed5b79ac7c07b89791dba40603b6c.jpg,1
Donetsk_2022_R5C7_4000_4500_2500_3000_jpg.rf.ebc8bca64f35701002cd4c09dfba0c9b.jpg,1
Donetsk_2022_R1C10_6000_6500_0_500_jpg.rf.b67b4251eca18c1bd7e00bd8de217371.jpg,1
austin20-41-_png_jpg.rf.a105103ef8733b8cb44d3baedba92e7a.jpg,1
Donetsk_2022_R6C5_9000_9500_7500_8000_jpg.rf.dad246cf3c96f84ec6cc29a190da4a9f.jpg,1
Donetsk_2022_R5C7_15500_16000_12500_13000_jpg.rf.e6dfa113d6eba950d2e13ad878e387cb.jpg,1
austin16-59-_png_jpg.rf.fff29553435d9600db3c172b2b1f5644.jpg,1
Donetsk_2022_R5C7_3500_4000_2000_2500_jpg.rf.5d061411a8c5be4f95bf526ff2e42850.jpg,1
okutama_04_90_009_png_jpg.rf.0587350dffcb3d3a339ffbbf26441ec1.jpg,1
austin20-88-_png_jpg.rf.509a8301a4add9d249cb4639ccd5dcbe.jpg,1
Donetsk_2022_R6C4_8000_8500_2000_2500-Copy_jpg.rf.991464865fb0d93246e3e8914b39e223.jpg,1
Donetsk_2022_R5C7_15500_16000_11500_12000_jpg.rf.a0fe26d36501268bef49ba6613e32dff.jpg,1
austin20-15-_png_jpg.rf.7a9a3b97823bf76df937669932ec62d0.jpg,1
tyrol-w19-91-_png_jpg.rf.0d4d134dd0d4eaf93c185648dd398dbc.jpg,1
tyrol-w2-6-_png_jpg.rf.3df1faafcde081fd83d163f408d1f13d.jpg,1
tyrol-w20-95-_png_jpg.rf.3e5c2bb8b56062ea5e377d28c3545484.jpg,0
Donetsk_2022_R1C7_6500_7000_11500_12000_jpg.rf.635d59da60b43a702884f2a6a61ee1bd.jpg,1
tyrol-w21-89-_png_jpg.rf.75a24ac9dcf1ed98553301908db837e0.jpg,1
Donetsk_2022_R5C7_4500_5000_1500_2000_jpg.rf.83ecb5aa10ab7887ef2977881aad277b.jpg,1
Tripoli_2022_V2_R3C5_2500_3000_4000_4500_jpg.rf.9aab9e5ff8d77eef169af1ae5583f09e.jpg,1
tyrol-w21-16-_png_jpg.rf.c1daede22236a96e69afe8672ea51259.jpg,1
tyrol-w2-63-_png_jpg.rf.c341cc52bde035d167514572c66332cf.jpg,1
Donetsk_2022_R1C7_12000_12500_2000_2500_jpg.rf.c6224e5988e6bf0e36e8c9ee96361bee.jpg,1
Donetsk_2022_R5C7_3500_4000_3000_3500_jpg.rf.632a23575a53772f1cca3af2827516b7.jpg,1
Kharkiv_2022_A_1_R2C5_500_1000_8500_9000_jpg.rf.6eaf843ed4810346968a6797c2dc0024.jpg,1
Kharkiv_2022_A_1_R1C2_1500_2000_9500_10000_jpg.rf.315196187767ae664d4853296df9e464.jpg,1
Donetsk_2022_R1C8_10000_10500_2500_3000_jpg.rf.82cda531d7969d287717352fed65f11b.jpg,1
Kharkiv_2022_A_1_R2C5_500_1000_10000_10500_jpg.rf.cbe06fa8dba897858d5eb5b4ba0b5641.jpg,1
Donetsk_2022_R5C7_2000_2500_2000_2500_jpg.rf.9529e6ac7cf65240e3b42ee3da316855.jpg,1
Donetsk_2022_R1C8_10500_11000_11000_11500_jpg.rf.63bc3237e12372742238a3570683d1d1.jpg,1
austin20-11-_png_jpg.rf.509aa364bb5de9a3b2d019f91d753225.jpg,1
austin20-100-_png_jpg.rf.4f76745f6f6540b8b6a31fad48e60f06.jpg,1
Donetsk_2022_R5C7_3500_4000_2500_3000_jpg.rf.e658c32fff802b90f992393ad7a0a117.jpg,1
tyrol-w1-14-_png_jpg.rf.0dc49748995957f8b7519d05e257cbf9.jpg,0
Donetsk_2022_R5C7_2000_2500_3000_3500_jpg.rf.5e57592d35402f48eebf4d1ea0a18f1f.jpg,1
tyrol-w1-17-_png_jpg.rf.81c6b578fa8557920f07e84a7b52190f.jpg,1
Donetsk_2022_R6C3_14000_14500_7000_7500_jpg.rf.9c630c5ee11585e7ae539c46363ed93e.jpg,1
austin20-59-_png_jpg.rf.be3af9f37f80fdd506bde79cc8ff91db.jpg,1
Kharkiv_2022_A_1_R2C5_6000_6500_12000_12500_jpg.rf.5f55b23b6bf35111935af3e80cbce0cd.jpg,1
Kharkiv_2022_A_1_R2C5_500_1000_9500_10000_jpg.rf.7533269c2687562e35f244451b1435e7.jpg,1
austin20-54-_png_jpg.rf.2ebbe3466326e00571e2b7f4c34bcee4.jpg,1
Donetsk_2022_R6C3_0_500_8500_9000_jpg.rf.c27e220c1163bf84247e5fa6aa6592fc.jpg,1
Donetsk_2022_R6C3_1000_1500_16000_16500_jpg.rf.77435df27a36570cfe32fb78dfdf7632.jpg,1
austin20-13-_png_jpg.rf.c988da04d244131b89297054c04c8c4b.jpg,1
austin20-61-_png_jpg.rf.92005a743645eba1ac2b8edc37bbec59.jpg,1
Donetsk_2022_R5C7_2500_3000_1500_2000_jpg.rf.a0553da7cca1553c484b094f89c1234b.jpg,1
Donetsk_2022_R6C3_1000_1500_10000_10500_jpg.rf.b7005215325665b4e8622a3f4fd4d0a9.jpg,1
austin20-57-_png_jpg.rf.a2444f934c9ae2be8482b4249a9931f2.jpg,1
Donetsk_2022_R6C3_14000_14500_6500_7000_jpg.rf.e80d3472c3bba5ed11a48763afd0a322.jpg,1
austin20-58-_png_jpg.rf.414cad3f9b809e035c4ab1f150d0cfaf.jpg,1
austin20-12-_png_jpg.rf.7eb7daad2e160de350aae69c7abf7d49.jpg,1
Donetsk_2022_R6C3_1000_1500_15500_16000_jpg.rf.c377190b5c80dc977ed8de9ddf292a68.jpg,1
austin20-56-_png_jpg.rf.e0dc3257e546ee4791e194d62c390b67.jpg,1
Donetsk_2022_R6C3_10500_11000_16000_16500_jpg.rf.d5f81e2e7e2845439dd18f9febc43802.jpg,1
tyrol-w28-14-_png_jpg.rf.1c58fe986403871c279f42078f822b13.jpg,0
Mykolaiv_2022_A_1_R4C4_15000_15500_10000_10500_jpg.rf.ef3fb4b41eb5d391e8cbdd964e4925e9.jpg,1
Donetsk_2022_R6C3_14500_15000_1000_1500_jpg.rf.ec3ee3f9236a4f82aa60e1d9da8689b0.jpg,1
tyrol-w28-16-_png_jpg.rf.cae12a263252bfcfc492f79fad41c140.jpg,0
tyrol-w28-100-_png_jpg.rf.fcb134438a21484c3ff74b94fd5209d2.jpg,1
Mykolaiv_2022_A_1_R4C4_15000_15500_8000_8500_jpg.rf.94cbb38759875dbfcfb2d7d03b412a54.jpg,1
Mykolaiv_2022_A_1_R4C4_15000_15500_9500_10000_jpg.rf.adb68a06d219527fa009210198bec53d.jpg,1
Mykolaiv_2022_A_1_R4C4_15000_15500_9000_9500_jpg.rf.6a4c8d88a3cd371b9f9465c8bc0812a5.jpg,1
tyrol-w28-19-_png_jpg.rf.0b6a6afa42102c19b8dcbe30d8c133ee.jpg,1
tyrol-w28-17-_png_jpg.rf.168d6d4b173c088afd80957c43132243.jpg,0
Mykolaiv_2022_A_1_R4C4_16000_16500_10500_11000_jpg.rf.ef32ae4156f54754770c7f5e9c3214c4.jpg,1
tyrol-w28-2-_png_jpg.rf.47c6e450972245adb088b228d7520a26.jpg,0
tyrol-w28-21-_png_jpg.rf.4046086d58d55bfe22835e2302e1d246.jpg,0
Mykolaiv_2022_A_1_R4C4_15500_16000_13500_14000_jpg.rf.71b7d07ceb58729516c775e958230613.jpg,1
Mykolaiv_2022_A_1_R4C4_16000_16500_11000_11500_jpg.rf.2c4ddd3dddaeee1ff182a13d66f5c555.jpg,1
Mykolaiv_2022_A_1_R4C4_15500_16000_9500_10000_jpg.rf.57a4aece5f0316472c5b5324959fe369.jpg,1
Mykolaiv_2022_A_1_R4C4_15000_15500_15500_16000_jpg.rf.a0c0f0638c5764c2985f1d05866a331d.jpg,1
tyrol-w28-15-_png_jpg.rf.4719b736451319cd3daf60d3193cfbd8.jpg,0
Mykolaiv_2022_A_1_R4C4_15500_16000_6000_6500_jpg.rf.a945621bdc4766520b94bb0803ecbea8.jpg,1
Mykolaiv_2022_A_1_R4C4_15500_16000_11500_12000_jpg.rf.2b70552aa8f6e1b16fedd302e16dc74d.jpg,1
chicago10-65-_png_jpg.rf.08fdd93d3658db9a390535244e145681.jpg,1
Donetsk_2022_R6C5_0_500_12000_12500_jpg.rf.3568eac9b5dfeeeaaf524429e45b00f0.jpg,1
Donetsk_2022_R6C4_9500_10000_7000_7500_jpg.rf.6b21de1001299327c749d438058e89b5.jpg,1
Donetsk_2022_R6C4_9500_10000_9000_9500_jpg.rf.ba28d9030ca679d27a3f8b18105943c5.jpg,1
chicago10-59-_png_jpg.rf.bbb3767838ff4c006ccc60c162f12b8f.jpg,1
Donetsk_2022_R6C4_9000_9500_9000_9500_jpg.rf.d014979cc527b2254bb12d45356cc53a.jpg,1
Mykolaiv_2022_A_1_R2C3_16000_16500_14500_15000_jpg.rf.f68622332ac33680bc9b230383c93f40.jpg,1
tyrol-w25-22-_png_jpg.rf.52269686ffe9c17064eb06a12fa11c22.jpg,1
chicago10-6-_png_jpg.rf.97e591aaa1090cf9aeb826de772f75bd.jpg,1
tyrol-w25-20-_png_jpg.rf.0d97741ef36bd6a41904f831dd0cd295.jpg,1
Mykolaiv_2022_A_1_R2C3_16000_16500_13500_14000_jpg.rf.8a45b5d232ba88058d2f8980dcba66df.jpg,1
tyrol-w25-2-_png_jpg.rf.6d83946b17d3380e48a51a114f6df86b.jpg,0
Mykolaiv_2022_A_1_R2C3_2000_2500_0_500_jpg.rf.8e4a5ba2b98a0d710652a3adb7270cc9.jpg,1
Mykolaiv_2022_A_1_R2C3_15000_15500_15000_15500_jpg.rf.6dae55a76d53fafd3a6693368ad55654.jpg,1
tyrol-w25-23-_png_jpg.rf.3da78c7f389f9592149615790f9f1bc2.jpg,1
Mykolaiv_2022_A_1_R2C3_15000_15500_14500_15000_jpg.rf.81558d4d42744b292d627897969c6139.jpg,1
Mykolaiv_2022_A_1_R2C3_4500_5000_0_500_jpg.rf.9b187019d9c106de5bf76fe47149cad2.jpg,1
Mykolaiv_2022_A_1_R2C3_16000_16500_11000_11500_jpg.rf.02733b231a4270c8d508560d0a9bd0be.jpg,1
tyrol-w25-25-_png_jpg.rf.39116bf699cbab917e7e2696d6863a76.jpg,1
tyrol-w25-24-_png_jpg.rf.53ec59f3db0e8c9e689adb5196189fba.jpg,0
Mykolaiv_2022_A_1_R2C3_15500_16000_14000_14500_jpg.rf.d359f2a2b8d629a05b688a14d06e2de6.jpg,1
tyrol-w25-3-_png_jpg.rf.193314109145c7627ed207187c1c7f41.jpg,0
tyrol-w25-29-_png_jpg.rf.bddcdfdd0e19e0ff6a5876306b52cba0.jpg,1
Mykolaiv_2022_A_1_R2C3_7500_8000_10500_11000_jpg.rf.38e1d8561cdb9a077e0fe6ab0b75b655.jpg,1
tyrol-w25-26-_png_jpg.rf.8599d778face8157bf82f61c90ff456c.jpg,1
Donetsk_2022_R3C10_12500_13000_10500_11000_jpg.rf.d88230ca83cf46e33696d27bdedd78d8.jpg,1
austin17-63-_png_jpg.rf.7a318cd440616ca4126e04e8117e66d1.jpg,1
Mykolaiv_2022_A_1_R2C3_15500_16000_12000_12500_jpg.rf.aa5a9f74953ea3bbb080e5586354abe4.jpg,1
Donetsk_2022_R3C10_2500_3000_500_1000_jpg.rf.0a0d519ffe5a233a8a7f0dca27ee3ef9.jpg,1
austin17-62-_png_jpg.rf.b14732d4786a60992e4d1a4c9c879cb1.jpg,1
tyrol-w29-17-_png_jpg.rf.d84a9a75ffc4379773be2d9de9520ad9.jpg,1
Tripoli_2022_R1C1_7000_7500_12000_12500_jpg.rf.cd246d8d094c8557ce8338934f1ac719.jpg,1
Donetsk_2022_R3C10_3000_3500_500_1000_jpg.rf.1dde583b1611345076295b45edbcf850.jpg,1
Donetsk_2022_R3C10_2500_3000_1000_1500_jpg.rf.926f6f8b95fab0149b95d54fd98935af.jpg,1
Donetsk_2022_R3C10_1000_1500_0_500_jpg.rf.b0b977511cae3a23bfe19315515425ef.jpg,1
tyrol-w29-19-_png_jpg.rf.ce6e1aeb63d4ffed9ff38a6064af702c.jpg,1
Tripoli_2022_R1C2_11500_12000_6500_7000_jpg.rf.b58fd8ec0e77ec346bc1514b9c52433c.jpg,1
tyrol-w29-16-_png_jpg.rf.7b7149565041e730658f6962a31e3035.jpg,1
tyrol-w29-20-_png_jpg.rf.23f8b30c94a708db8bf2a5d8d8ff9cb3.jpg,1
Tripoli_2022_R1C2_10500_11000_15000_15500_jpg.rf.cfe64adb01d2ad77bb87a804146892ce.jpg,1
Tripoli_2022_R1C2_11000_11500_6500_7000_jpg.rf.d7d7a07147ef19b1d9ecc260648fb658.jpg,1
tyrol-w29-21-_png_jpg.rf.3c0da3d074dd602a5723e8a61dba19c6.jpg,1
Tripoli_2022_R1C2_11500_12000_11000_11500_jpg.rf.a227db3332819241a0a17ef3523e5656.jpg,1
Tripoli_2022_R1C2_11000_11500_9000_9500_jpg.rf.faaae03d1c74e9ac649e4b599b233bf8.jpg,1
Mykolaiv_2022_A_1_R3C4_1000_1500_13000_13500_jpg.rf.3b6039fd931aaa9e3d9aac8ec86d5ae4.jpg,1
Mykolaiv_2022_A_1_R3C4_0_500_13000_13500_jpg.rf.0800758051f9a7ed0326bd2ca3e9d85b.jpg,1
Mykolaiv_2022_A_1_R3C4_0_500_14000_14500_jpg.rf.1ec1d0dd83a2dadad66ccad9fedf5bf9.jpg,1
tyrol-w27-1-_png_jpg.rf.7073a09a30c13042560c5853d733011e.jpg,0
Mykolaiv_2022_A_1_R3C4_0_500_16000_16500_jpg.rf.0d967f47948a6ce40f266ce904782441.jpg,1
tyrol-w27-11-_png_jpg.rf.578d8b0a43b4ddd4e88bfb85fa6df37e.jpg,0
Mykolaiv_2022_A_1_R3C4_1000_1500_11500_12000_jpg.rf.857b127aa0a1ac9f6955df28c749e86e.jpg,1
tyrol-w27-100-_png_jpg.rf.ad718adec837e26db8b776a66ea1bc8c.jpg,1
tyrol-w30-99-_png_jpg.rf.d5cc2196dbbb7750f164ded27ac2c4e5.jpg,1
tyrol-w27-66-_png_jpg.rf.ca3f759d6ca63ed7bef2f4e868ea5320.jpg,0
Mykolaiv_2022_A_1_R3C4_500_1000_12000_12500_jpg.rf.2cc4d3a09a43d00ed340216ba99d0c51.jpg,1
tyrol-w30-98-_png_jpg.rf.1046d40e800b1fdb16da0a97af022469.jpg,1
Mykolaiv_2022_A_1_R3C4_5500_6000_2000_2500_jpg.rf.3d9528be32abe450a0c9e438a19fcfd8.jpg,1
Mykolaiv_2022_A_1_R3C4_5500_6000_500_1000_jpg.rf.e4594cd31cc69f120d0166df4b1f13be.jpg,1
Mykolaiv_2022_A_1_R3C4_5500_6000_3000_3500_jpg.rf.b36756e636e76d51cb6fa8fd75f82af8.jpg,1
tyrol-w30-97-_png_jpg.rf.1bdf6291bde259646c3070890dd0be91.jpg,1
Tripoli_2022_R2C3_5000_5500_8500_9000_jpg.rf.ed04ba3eb1f9a9b4c8dc500540700f8f.jpg,1
tyrol-w27-65-_png_jpg.rf.1dd499fc23a80f86ebe43243958c695a.jpg,1
tyrol-w27-69-_png_jpg.rf.3bfc929c236379284a7679ea9103599c.jpg,1
Mykolaiv_2022_A_1_R3C4_5500_6000_3500_4000_jpg.rf.a9cf73332e91720a138b7f312d374987.jpg,1
Mykolaiv_2022_A_1_R3C4_5500_6000_2500_3000_jpg.rf.b952d52e850d4b1164be4a8171854689.jpg,1
Mykolaiv_2022_A_1_R3C4_500_1000_12500_13000_jpg.rf.ec8ebcd7f68df64b7bc343c2ab752a3b.jpg,1
Tripoli_2022_R2C3_5000_5500_8000_8500_jpg.rf.fe817587a2425ac94ba8d989569ef035.jpg,1
Mykolaiv_2022_A_1_R3C4_5500_6000_1500_2000_jpg.rf.8545994cd9b5bcfb428de0e4ed9aee8f.jpg,1
tyrol-w27-59-_png_jpg.rf.653da5f92262ad76e21076cc81d55c75.jpg,0
Mykolaiv_2022_A_1_R3C4_500_1000_13500_14000_jpg.rf.60169f681b7c5a30b80da75866fc89de.jpg,1
Mykolaiv_2022_A_1_R3C4_500_1000_13000_13500_jpg.rf.9c1b186db8ee73b3706d7d6a8b4dbb40.jpg,1
Mykolaiv_2022_A_1_R3C4_500_1000_4000_4500_jpg.rf.b94ce706270aa762a81b800e511d4506.jpg,1
Mykolaiv_2022_A_1_R3C4_6000_6500_12500_13000_jpg.rf.55bab250ac210735e485e8b1053b1ef5.jpg,1
Mykolaiv_2022_A_1_R3C4_7000_7500_0_500_jpg.rf.cf8dc411c9ffa6212caad7942b507fc2.jpg,1
tyrol-w27-61-_png_jpg.rf.44b58d50606ba5a44c176bf86e7324e9.jpg,0
tyrol-w11-26-_png_jpg.rf.bcfb0d377b2d02f9abb3883393d0eaf4.jpg,1
tyrol-w1-87-_png_jpg.rf.2b74f0aef5cbb964c4738ca0b72a59e1.jpg,1
Kharkiv_2022_A_1_R3C4_11000_11500_8500_9000_jpg.rf.7a138e039f0591af1f0df861c5760e43.jpg,1
Kherson_2022_V2_R3C4_7500_8000_4500_5000_jpg.rf.142e8d2ea315d9fe2738c676658917cb.jpg,1
Kherson_2022_V2_R3C5_13000_13500_1500_2000_jpg.rf.99076a1537b98727b810c20306f7357e.jpg,1
Kharkiv_2022_A_1_R3C4_11500_12000_4000_4500_jpg.rf.a0846e1d293891cf4e7ad28a32ed913c.jpg,1
Kherson_2022_V2_R3C11_4000_4500_8500_9000_jpg.rf.669cfd7af1d88cbf5c677c6be5ad8fc9.jpg,1
Kherson_2022_V2_R3C5_13000_13500_500_1000_jpg.rf.cbc9beef5aee48b6532b82ce9d21f148.jpg,1
tyrol-w1-34-_png_jpg.rf.bf8878c6a78c8803383fa9b26700a4ec.jpg,0
tyrol-w1-32-_png_jpg.rf.f80473451db2df204eb0dfaa440a9152.jpg,0
tyrol-w1-89-_png_jpg.rf.485fdcf76d72cc2576cb3f59974963c6.jpg,1
tyrol-w11-30-_png_jpg.rf.2387ed47641fd788bb1a6d79be868010.jpg,1
Kherson_2022_V2_R3C5_13000_13500_2000_2500_jpg.rf.5afb2993e6278ee48e17db060f65c68f.jpg,1
Kherson_2022_V2_R3C5_14500_15000_1500_2000_jpg.rf.8688160942305161e879b036329fd0fb.jpg,1
Kherson_2022_V2_R3C5_14500_15000_7000_7500_jpg.rf.d172ce5b8ffa89a1817719ba5be46d3d.jpg,1
tyrol-w1-9-_png_jpg.rf.a7b50d1cd7a742b9cbd6ccf9e77824de.jpg,1
Kharkiv_2022_A_1_R3C4_11500_12000_3500_4000_jpg.rf.dce5bd35c930a9070dff9fc02d72a515.jpg,1
Kharkiv_2022_A_1_R2C6_16000_16500_7500_8000_jpg.rf.53046f735dc6994c261cf9647568d4a3.jpg,1
Kharkiv_2022_A_1_R2C6_9500_10000_5000_5500_jpg.rf.c48c145b24aac5a4dfa40cfcaafa8b5e.jpg,1
tyrol-w11-32-_png_jpg.rf.8d457441016474dc09ba24966a1a3b81.jpg,0
Kharkiv_2022_A_1_R3C4_12500_13000_14500_15000_jpg.rf.356539c323ba5478b5b0f655955a3325.jpg,1
Kharkiv_2022_A_1_R3C4_12500_13000_15000_15500_jpg.rf.662f527cbac79aaa0dc307babf376529.jpg,1
tyrol-w10-100-_png_jpg.rf.79015116c1f5d9ed60b2d0d7287c5602.jpg,0
tyrol-w1-91-_png_jpg.rf.a65591507a7869f74f0cf7f8fe0e67a7.jpg,1
Kharkiv_2022_A_1_R3C4_1500_2000_10000_10500_jpg.rf.d67bc6fb4633b1312d44de30328e5b48.jpg,1
Kharkiv_2022_A_1_R3C4_5500_6000_10500_11000_jpg.rf.e3b81aa4be2712721675bfd4a88acae3.jpg,1
Kherson_2022_V2_R3C5_15000_15500_500_1000_jpg.rf.04ece1a454c6b72ab91d265f32a398b2.jpg,1
Kherson_2022_V2_R3C5_15000_15500_1000_1500_jpg.rf.3fd14dcaeaf003d4f1beb44f32468655.jpg,1
Kherson_2022_V2_R3C6_1000_1500_15000_15500_jpg.rf.c2e751f6351a7991f356bba6591a65ab.jpg,1
tyrol-w1-40-_png_jpg.rf.dbdaf8819995a8486f6a1663b7999e69.jpg,1
Kherson_2022_V2_R3C5_15500_16000_1500_2000_jpg.rf.46114c145d0db73fb56bb2f1d1556821.jpg,1
tyrol-w11-34-_png_jpg.rf.b4a3359594ea032b86eac5c6abbb64b0.jpg,0
tyrol-w10-1-_png_jpg.rf.3fe9fea469ba520f045951cab08676c3.jpg,1
Kharkiv_2022_A_1_R3C4_4500_5000_13500_14000_jpg.rf.8e9553b2cf07a4042720c55bc5d80c7a.jpg,1
Kharkiv_2022_A_1_R3C4_5500_6000_11500_12000_jpg.rf.ddc2655b4cc71c5b442ee2eb8117919a.jpg,1
Kharkiv_2022_A_1_R3C1_0_500_6500_7000_jpg.rf.20b2784918f3033ebab80244814999e2.jpg,1
Kharkiv_2022_A_1_R3C1_0_500_6000_6500_jpg.rf.f562f03a080e89f5c3d6e2626aeaeef4.jpg,1
Kherson_2022_V2_R3C6_10500_11000_2500_3000_jpg.rf.34ac4ee012183f913cde4d1569f6fe3f.jpg,1
tyrol-w1-45-_png_jpg.rf.b27fcbd18d80a01b52efeaf98de4b63c.jpg,0
Kharkiv_2022_A_1_R3C4_5500_6000_10000_10500_jpg.rf.1c692c5420be54d78e3e3216414f1b18.jpg,1
Kherson_2022_V2_R3C6_11500_12000_2500_3000_jpg.rf.387ad25793d61ac82787d9dacafe679a.jpg,1
Kharkiv_2022_A_1_R3C4_4500_5000_14500_15000_jpg.rf.e0d9960e3b862d6bdc85c8001b75180f.jpg,1
Kharkiv_2022_A_1_R3C1_0_500_7000_7500_jpg.rf.0395ba3b7e2eebfb3dc5e48961ab8248.jpg,1
Kharkiv_2022_A_1_R3C3_3500_4000_14500_15000_jpg.rf.367739e77d95f49b17d877456475913d.jpg,1
tyrol-w1-44-_png_jpg.rf.6aa8095bb6d42dc85a622f3d5e2b5a02.jpg,0
Kherson_2022_V2_R3C5_15500_16000_1000_1500_jpg.rf.42f40fc4739bdd73ece42997f4b56bfe.jpg,1
Kherson_2022_V2_R3C5_6000_6500_15500_16000_jpg.rf.6897b5b9a08a6c3a3f9a605830cc001e.jpg,1
tyrol-w1-95-_png_jpg.rf.d361d177761d129b2db1d344a093ebd5.jpg,0
tyrol-w11-43-_png_jpg.rf.200de673b90671eed4ba9041f37051f0.jpg,0
Kharkiv_2022_A_1_R3C4_4500_5000_14000_14500_jpg.rf.8caff051efd0a4c3073de1c7a0202295.jpg,1
tyrol-w1-60-_png_jpg.rf.cfc659c79300da5861cb6e0e8ce3ab4b.jpg,1
tyrol-w11-41-_png_jpg.rf.d898c0d854e180d80208a6b0a65d4451.jpg,0
Kharkiv_2022_A_1_R3C4_2000_2500_9500_10000_jpg.rf.519ae348b270d2cb70a9bf6e3bbccb25.jpg,1
tyrol-w11-47-_png_jpg.rf.af3cb19f9e228480bc807dc461a627ac.jpg,1
tyrol-w11-40-_png_jpg.rf.dbc96774ad69b64653f25f073fecf610.jpg,1
Kharkiv_2022_A_1_R3C3_4000_4500_13000_13500_jpg.rf.eb16616417901f101b90b88b7b46abfe.jpg,1
Kharkiv_2022_A_1_R3C4_3000_3500_9500_10000_jpg.rf.36f8dc16bffec7b3cc31d6ff3b0bb509.jpg,1
Kharkiv_2022_A_1_R3C4_2500_3000_11000_11500_jpg.rf.f586f76735d1056249cd10edc0a01678.jpg,1
Kherson_2022_V2_R3C6_12500_13000_2000_2500_jpg.rf.015c8b5b5ab899bc2ba90a84dc0572cf.jpg,1
Kherson_2022_V2_R3C6_11000_11500_2500_3000_jpg.rf.a9285b9be9001a20617f4565fec3977e.jpg,1
Kharkiv_2022_A_1_R3C3_2500_3000_3500_4000_jpg.rf.d6da49bc8f2edbe699ba34b4352710de.jpg,1
Kherson_2022_V2_R3C6_11500_12000_3000_3500_jpg.rf.212efaa4f788f4ba74bddb0b74560d09.jpg,1
tyrol-w11-52-_png_jpg.rf.df45c0913ba176f5dba27cfbf206a512.jpg,0
tyrol-w10-24-_png_jpg.rf.cd88873a4e5ad753dd8892190d857633.jpg,1
Kharkiv_2022_A_1_R3C3_4000_4500_4500_5000_jpg.rf.6734e0f27b731cb2b0d9028ce9994231.jpg,1
tyrol-w10-25-_png_jpg.rf.7160e812f770db0600c8e78970137036.jpg,0
tyrol-w1-96-_png_jpg.rf.927e5fbca47f5d262da377f8f1d0a631.jpg,1
tyrol-w11-48-_png_jpg.rf.c7c9ecd0693b7f0ee80c2714ee8e54c6.jpg,1
tyrol-w1-58-_png_jpg.rf.17c0023226de72cae68441021938d1ff.jpg,1
Kharkiv_2022_A_1_R3C3_5000_5500_1500_2000_jpg.rf.1b40020d0f9cb5a287dfed3a2171fdd7.jpg,1
Kharkiv_2022_A_1_R3C4_3500_4000_7500_8000_jpg.rf.0190455420480b9ef0cbce29e5e86796.jpg,1
Kharkiv_2022_A_1_R3C5_13500_14000_1000_1500_jpg.rf.196d3ebe04bd40a183cb4ff6abb1c784.jpg,1
Kharkiv_2022_A_1_R3C5_16000_16500_9500_10000_jpg.rf.b1148d21e8bee1898542192f0a3476e4.jpg,1
Kherson_2022_V2_R3C6_12500_13000_3000_3500_jpg.rf.9edf6138fe4ed81840ae4a242a2fe1fa.jpg,1
Kharkiv_2022_A_1_R3C3_4000_4500_4000_4500_jpg.rf.644c7d7859fd6c378cd0836093ed1e18.jpg,1
tyrol-w10-28-_png_jpg.rf.334c3d793fdbc75eafb4581d0525f687.jpg,0
tyrol-w1-7-_png_jpg.rf.4af81ab51a2dad65e08941c3b109e488.jpg,0
tyrol-w1-6-_png_jpg.rf.554ba4ac0179d5454591abb3a07c291d.jpg,0
Kharkiv_2022_A_1_R3C3_3000_3500_5500_6000_jpg.rf.dc1e6cd80ba1fe7b0567d8ae6965d162.jpg,1
Kharkiv_2022_A_1_R3C3_2500_3000_5000_5500_jpg.rf.f892222d4fca64466455b0b31157f1fb.jpg,1
tyrol-w11-6-_png_jpg.rf.6a79a23d82125d09dcbe3d250b58e7c6.jpg,1
tyrol-w11-50-_png_jpg.rf.94a1a5d3baa3bf066a127e66606223e9.jpg,1
Kharkiv_2022_A_1_R3C5_2500_3000_1000_1500-Copy_jpg.rf.0886949e0358d79251e92bea0533cb3e.jpg,1
tyrol-w10-3-_png_jpg.rf.4aba7809b6f5a1f233ee70f4b86db86c.jpg,1
Kherson_2022_V2_R3C6_14500_15000_8000_8500_jpg.rf.e750e0aecbe930d210ae464fcc54369e.jpg,1
tyrol-w11-51-_png_jpg.rf.f5d594de941de3470472ae89b8398bd6.jpg,0
tyrol-w1-69-_png_jpg.rf.335f5ba94eb452f314ceb85c3e3c879a.jpg,1
tyrol-w1-72-_png_jpg.rf.58a9e8674f4d04e7560b5adbe662afcd.jpg,1
tyrol-w1-67-_png_jpg.rf.64e43a1e91b13e3c6f20c29b30691faa.jpg,1
Kharkiv_2022_A_1_R3C3_4500_5000_4500_5000_jpg.rf.078e8b2137356900e178ca1c47883f3a.jpg,1
tyrol-w11-57-_png_jpg.rf.6eea7d88cc5dd8dcdf10917d9d3657f9.jpg,1
tyrol-w11-54-_png_jpg.rf.df6b5e47d6446f355fc75b3a157a9787.jpg,0
tyrol-w1-97-_png_jpg.rf.0058c25f3aefcd906d27abb17c815707.jpg,1
Kherson_2022_V2_R3C6_13500_14000_7000_7500_jpg.rf.495c9bafb6df01d03c16fdb33c9fa78c.jpg,1
Kharkiv_2022_A_1_R3C3_4500_5000_4000_4500_jpg.rf.6fe902efd6744096ac204d0c841d6d44.jpg,1
Kherson_2022_V2_R3C6_1500_2000_12500_13000_jpg.rf.4c86287d4a140c25193be2dc383509d5.jpg,1
Kharkiv_2022_A_1_R3C6_1500_2000_1000_1500_jpg.rf.2104c0d18a46bde83f522df16c8547a1.jpg,1
Kharkiv_2022_A_1_R3C6_1500_2000_1500_2000_jpg.rf.6dfe0cef96fdbb95f48afbc9af381028.jpg,1
tyrol-w10-42-_png_jpg.rf.8a17cba5c911f71fc00b7998252c262e.jpg,1
Kharkiv_2022_A_1_R3C3_4500_5000_5500_6000_jpg.rf.8e7a85775929539c308f8595f39a6f55.jpg,1
tyrol-w11-65-_png_jpg.rf.367104df23b09363b5e4b32bebbd51c2.jpg,1
Kharkiv_2022_A_1_R3C6_1000_1500_3000_3500_jpg.rf.2d7aeac3bf5ae6c725642809e46fd5a3.jpg,1
tyrol-w10-31-_png_jpg.rf.3c17337e6023c1545ce0c3fa3560b6a1.jpg,1
tyrol-w10-43-_png_jpg.rf.dbfe93f16f5bc005ba03c4211e45979d.jpg,1
tyrol-w1-85-_png_jpg.rf.2d9ef7fef7b557e77a33c56e5bf9776c.jpg,0
tyrol-w1-70-_png_jpg.rf.65dccd477b7eefbbedd9594a21370386.jpg,1
Kherson_2022_V2_R3C6_1500_2000_12000_12500_jpg.rf.7d3d73bfda16677bcf19ce9272445dec.jpg,1
Kherson_2022_V2_R3C6_3000_3500_13500_14000_jpg.rf.ea65d21aff76474dbbca9709db226473.jpg,1
tyrol-w1-71-_png_jpg.rf.be56903ed31a3ee14970dd2705e44344.jpg,1
Kharkiv_2022_A_1_R3C6_1500_2000_2000_2500_jpg.rf.f267e2b0d7775deae91b66642929b1c7.jpg,1
Kherson_2022_V2_R3C6_4000_4500_11000_11500_jpg.rf.119093b0415bdff54145c283bb49db6a.jpg,1
Kherson_2022_V2_R3C6_500_1000_14000_14500_jpg.rf.437f9f1b27745a687dfbed73487856ed.jpg,1
Kherson_2022_V2_R3C6_3000_3500_13000_13500_jpg.rf.6daef790d927fc5bfc535bd6f18de9b2.jpg,1
Kherson_2022_V2_R3C6_500_1000_13000_13500_jpg.rf.c18b249b58e323c944ed4b7c9d8dffa4.jpg,1
tyrol-w10-44-_png_jpg.rf.3cd274d698d8489f451186d3b381d4de.jpg,0
Kharkiv_2022_A_1_R3C3_8000_8500_11500_12000_jpg.rf.f4a4bc653c9a09feb87fdcb58bc2dcc0.jpg,1
Kharkiv_2022_A_1_R3C6_500_1000_1500_2000_jpg.rf.0f618d17c396c5aa4ad841ad5132f06a.jpg,1
tyrol-w11-59-_png_jpg.rf.39b765f6fbdae551064b812722307169.jpg,1
tyrol-w11-64-_png_jpg.rf.408bebcc67cb1ada24a71ad126b2878f.jpg,0
tyrol-w11-63-_png_jpg.rf.4b1acf79608680eab1ae74526bd5eb2d.jpg,0
Kharkiv_2022_A_1_R3C3_8500_9000_1000_1500_jpg.rf.06882cfccbdf717bd3b902d536da8022.jpg,1
tyrol-w1-86-_png_jpg.rf.3c8b395c3e035237f602a96855163501.jpg,1
Kharkiv_2022_A_1_R3C6_500_1000_2000_2500_jpg.rf.2efa602864f8f07db99eae26289c3744.jpg,1
tyrol-w11-22-_png_jpg.rf.b9266b2e559d8e4b8056107b50691de3.jpg,0
tyrol-w1-82-_png_jpg.rf.74cfe0c70ba904b5296a260982059558.jpg,1
Kharkiv_2022_A_1_R3C4_0_500_15000_15500_jpg.rf.82d3ebfe3acf3c62da2de9486057e636.jpg,1
Kharkiv_2022_A_1_R3C3_9500_10000_8500_9000_jpg.rf.efb4058abd06a15fd803fc5f53d2f648.jpg,1
Kherson_2022_V2_R3C11_3500_4000_15500_16000_jpg.rf.7cc6a9114b89761a54a4d27fba71392d.jpg,1
Kharkiv_2022_A_1_R3C4_11000_11500_15000_15500_jpg.rf.0cb05c72f6c94516ce947b292ac6692d.jpg,1
Kherson_2022_V2_R3C10_3500_4000_15500_16000_jpg.rf.a467580116774033ea96535bb5655209.jpg,1
Kharkiv_2022_A_1_R3C4_8000_8500_14500_15000_jpg.rf.8f43a721c4d92e425ad4b6657ff5ae51.jpg,1
Kherson_2022_V2_R3C6_2500_3000_11500_12000_jpg.rf.0316ea1f051852a4369288e0fdf2dbdb.jpg,1
Kherson_2022_V2_R3C6_7000_7500_0_500_jpg.rf.851c06e92f97a3eb34535affc84ffb45.jpg,1
Kherson_2022_V2_R3C11_3500_4000_15000_15500_jpg.rf.c4bac50348a4a94f1ac914135615d986.jpg,1
Kherson_2022_V2_R3C10_2000_2500_15500_16000_jpg.rf.9b734510f1e8b7e627cd48b90197644d.jpg,1
tyrol-w11-62-_png_jpg.rf.db157a32cb333f94a6841fbe9d2919f8.jpg,0
Kherson_2022_V2_R3C10_3500_4000_15000_15500_jpg.rf.2401de6432ebdae552474883f9445718.jpg,1
Kharkiv_2022_A_1_R3C4_8500_9000_9000_9500_jpg.rf.c57d11e92dfd7cee466099d6b0d2ccf1.jpg,1
tyrol-w1-83-_png_jpg.rf.d7b448e76c167de4a9ab949be020e404.jpg,0
tyrol-w10-91-_png_jpg.rf.f3b567181c49ad77cf1b9df8a61fc5f8.jpg,0
Kherson_2022_V2_R3C7_11500_12000_11500_12000_jpg.rf.0c0906fef899d247b71a07be4887fcb4.jpg,1
tyrol-w11-71-_png_jpg.rf.411efe2f4b41216e3f078419e7095ee0.jpg,1
tyrol-w11-75-_png_jpg.rf.235ce85cec18619710a704140bc0ee7b.jpg,0
tyrol-w10-92-_png_jpg.rf.0ce8f0654bb854cd66044663d1c7e6db.jpg,0
Kherson_2022_V2_R3C7_11500_12000_13000_13500_jpg.rf.0330d6afe4a09f9ce07614790bf12eb9.jpg,1
tyrol-w11-73-_png_jpg.rf.d06a2eb9bb3299a092187b2bafc95572.jpg,1
Kherson_2022_V2_R3C11_1500_2000_1000_1500_jpg.rf.26615f5a353b3a3aa235ee48faf72374.jpg,1
tyrol-w10-93-_png_jpg.rf.c90a1b2c0f9ccc9f7fb8bab741036cce.jpg,0
tyrol-w10-99-_png_jpg.rf.f9892060d6b321398044f5b460036fad.jpg,0
Kharkiv_2022_A_1_R3C5_11500_12000_1500_2000_jpg.rf.6e80a10a4e69d3b03fb7ff16e8a3dc70.jpg,1
Kherson_2022_V2_R3C6_500_1000_8500_9000_jpg.rf.32776abe95a2f91fdd1a34222f829666.jpg,1
Kherson_2022_V2_R3C11_2000_2500_1000_1500_jpg.rf.ac4ff5b33d426c4d44d0e427c806c47b.jpg,1
Kherson_2022_V2_R3C6_9000_9500_500_1000_jpg.rf.a5a260db0e0958d1dc1dc534e33ce50e.jpg,1
tyrol-w11-1-_png_jpg.rf.b5ef3030fe2ede6fd18fcf966d6f6a63.jpg,0
Kherson_2022_V2_R3C11_1500_2000_1500_2000_jpg.rf.c7d398b1fc5d1cec913993ea19a2e7d0.jpg,1
Kherson_2022_V2_R3C6_9000_9500_1000_1500_jpg.rf.0e591f1e274cb435014a196020d7e6dc.jpg,1
tyrol-w11-84-_png_jpg.rf.9cae800397a16460157900e6534c48b1.jpg,1
tyrol-w11-8-_png_jpg.rf.48a8df7395d0675aec1337710ab190c9.jpg,1
tyrol-w11-85-_png_jpg.rf.240512f90b0faee2816d5dab999ba8d3.jpg,1
Kherson_2022_V2_R3C7_12000_12500_12500_13000_jpg.rf.612e9ddf716b207c69c9c3a0fba60abf.jpg,1
tyrol-w10-17-_png_jpg.rf.c7ee347ace4d3cf359fc84ed5d6b0a08.jpg,1
tyrol-w11-87-_png_jpg.rf.a4a4ce062ec536ec0a1d8dfd6e3662a0.jpg,1
tyrol-w11-69-_png_jpg.rf.f975dd4320cc8cbb88a17922e12f2cdd.jpg,1
Kherson_2022_V2_R4C2_10500_11000_14000_14500_jpg.rf.24857cb9b19ad8f2ec86c6bba43d4925.jpg,1
Kherson_2022_V2_R3C7_11000_11500_13000_13500_jpg.rf.40d3af5925164e80090cd431804fdf1a.jpg,1
tyrol-w11-70-_png_jpg.rf.8b1cb15862cf1c6cf22935c2ecc98500.jpg,1
Kherson_2022_V2_R3C6_9500_10000_500_1000_jpg.rf.c6bf2b6b4fb3b1905b80d6332fc5682d.jpg,1
Kherson_2022_V2_R3C11_2500_3000_9000_9500_jpg.rf.681c83609017fafa353e2daa269dcc0f.jpg,1
tyrol-w11-88-_png_jpg.rf.0cf3710d625c839e8287ee495cf80666.jpg,1
Kherson_2022_V2_R3C7_12500_13000_12500_13000_jpg.rf.7b2b6b0ad096e4f855579705fd5fa0d7.jpg,1
tyrol-w11-81-_png_jpg.rf.fcb675d8302834f6e861d0dd85d66578.jpg,1
Kharkiv_2022_A_1_R3C5_10500_11000_0_500_jpg.rf.36828e88b6121620146f6b6116d93650.jpg,1
tyrol-w12-19-_png_jpg.rf.0a4c9868d77aefaf7c9e6792696419f9.jpg,1
Kherson_2022_V2_R4C2_10500_11000_13500_14000_jpg.rf.733d110cd8643a5acb4c6effa46d4315.jpg,1
tyrol-w11-78-_png_jpg.rf.c16015f15b7d9b0e2117bdd1b93b70ba.jpg,1
Kherson_2022_V2_R3C9_4000_4500_14500_15000_jpg.rf.a5f53ed2ce180059317c078e8feaa940.jpg,1
tyrol-w11-10-_png_jpg.rf.b51f52a5973c218fedf41bbf12782ab2.jpg,1
Kharkiv_2022_A_1_R3C5_8000_8500_14500_15000_jpg.rf.826a7b06fc7d35628579a3093686af23.jpg,1
Kherson_2022_V2_R3C7_12000_12500_13500_14000_jpg.rf.1ac586da2c6a44ddc23dd30b9eccfa4b.jpg,1
tyrol-w11-90-_png_jpg.rf.6f5c4a06d5f20687ca05c082f37a67eb.jpg,0
Kherson_2022_V2_R3C9_6500_7000_15500_16000_jpg.rf.e6edeb6e998eb87b3cc7977de06feaf7.jpg,1
tyrol-w10-36-_png_jpg.rf.443aa3a9586eaacaae98578b735a9fd5.jpg,0
Kherson_2022_V2_R3C7_12500_13000_13000_13500_jpg.rf.bccbd178108fbae9ea02749d45a0b1b4.jpg,1
tyrol-w12-2-_png_jpg.rf.d1e3cde318d3331f19689ff009d9a9de.jpg,0
Kherson_2022_V2_R3C9_4500_5000_14000_14500_jpg.rf.b6eda5f43b9f328f24e326a060294ebc.jpg,1
Kharkiv_2022_A_1_R3C6_0_500_5500_6000_jpg.rf.0f828fbfd658a54524caaebaba4ef857.jpg,1
tyrol-w11-93-_png_jpg.rf.4d897ad014dddd7729f11550ca012865.jpg,1
tyrol-w11-99-_png_jpg.rf.7a67b1891e6f702a6df74374cc44101f.jpg,0
tyrol-w12-17-_png_jpg.rf.118daacfee603ff33b5805338359a624.jpg,0
Kherson_2022_V2_R3C9_11500_12000_14000_14500_jpg.rf.55ebcaa6b1aed49c3bd1a27e6710a557.jpg,1
tyrol-w11-92-_png_jpg.rf.f4c7b829b8d4396b6961fb096405c4f3.jpg,0
Kherson_2022_V2_R3C9_2500_3000_11000_11500_jpg.rf.fc0f6f2a370b3302da3afb70ba131b3e.jpg,1
tyrol-w10-39-_png_jpg.rf.fadf720efac74021f705ed291ed8338c.jpg,0
Kherson_2022_V2_R3C9_4500_5000_15000_15500_jpg.rf.120a0d066c711f1d225ab63a0b558d33.jpg,1
tyrol-w11-91-_png_jpg.rf.45dddb227e7ffa417f5ee41055e09f7b.jpg,0
tyrol-w10-37-_png_jpg.rf.2d3a4c13860fb416d06e44896cc71ccf.jpg,0
Kharkiv_2022_A_1_R3C5_3500_4000_7500_8000-Copy_jpg.rf.a1b34e6ce93550937f6e6f6b9e09a2e7.jpg,1
tyrol-w10-4-_png_jpg.rf.d74cc21b6b5d8fd09823ddd1198320e2.jpg,1
tyrol-w12-1-_png_jpg.rf.0e79b60c75871a0accaab6b38698af94.jpg,1
Kherson_2022_V2_R3C9_6500_7000_14000_14500_jpg.rf.d614da806b379f5b1793dbf327768009.jpg,1
tyrol-w12-20-_png_jpg.rf.067555f4bad2fb35724668b02f3b100a.jpg,0
Kherson_2022_V2_R3C8_13000_13500_9500_10000_jpg.rf.4f9645cfb7028d4326d25949e721c51b.jpg,1
tyrol-w11-94-_png_jpg.rf.cc71fa93a0efe85d730879a115c78823.jpg,0
Kharkiv_2022_A_1_R3C6_1000_1500_2500_3000_jpg.rf.a361705e7adca777458477db8c272b41.jpg,1
Kharkiv_2022_A_1_R3C6_1000_1500_1500_2000_jpg.rf.bd491f05cc60c9301d38a2140862c9ea.jpg,1
tyrol-w11-98-_png_jpg.rf.9fd77be4004acf357d18cd0b9eec92d5.jpg,0
tyrol-w11-97-_png_jpg.rf.ae7b58629bbae03c89bee0788e542dbd.jpg,1
Kherson_2022_V2_R3C9_6000_6500_16000_16500_jpg.rf.ca49fbe2ea63a5b8e10de75b8f4cb37e.jpg,1
Kherson_2022_V2_R4C10_500_1000_500_1000_jpg.rf.faba32b3fb42dad1eae312f083b35f9a.jpg,1
Kharkiv_2022_A_1_R3C5_3000_3500_13000_13500-Copy_jpg.rf.1750d274430c5a88f5054daee0caf537.jpg,1
tyrol-w10-32-_png_jpg.rf.86ea9bf4a48947459b1cb66531e6534b.jpg,1
Kherson_2022_V2_R4C3_10500_11000_6500_7000-Copy_jpg.rf.34c70e6c59369c56324c419fa8354452.jpg,1
Kherson_2022_V2_R3C9_4500_5000_14500_15000_jpg.rf.bb7420608f9b64c281af5d59f2c7f81b.jpg,1
Kherson_2022_V2_R4C2_10500_11000_16000_16500_jpg.rf.5cce5597561d347c3d48a952edb0da30.jpg,1
Kherson_2022_V2_R3C9_4500_5000_16000_16500_jpg.rf.21605cb1bbb8b5edd5c9677bd7774c5c.jpg,1
Kherson_2022_V2_R4C2_1500_2000_13500_14000_jpg.rf.44cb0614cf9942865e1104162b77ae58.jpg,1
Kherson_2022_V2_R4C3_10500_11000_9500_10000-Copy_jpg.rf.9cb522e41ff8fdfc0a7efb9a9d180116.jpg,1
Kherson_2022_V2_R4C10_1000_1500_0_500_jpg.rf.31253088aabd1b1f0c523aa22aa8092c.jpg,1
Kherson_2022_V2_R4C10_0_500_3000_3500_jpg.rf.368cb582e8334726cb909e22bc8522ab.jpg,1
Kharkiv_2022_A_1_R3C5_8000_8500_13500_14000_jpg.rf.01e94d949522679a8d570a811eef7e09.jpg,1
tyrol-w10-47-_png_jpg.rf.32789ef2b9ffc357fd5a828415ad7f11.jpg,0
Kharkiv_2022_A_1_R3C6_7000_7500_6500_7000_jpg.rf.a17ef8062c3293731f9234b572d87390.jpg,1
Kherson_2022_V2_R4C2_5000_5500_6000_6500_jpg.rf.ac549132f12058b5a0a082f6bd6fef10.jpg,1
tyrol-w12-28-_png_jpg.rf.343e61ce182d0ca46f9518d04a28feea.jpg,0
Kherson_2022_V2_R4C2_1500_2000_14000_14500_jpg.rf.aa2b1e5e7cfe4266e3417e698123d562.jpg,1
tyrol-w10-50-_png_jpg.rf.51894f43c3422a75f0210a2a9e647d62.jpg,0
Kherson_2022_V2_R4C3_11000_11500_15000_15500-Copy_jpg.rf.23300543d6e92f5d1da844707815b0da.jpg,1
Kharkiv_2022_A_1_R3C6_8000_8500_2500_3000_jpg.rf.333ad33394e3a95315a315ebf55b03c5.jpg,1
Kharkiv_2022_A_1_R4C3_4500_5000_500_1000_jpg.rf.caf1a0d0254735cbe899f0faaf3bb033.jpg,1
tyrol-w12-100-_png_jpg.rf.89457eb58fade1b7360b8db68ceee63b.jpg,1
tyrol-w12-13-_png_jpg.rf.dcdafc5b6d40b10dd10c870bc4b5b0b9.jpg,0
tyrol-w12-3-_png_jpg.rf.04eaf67570e7d36ea4d835a256332cfc.jpg,0
tyrol-w12-29-_png_jpg.rf.319c237bbc1954642ec275ec69beb347.jpg,1
tyrol-w12-30-_png_jpg.rf.56bc3ae9a2297cdfc89948304516da5f.jpg,1
Kherson_2022_V2_R4C3_11000_11500_1500_2000-Copy_jpg.rf.1bf301b87ae4c9d35be371e0b7ace746.jpg,1
tyrol-w12-58-_png_jpg.rf.419df08ddc0441cab2f6add3509cc444.jpg,1
Kherson_2022_V2_R4C3_11000_11500_2000_2500-Copy_jpg.rf.88ce9afffe716e5c1c471ead7a654af4.jpg,1
Kherson_2022_V2_R4C3_11000_11500_14500_15000-Copy_jpg.rf.fa28653602088d02ea97daa46d9590cd.jpg,1
tyrol-w12-59-_png_jpg.rf.88c286e4d22118b8f724b3789d5668f8.jpg,1
tyrol-w12-56-_png_jpg.rf.91335e23c24f635bcdc0d5e35b975e2f.jpg,1
Kherson_2022_V2_R4C3_11500_12000_14000_14500-Copy_jpg.rf.9192167941187b9cfc09f150917a098b.jpg,1
Kherson_2022_V2_R4C2_3000_3500_11500_12000_jpg.rf.32de4426a7c3dabd49912d440cc90eb7.jpg,1
tyrol-w12-23-_png_jpg.rf.d1a2ad1b571d33715120e7259a7dafec.jpg,1
Kherson_2022_V2_R4C10_0_500_2500_3000_jpg.rf.e26a9eb790be9a5f8a5795cb2eb68e40.jpg,1
Kherson_2022_V2_R4C2_2000_2500_14500_15000_jpg.rf.ca2a6b6abd813a7b182667b53b68d061.jpg,1
Kherson_2022_V2_R4C2_5500_6000_6000_6500_jpg.rf.bb4d53daf8dcbf7af14ca88f2d52527d.jpg,1
tyrol-w12-37-_png_jpg.rf.df698d7fc991f4c7f563d7d3d7f9b687.jpg,0
Kharkiv_2022_A_1_R3C6_8000_8500_5000_5500_jpg.rf.1de2dda3e8e1215e9c005656dedfc552.jpg,1
tyrol-w12-6-_png_jpg.rf.22cc1d4e3400df4661c483712c4fb311.jpg,1
Kherson_2022_V2_R4C3_11000_11500_1000_1500-Copy_jpg.rf.d641fd88008ccafa57cce50f4b326c2b.jpg,1
tyrol-w10-51-_png_jpg.rf.69c8311e04baf04402f373a1a4a76455.jpg,1
Kherson_2022_V2_R4C3_12000_12500_1500_2000-Copy_jpg.rf.5e8985a694dee9ec9fc2a8bca6872ebe.jpg,1
tyrol-w12-27-_png_jpg.rf.515697d6d0607b22f47d28ab98d79e60.jpg,0
Kherson_2022_V2_R4C10_0_500_1000_1500-Copy-Copy_jpg.rf.15d8378d3b69394588c054c108c14037.jpg,1
Kherson_2022_V2_R4C2_5000_5500_7000_7500_jpg.rf.820f0daba23dc093a60bc0652dd74036.jpg,1
Kherson_2022_V2_R4C2_5000_5500_6500_7000_jpg.rf.f419a902e9dc87114fd1854f1d1b1d0e.jpg,1
Kherson_2022_V2_R4C3_12000_12500_4500_5000-Copy_jpg.rf.346b039418cf936bc19e3bac7eaaa590.jpg,1
tyrol-w10-58-_png_jpg.rf.11f167b2744c43c75d252ab0380c1a5a.jpg,0
tyrol-w12-63-_png_jpg.rf.1fcbc2426d3eb54f641d69466894edef.jpg,0
tyrol-w12-7-_png_jpg.rf.37038d51ab8b6a30255b38dcdc29042a.jpg,0
Kherson_2022_V2_R4C3_11500_12000_1000_1500-Copy_jpg.rf.820c0861cb82a4443deb20d4b849f089.jpg,1
tyrol-w10-56-_png_jpg.rf.072992739a31bc799aec573dcc2dc503.jpg,0
Kharkiv_2022_A_1_R5C1_10500_11000_4500_5000_jpg.rf.3cadcfa1b0fbc2e0262daa5a60e76a0d.jpg,1
tyrol-w10-52-_png_jpg.rf.7f4a33081830920bcff05bddbe6ac515.jpg,1
Kherson_2022_V2_R4C2_2500_3000_14000_14500_jpg.rf.6c05b6d43a84f7d5d1c3f2a2be032ebf.jpg,1
Kherson_2022_V2_R4C2_2500_3000_15000_15500_jpg.rf.8c17a3bbdf04756b4b6ef040c9f28e16.jpg,1
tyrol-w12-31-_png_jpg.rf.de00a4903d696ebfbee5cf97a6d2a915.jpg,1
Kherson_2022_V2_R1C10_6000_6500_5500_6000_jpg.rf.27d3b013d145f59003a8785fced7291a.jpg,1
Kharkiv_2022_A_1_R3C5_7500_8000_8000_8500-Copy_jpg.rf.45c293502dd5c0bad1305c7e0e75dda2.jpg,1
Kherson_2022_V2_R4C3_12500_13000_7500_8000_jpg.rf.115b6f2e1225b213ebfe31fdbd033347.jpg,1
tyrol-w12-64-_png_jpg.rf.56fe9ebd4e36e53249c4c8d4aecbf947.jpg,0
Kherson_2022_V2_R4C2_8500_9000_8000_8500_jpg.rf.cefbb4ec86b3568478b803ac3bf5fff9.jpg,1
tyrol-w12-34-_png_jpg.rf.dfd7c657ad60b7d0b521648bf55ee483.jpg,0
Kherson_2022_V2_R4C3_10000_10500_12500_13000-Copy_jpg.rf.03c3a323e8070b6d4105139b6596e2e7.jpg,1
tyrol-w12-47-_png_jpg.rf.fd26f221b6cd7fe845b21577d18e1204.jpg,1
tyrol-w12-70-_png_jpg.rf.5b6821dd71d95e8cb2a3aab523f5950b.jpg,1
Kherson_2022_V2_R4C3_12500_13000_5000_5500-Copy_jpg.rf.a8749418c78141f281b1927986a81ea9.jpg,1
tyrol-w10-55-_png_jpg.rf.ec3cad33e3c1db2b2935fe0ccccf9765.jpg,0
tyrol-w12-36-_png_jpg.rf.67830cde81451811c455fa45a819d03a.jpg,0
Kherson_2022_V2_R4C2_5000_5500_7500_8000_jpg.rf.86bcfb57d793a2c9c048e243f1b939d9.jpg,1
Kherson_2022_V2_R4C2_5500_6000_5500_6000_jpg.rf.decd737c56dbdc83ea6909fc2a50da78.jpg,1
tyrol-w10-45-_png_jpg.rf.fe4960291ec8685c7603b03d32e1a6ac.jpg,0
Kherson_2022_V2_R4C3_12500_13000_7000_7500_jpg.rf.f8973dd910c2d59e6b0248708327b112.jpg,1
Kharkiv_2022_A_1_R4C3_7000_7500_7500_8000_jpg.rf.625f7a817d8ed7103a0fe8c230f18573.jpg,1
tyrol-w12-49-_png_jpg.rf.cf02c6e32ac419f4ef7d41f36301d010.jpg,1
Kherson_2022_V2_R4C3_11000_11500_2500_3000-Copy_jpg.rf.59c2c419ec8cb34362308f45d24c7f1c.jpg,1
Kherson_2022_V2_R4C3_10500_11000_1000_1500-Copy_jpg.rf.19d46c7039d62faedcbc158fd718fb62.jpg,1
Kherson_2022_V2_R4C3_10000_10500_6500_7000-Copy_jpg.rf.3559ee712004375298c0bca068af8a91.jpg,1
tyrol-w12-50-_png_jpg.rf.996b64b3c9a0b8243f20b56fbee593cd.jpg,1
Kherson_2022_V2_R4C2_8500_9000_7000_7500_jpg.rf.9057c4d9ad20cf6248853101ea9b3b0f.jpg,1
tyrol-w12-71-_png_jpg.rf.46e54c2468f370b29119983f699fec43.jpg,0
Kherson_2022_V2_R4C3_12000_12500_2000_2500-Copy_jpg.rf.a56b46d13212fb2ec3f152fa607f5c8b.jpg,1
Kherson_2022_V2_R4C3_10000_10500_9500_10000-Copy_jpg.rf.29bc15b2cf65c91c97f64f9f4440e757.jpg,1
Kherson_2022_V2_R4C3_10500_11000_1500_2000-Copy_jpg.rf.3dfdc53f22b6af4bdea69ae9b4e48930.jpg,1
Kherson_2022_V2_R4C2_6000_6500_15000_15500_jpg.rf.135b7e6d49015f9729b7cb063ef4c370.jpg,1
tyrol-w12-4-_png_jpg.rf.13bca6b72aa71a55a9fdfd397282cb0e.jpg,0
Kherson_2022_V2_R4C2_6500_7000_6000_6500_jpg.rf.4bf76ce3243fc378d16049468673d691.jpg,1
tyrol-w12-45-_png_jpg.rf.adb03b9702537b591efedff2f077c1d6.jpg,1
tyrol-w12-74-_png_jpg.rf.42a80000825d40cd23da851ed52ebb4c.jpg,0
Kherson_2022_V2_R4C3_13000_13500_7500_8000_jpg.rf.6a1130dc6be41ed7a961e3315d7e7714.jpg,1
tyrol-w12-60-_png_jpg.rf.5defa2bb6cab46879ad8b12d86aef352.jpg,1
tyrol-w12-38-_png_jpg.rf.67a301ba740aa3a7abcc7b6500eac382.jpg,1
Kherson_2022_V2_R4C2_6500_7000_15500_16000_jpg.rf.96215607f5d30d466325b04536908f67.jpg,1
Kherson_2022_V2_R1C11_12000_12500_6500_7000_jpg.rf.234719802eb6b13690833710a3fe56d3.jpg,1
Kharkiv_2022_A_1_R5C1_2500_3000_8500_9000_jpg.rf.368bbb93856d6065102dabfecd90729a.jpg,1
Kherson_2022_V2_R2C11_1000_1500_8000_8500_jpg.rf.920087eb9afda6ea0e867216d5ab2bda.jpg,1
tyrol-w10-53-_png_jpg.rf.a3b79bdcf8f629be9f7a961535969448.jpg,0
Kharkiv_2022_A_1_R3C5_12500_13000_1000_1500_jpg.rf.f78e63a6df1fd6202dc847d45e991cbf.jpg,1
tyrol-w10-68-_png_jpg.rf.74e79e6f139b95e51fe7e1503c2a8291.jpg,0
Kherson_2022_V2_R2C11_2000_2500_7000_7500_jpg.rf.96c8b3c3315fc1a4cbb49cb73f577451.jpg,1
tyrol-w12-76-_png_jpg.rf.1e23009125dd7712104e56f36a594e01.jpg,1
tyrol-w12-43-_png_jpg.rf.3c4aa35a0faf7c846e968bfdf316a34c.jpg,1
Kherson_2022_V2_R4C3_10500_11000_5500_6000-Copy_jpg.rf.439ed6841c95f6f89f250f20147dee89.jpg,1
tyrol-w10-78-_png_jpg.rf.1e17049b30025d9be081417d10a5875a.jpg,0
tyrol-w10-64-_png_jpg.rf.250d11f877cd427cdc63bff66d8be0d0.jpg,0
Kherson_2022_V2_R2C10_10000_10500_14000_14500_jpg.rf.26e8fee291f64aa4ff39f37195ca278f.jpg,1
tyrol-w10-74-_png_jpg.rf.4da1e0a7d2ca5253325818e8a666c9c7.jpg,0
tyrol-w10-77-_png_jpg.rf.bc87b380ae94165e74af1bcdb9add203.jpg,0
Kharkiv_2022_A_1_R4C3_8000_8500_11500_12000_jpg.rf.d18b24c8bf628c64644de8041cdaf05b.jpg,1
okutama_08_90_037_png_jpg.rf.302417ba2ef9a2889e636605b6de6461.jpg,1
tyrol-w12-5-_png_jpg.rf.3af9a8a6d1651688693e19c93d207717.jpg,1
Kherson_2022_V2_R4C3_13000_13500_7000_7500_jpg.rf.460832c6188544f85792a0101422824b.jpg,1
Kherson_2022_V2_R2C9_0_500_8500_9000_jpg.rf.889f9565b4f9f58645befda9fabbdffe.jpg,1
Kherson_2022_V2_R2C12_9000_9500_500_1000_jpg.rf.934efa5cebed00a64cc539125a14ce68.jpg,1
Kherson_2022_V2_R4C3_10000_10500_1000_1500-Copy_jpg.rf.425c52f142698d8e43a444ad2a391040.jpg,1
Kherson_2022_V2_R4C3_13500_14000_6500_7000_jpg.rf.719ef005ce0ce09ec5b87563f28b202a.jpg,1
Kherson_2022_V2_R4C3_11500_12000_1500_2000-Copy_jpg.rf.14e806ada89ffa1e675f17cca46e4ab0.jpg,1
tyrol-w12-77-_png_jpg.rf.4dbb71e936b8189828782e4b9f5689b7.jpg,1
Kherson_2022_V2_R4C3_13000_13500_6000_6500_jpg.rf.ac66266cfadbe0e3fdbfd98484b2d2a5.jpg,1
Kherson_2022_V2_R4C2_9000_9500_6500_7000_jpg.rf.69f4cfda887ee5e804397a9a7ae7af11.jpg,1
Kherson_2022_V2_R4C3_10000_10500_10000_10500-Copy_jpg.rf.6d862cc52cc315f0097a0726d729d6ab.jpg,1
tyrol-w12-82-_png_jpg.rf.9415c1601c00bacdf31cab24f739dbb1.jpg,0
Kherson_2022_V2_R4C3_11500_12000_2000_2500-Copy_jpg.rf.09523509aea8706856fde78db5e05886.jpg,1
tyrol-w12-61-_png_jpg.rf.226f131f23a0feee3d32bc7d15c2fbb3.jpg,0
Kherson_2022_V2_R4C3_11500_12000_14500_15000-Copy_jpg.rf.2cc56c456d85e54f1128111b29b44ede.jpg,1
tyrol-w10-72-_png_jpg.rf.68c6ba56e5b5f624b2de6a14b7218b18.jpg,0
Kherson_2022_V2_R4C3_13500_14000_7000_7500_jpg.rf.94e8f69a3922894ea00577eabce3eb6a.jpg,1
Kherson_2022_V2_R2C12_10000_10500_1000_1500_jpg.rf.6fa1374979d9aca4c54d80ba1581195a.jpg,1
tyrol-w12-88-_png_jpg.rf.6223bcd3c764f40e4d4e2f39d67141d9.jpg,1
Kherson_2022_V2_R4C3_12500_13000_5500_6000-Copy_jpg.rf.a87d7a3c95f8000233a3c39cc1802308.jpg,1
Kherson_2022_V2_R4C3_14000_14500_8000_8500_jpg.rf.b04779e1a28bd8cea78098d7c47f399b.jpg,1
Kherson_2022_V2_R4C3_14000_14500_4500_5000_jpg.rf.3cb6cf080ad5b45edcacf436cea3620b.jpg,1
Kherson_2022_V2_R4C3_13000_13500_6500_7000_jpg.rf.cf8d93a2c7413f907781acfa9112b8d6.jpg,1
tyrol-w12-65-_png_jpg.rf.423c623bffea8a8a44bafe76702de169.jpg,1
Kherson_2022_V2_R4C3_14000_14500_7500_8000_jpg.rf.e931b8eaf6b6fcce6aaba40b1f6ca4f9.jpg,1
Kherson_2022_V2_R4C3_14000_14500_3500_4000_jpg.rf.761804d3fce4fbcf96355ba85ebbefa2.jpg,1
tyrol-w12-80-_png_jpg.rf.c5aea0a211dd77dd6a830834b4e13bb0.jpg,1
tyrol-w10-7-_png_jpg.rf.918e06ea20e582145ff0d1f093dcff83.jpg,1
tyrol-w10-67-_png_jpg.rf.c1714bee533de4e373b5d28d07b64525.jpg,0
Kherson_2022_V2_R2C12_7000_7500_5000_5500_jpg.rf.e6e14b3cb1db3ce79c464a4e8fde23dc.jpg,1
Kherson_2022_V2_R4C3_14000_14500_7000_7500_jpg.rf.90e23afb2027b664465e34eebe3ac12b.jpg,1
Kherson_2022_V2_R2C12_10000_10500_1500_2000_jpg.rf.c8def79181f843af2ff6eeb12ea0118b.jpg,1
okutama_08_90_035_png_jpg.rf.e3688a0778c7fbef04931d00c208360d.jpg,1
tyrol-w12-8-_png_jpg.rf.9d35a2d2a22ba547154c43156f65d082.jpg,0
tyrol-w12-86-_png_jpg.rf.e5262bd48c1153b222eed2bd4bd7212e.jpg,0
Kherson_2022_V2_R4C3_14000_14500_6500_7000_jpg.rf.ad8bab0c148656e4eb6d8e5f64d4ee41.jpg,1
Kherson_2022_V2_R3C10_13000_13500_11000_11500_jpg.rf.672f0015c88fd8bf06809b9eecc96130.jpg,1
tyrol-w12-98-_png_jpg.rf.4aef05781e47204146943adb501a9152.jpg,0
Kherson_2022_V2_R3C10_15000_15500_5000_5500_jpg.rf.16e559ec4e1f7a87312ee9d6576be55e.jpg,1
tyrol-w10-75-_png_jpg.rf.3224f39d30267a5a9d6e4dfd08cb2311.jpg,0
tyrol-w10-76-_png_jpg.rf.7cf1957cfc30507cf71dcd04e0f61c18.jpg,0
Kherson_2022_V2_R4C3_12000_12500_1000_1500-Copy_jpg.rf.3cdd5867390deafdb46c86c6d9936dc0.jpg,1
Kherson_2022_V2_R3C10_13000_13500_11500_12000_jpg.rf.c11cc2c19468e4547e879f92c3b52646.jpg,1
tyrol-w10-80-_png_jpg.rf.d140cdb414ed0164d06980afaf70676d.jpg,0
Kherson_2022_V2_R3C10_10000_10500_2000_2500_jpg.rf.d38779b567b50b70b99329301d592779.jpg,1
Kherson_2022_V2_R4C3_13500_14000_9000_9500_jpg.rf.0087986ffa09b6fc669eda5921cd31e5.jpg,1
Kherson_2022_V2_R4C3_13500_14000_8500_9000_jpg.rf.0929fb059acb33e32aa17542643644db.jpg,1
tyrol-w12-83-_png_jpg.rf.0d8ebc6084724e3bf5496f940755a616.jpg,1
tyrol-w12-66-_png_jpg.rf.1590fc695b8cf552f424b3597067662a.jpg,1
Kherson_2022_V2_R2C12_9500_10000_0_500_jpg.rf.4054d52c582fe7145be0299207f96284.jpg,1
Kherson_2022_V2_R4C3_12500_13000_4000_4500-Copy_jpg.rf.ade017b7c13ec66970e1f2af64114c5a.jpg,1
Kherson_2022_V2_R4C3_13500_14000_14000_14500_jpg.rf.ffe200b2a7de14aaf76a1496988d098a.jpg,1
Kherson_2022_V2_R4C3_15000_15500_16000_16500_jpg.rf.1575b62fa238ad9f4ffe15a6393186fc.jpg,1
tyrol-w12-92-_png_jpg.rf.2ca6bf80d331c722adb43316d5f2f4ba.jpg,0
Kherson_2022_V2_R4C3_12000_12500_5000_5500-Copy_jpg.rf.f3db1a2e3117e17630e857bdb162a4b6.jpg,1
Kherson_2022_V2_R2C12_10500_11000_1000_1500_jpg.rf.19473f39e8ff10e3ae732197437a8b6d.jpg,1
Kherson_2022_V2_R4C3_15000_15500_7500_8000_jpg.rf.566c3197935aa6fe3239435d27b5efe3.jpg,1
Kherson_2022_V2_R3C10_14500_15000_7500_8000_jpg.rf.07bfb08f19b8704d991f338df495b521.jpg,1
tyrol-w12-89-_png_jpg.rf.ac9c4a50de9a75fa2b0c9f7255cadf21.jpg,1
tyrol-w12-9-_png_jpg.rf.e1df5edca355a22ca97b32392c642364.jpg,0
tyrol-w12-94-_png_jpg.rf.d92509f109870696383509a469f4a2c8.jpg,1
Kherson_2022_V2_R3C10_12500_13000_12000_12500_jpg.rf.3716d909a5cf7c57bac76d38e2614437.jpg,1
Kherson_2022_V2_R3C10_13500_14000_8500_9000_jpg.rf.bc94153cfdba28dab8ec42670320b64d.jpg,1
Kherson_2022_V2_R3C10_14500_15000_7000_7500_jpg.rf.2e8892733e56fb3d69670d0266f530d9.jpg,1
tyrol-w12-95-_png_jpg.rf.79a16e7a7669b092f21a0337d22d170a.jpg,1
tyrol-w10-82-_png_jpg.rf.685d38b4b8afb71da6e6029227219214.jpg,0
Kherson_2022_V2_R4C3_15500_16000_15000_15500_jpg.rf.0e197310653d38e815564962b4bb5eae.jpg,1
tyrol-w12-97-_png_jpg.rf.4d0fa28385728bddafd51fb955615217.jpg,1
Kherson_2022_V2_R4C3_12500_13000_14500_15000_jpg.rf.8fa49a395e077371e39580162fe1c299.jpg,1
tyrol-w10-85-_png_jpg.rf.bea6a63a6bcc1650cea1f9a798e13766.jpg,0
Kherson_2022_V2_R4C3_15000_15500_0_500_jpg.rf.4bed41993444bb1eeafa3bfc0ebd7c45.jpg,1
Kherson_2022_V2_R4C3_15500_16000_14500_15000_jpg.rf.162a8dfdaf0656799f17c68278f994f9.jpg,1
tyrol-w10-81-_png_jpg.rf.38671538250c63ed9886cc3881ca3631.jpg,0
Kherson_2022_V2_R3C10_13500_14000_9000_9500_jpg.rf.d4dee6f9708ebb81ae99c359a2e5696e.jpg,1
tyrol-w12-78-_png_jpg.rf.1174694d42b6d91b82d3004d6c354e4b.jpg,1
tyrol-w10-89-_png_jpg.rf.254ce32780f19364c5f0cb48018ce23a.jpg,0
tyrol-w12-79-_png_jpg.rf.4c0638399e6ef853b34779a8849dc3d4.jpg,1
Kherson_2022_V2_R4C3_13500_14000_5500_6000_jpg.rf.8b4b9971e54b4cebd1306944487b6249.jpg,1
Kherson_2022_V2_R4C3_12000_12500_5500_6000-Copy_jpg.rf.fba36830d71b6d0c7215a4b85c0e418f.jpg,1
Kherson_2022_V2_R3C10_14500_15000_6500_7000_jpg.rf.69e82e504db84672a42ff39752989945.jpg,1
tyrol-w10-83-_png_jpg.rf.a610024a4e9a95c16ba1094ebb475733.jpg,0
tyrol-w10-87-_png_jpg.rf.0d6867a9508f950ff8be48946da5b459.jpg,0
Kherson_2022_V2_R4C3_12000_12500_6000_6500-Copy_jpg.rf.13f3557055c8527466fe8b2d93f9aa05.jpg,1
Kherson_2022_V2_R4C3_14000_14500_5000_5500_jpg.rf.5b51b3ba0a3926efc5739736f22d1cf9.jpg,1
tyrol-w12-67-_png_jpg.rf.b177506ab561266cc3d5bc30037a3400.jpg,1
Kherson_2022_V2_R4C3_15000_15500_9500_10000_jpg.rf.23ed2106768d2e9a1c6b577878bd3c80.jpg,1
Kherson_2022_V2_R3C10_14000_14500_9000_9500_jpg.rf.7d3d9009788ea0e0b4c073b6685e9f5f.jpg,1
Kherson_2022_V2_R3C10_16000_16500_3000_3500_jpg.rf.0eadbd74dd627f2d03873c593150e46c.jpg,1
tyrol-w10-9-_png_jpg.rf.438e8ac093b4744c1d707c3c9f7e8252.jpg,1
tyrol-w12-62-_png_jpg.rf.653f1987963d61eed7e9f480f0d06156.jpg,1
Mekele_2022_R1C1_5500_6000_13500_14000_jpg.rf.ea643fee6998be654db3efc318e4cd5d.jpg,1
Kherson_2022_V2_R3C10_15000_15500_5500_6000_jpg.rf.ab2043dc9a03e9d59e8aab9bf0002d6c.jpg,1
tyrol-w10-84-_png_jpg.rf.abd12e18883fbb008578aeec88e72cc5.jpg,0
tyrol-w12-72-_png_jpg.rf.0adbda9028de05073ee430beaff0e4e7.jpg,0
Mekele_2021_V3_1_R1C1_12500_13000_10000_10500_jpg.rf.029054470adf343cd79137255a29ef90.jpg,1
tyrol-w20-29-_png_jpg.rf.3946ae905aec6d6208445d98d58298a5.jpg,0
tyrol-w2-19-_png_jpg.rf.e068209bc2cd57c054c8102987ba65be.jpg,1
tyrol-w10-96-_png_jpg.rf.e12f1eb23deb7f9a66f8d9a8d0dee0c7.jpg,0
Mekele_2022_R3C1_4000_4500_16000_16500-Copy_jpg.rf.c42f6412a42056422590b615fee30a95.jpg,1
Kherson_2022_V2_R4C2_9000_9500_7000_7500_jpg.rf.342c8db0bb492f587ce23c4127a9b95e.jpg,1
Kherson_2022_V2_R3C10_4000_4500_15000_15500_jpg.rf.b582e19497630fc86ee6449de5bd2cc6.jpg,1
Kherson_2022_V2_R3C10_9500_10000_2500_3000_jpg.rf.c209f1303433a73f7cb4bf7a6a4ccb64.jpg,1
tyrol-w18-27-_png_jpg.rf.319089704d463dc4e50dca18a6963efd.jpg,1
Mekele_2022_R2C2_14000_14500_6000_6500_jpg.rf.35bd1d2d28c7b06d3196bc97280f611f.jpg,1
Mekele_2022_R2C2_14500_15000_9500_10000_jpg.rf.8de636eb2ccba8ef132c42815d7ae40a.jpg,1
tyrol-w18-13-_png_jpg.rf.fe3c35f3dea9e19cbabf586b4f804974.jpg,1
Mekele_2021_V3_1_R1C1_11500_12000_14000_14500_jpg.rf.c48b4214f13420100f65b62b7e611d3f.jpg,1
tyrol-w10-94-_png_jpg.rf.a720b9e0018bd89a8f4411656d7ad59f.jpg,0
tyrol-w11-11-_png_jpg.rf.b56aefea7f5b785a8b2000dc2897bf56.jpg,0
tyrol-w20-3-_png_jpg.rf.e1a549b84b694d7bbed54762ffca61f5.jpg,0
Mekele_2022_R2C2_8500_9000_3500_4000_jpg.rf.219a138294ff00e6eb23078c44572762.jpg,1
Mekele_2021_V3_1_R1C1_12000_12500_3000_3500_jpg.rf.23d1a2c552d367bccc9fd02a7b46f926.jpg,1
Mekele_2021_V3_1_R1C1_12000_12500_9000_9500_jpg.rf.91ff8493bed7280899e9092795bdfa5a.jpg,1
Mekele_2021_V3_1_R1C1_12000_12500_12000_12500_jpg.rf.ac409fa44d5dbcbcad38cd7443f6903e.jpg,1
tyrol-w18-12-_png_jpg.rf.de84f322e94287d23772da18ae3c6b6b.jpg,1
tyrol-w18-22-_png_jpg.rf.ff87a313c8d4b32f2a565c80a0656420.jpg,1
Mekele_2022_R2C1_10000_10500_8500_9000-Copy_jpg.rf.017e6e277c8b07c6fc3afb5245b42b61.jpg,1
Mekele_2022_R3C1_5000_5500_16000_16500-Copy_jpg.rf.a2b1809cdf8a207da2cf57e74f15ddf0.jpg,1
tyrol-w10-95-_png_jpg.rf.c3c11e4618d8a4e6b91e20951ab73e25.jpg,0
Mekele_2021_V3_1_R1C1_12000_12500_11500_12000_jpg.rf.247e66fa559728d2cca0d37228e7fc10.jpg,1
Mekele_2021_V3_1_R1C1_15000_15500_8000_8500_jpg.rf.2d000683fbacb9a70ec735d73578f479.jpg,1
tyrol-w20-35-_png_jpg.rf.3fe3c0b259cbe7c0849cb7818a57087f.jpg,0
tyrol-w18-10-_png_jpg.rf.1b85ab3684f348128acdf61aa8c39aa5.jpg,1
Mekele_2022_R3C1_5500_6000_15500_16000-Copy_jpg.rf.cdcbabaa54f6b5c7f67a44052c662b54.jpg,1
Kherson_2022_V2_R3C10_16000_16500_3500_4000_jpg.rf.4cfd7163df78e88c9d54cefa98f0f5f1.jpg,1
tyrol-w11-17-_png_jpg.rf.77f8f7de13b2b4a09b95c501d05f704f.jpg,0
Kherson_2022_V2_R3C10_9500_10000_2000_2500_jpg.rf.afdd8c6e56a0d725db14301eca24d060.jpg,1
tyrol-w11-12-_png_jpg.rf.c620f550ab0563bd9f55203cd9fdea52.jpg,0
Mekele_2021_V3_1_R1C1_14500_15000_6000_6500_jpg.rf.9711c97ec3ebc889cc70de528b387778.jpg,1
Mekele_2022_R2C2_14000_14500_6500_7000_jpg.rf.ee6d86a7d61286f9e5f356ff67be2b59.jpg,1
Mekele_2022_R2C2_8500_9000_4000_4500_jpg.rf.225beaf4dcb67e2f2e7552237cfcd9ba.jpg,1
Mekele_2021_V3_1_R1C1_13500_14000_9000_9500_jpg.rf.0309c2a6ded4b88a3724018d56d5bea1.jpg,1
tyrol-w20-23-_png_jpg.rf.3278070e4d4b7fa9139297021b3747bb.jpg,0
Mekele_2022_R2C2_14000_14500_8500_9000_jpg.rf.febc1fea99d24c6e8d6a00ad096ef55a.jpg,1
Kherson_2022_V2_R3C11_1000_1500_2000_2500_jpg.rf.5ca650053fa66d3d535edc4c3897d1a4.jpg,1
Mekele_2021_V3_1_R1C1_15000_15500_0_500_jpg.rf.c9966d3f90b96c6ac1be98106a2c310a.jpg,1
Mekele_2022_R2C2_15500_16000_11500_12000_jpg.rf.cab6cc26c7e670b68a98772e602f330f.jpg,1
tyrol-w20-33-_png_jpg.rf.d283b893cd39ca89902018ec2172b7a2.jpg,0
Mekele_2022_R2C2_8000_8500_3000_3500_jpg.rf.0710b10f166398de3fba657004fc302c.jpg,1
Mekele_2022_R2C1_10500_11000_12500_13000_jpg.rf.396edd1f040b0015906ff6c393b8fc32.jpg,1
tyrol-w18-1-_png_jpg.rf.b7cffb93cc63c2b93024af1a0c1288f6.jpg,1
Mekele_2021_V3_1_R1C1_13500_14000_6000_6500_jpg.rf.5471e7b22226ee93844377e8989665ed.jpg,1
Mekele_2021_V3_1_R1C1_13000_13500_9500_10000_jpg.rf.d9e30e1d54cdd02112fa437f9f1857ce.jpg,1
tyrol-w10-90-_png_jpg.rf.e0747b7e6ffb0ce58e75d0413719d6ff.jpg,0
tyrol-w18-4-_png_jpg.rf.dc5c7fbee56fd76f164607119c28f0fe.jpg,1
Kherson_2022_V2_R3C11_3000_3500_14000_14500_jpg.rf.1ac12512878b9c043b8c228890bc63ab.jpg,1
tyrol-w11-38-_png_jpg.rf.da607097a5921e6b47ef4f99ce7e77ed.jpg,1
tyrol-w20-40-_png_jpg.rf.2cbe6ab8cfcc6f1188526f44b2d774b1.jpg,0
Mekele_2022_R2C1_10500_11000_9000_9500-Copy_jpg.rf.dfbb75c6143c79f107b52cbcd552e7d7.jpg,1
tyrol-w11-13-_png_jpg.rf.2d5571212d5248eb17f2731590690e61.jpg,1
Mekele_2021_V3_1_R1C1_15000_15500_6000_6500_jpg.rf.393111ee3e415358ec8ba5296c70003e.jpg,1
Mekele_2022_R2C1_10500_11000_15500_16000_jpg.rf.8dea8f54cf057b4cd544a09adf50f11c.jpg,1
tyrol-w18-23-_png_jpg.rf.91c16066edb2bf9862991a728e753d61.jpg,1
tyrol-w11-39-_png_jpg.rf.cdc41109601af7ebd824f25dc38120cb.jpg,1
Mekele_2022_R1C1_11000_11500_5000_5500_jpg.rf.113756f8bbcbe045b266ce8c87cffcbd.jpg,1
Mekele_2021_V3_1_R1C1_14000_14500_0_500_jpg.rf.61ee87f6d65611c38a058fe978e49d66.jpg,1
Mekele_2022_R2C2_8500_9000_4500_5000_jpg.rf.4064bdbd22593b63c9110f2ed952b017.jpg,1
Mekele_2021_V3_1_R1C1_12000_12500_9500_10000_jpg.rf.4e1ec9c2ed1cc96a8790d01490f2f1a7.jpg,1
tyrol-w20-42-_png_jpg.rf.57147be1e99960f6240b7f2afc040b91.jpg,0
tyrol-w11-4-_png_jpg.rf.da6a9c788adfe66d94683a141fe86f2e.jpg,1
tyrol-w20-24-_png_jpg.rf.04bf20f59122b9298a217be9135c5c67.jpg,0
tyrol-w20-38-_png_jpg.rf.31810c9f9f0c3a8130b6dab38ac88a34.jpg,0
Kherson_2022_V2_R3C6_13000_13500_4000_4500_jpg.rf.4b8ea9e01c607ae018fae444c9c51cdd.jpg,1
Kherson_2022_V2_R3C6_10000_10500_1500_2000_jpg.rf.b5858abec16d6275a54b56ab04d2f876.jpg,1
Mekele_2022_R2C2_14500_15000_0_500_jpg.rf.8ddb68d8accda4ce7d8addde030a66fb.jpg,1
tyrol-w18-24-_png_jpg.rf.c8d859d1e6911f9ee2d6825b3c540406.jpg,1
Mekele_2022_R2C2_8500_9000_1500_2000_jpg.rf.15a6c15cce32f6625f6f2ac8eb15be61.jpg,1
tyrol-w18-55-_png_jpg.rf.33bf37b993215bbd67b5541ba0dbace7.jpg,1
Kherson_2022_V2_R3C6_10000_10500_2000_2500_jpg.rf.cfcba423d4bd0d2f1385e74e91e54f80.jpg,1
Kherson_2022_V2_R3C5_6500_7000_16000_16500_jpg.rf.f049ee2713e71e6572ab9c7f8ec88b39.jpg,1
Mekele_2022_R1C1_16000_16500_1000_1500_jpg.rf.7829ecf946dd3059163e92aa376a5ead.jpg,1
tyrol-w20-26-_png_jpg.rf.a8184fffcd692d22cc40d7b5e72b2862.jpg,0
Kherson_2022_V2_R3C11_3000_3500_13000_13500_jpg.rf.49053d06e324f62ea82851a9cdae42b9.jpg,1
Kherson_2022_V2_R3C5_7000_7500_15500_16000_jpg.rf.4b3c1a9f7b6bd1b7158bde7376ba7ecf.jpg,1
Mekele_2021_V3_1_R1C1_2000_2500_7000_7500_jpg.rf.58be980b915047fcc020ca4103c460bb.jpg,1
Mekele_2022_R2C2_14500_15000_10000_10500_jpg.rf.2a67c3e3aa24169874b16338db7e8bd4.jpg,1
Mekele_2022_R2C2_16000_16500_14500_15000_jpg.rf.961ed6ab0d3b4096d966e801453a69e4.jpg,1
Kherson_2022_V2_R3C6_13500_14000_6500_7000_jpg.rf.d03589b43f52106c729e6b265bfe9826.jpg,1
Mekele_2022_R2C2_16000_16500_11000_11500_jpg.rf.90e5f77a56c81f8c1f883bbdba009197.jpg,1
Mekele_2022_R2C2_16000_16500_14000_14500_jpg.rf.b8c8ad5b5b9ec6dd275ee63e79f53d8b.jpg,1
tyrol-w18-25-_png_jpg.rf.93f6ee18f1c666f41c398ddaca9746e8.jpg,1
tyrol-w20-45-_png_jpg.rf.034b4c47e421bbca49c0ca7c00cf38a3.jpg,0
Mekele_2022_R2C1_11000_11500_12500_13000_jpg.rf.3b2025a2876e19f5e7f99de632afbb01.jpg,1
tyrol-w18-32-_png_jpg.rf.b9ebd51a295bd495ab2c1259a78cecb9.jpg,1
Mekele_2022_R2C1_10000_10500_7500_8000-Copy_jpg.rf.ee4e8afa2119ee1d138410f3a597856f.jpg,1
tyrol-w18-31-_png_jpg.rf.0d7ad16a0cb196200ddcd43a37cb21ad.jpg,1
Kherson_2022_V2_R3C6_2000_2500_12000_12500_jpg.rf.7f34d92ff308cad9568ec00c60af5ec3.jpg,1
Mekele_2021_V3_1_R1C1_1500_2000_14000_14500_jpg.rf.6b7b21cf49c1a85df142a9d919c2cc0b.jpg,1
Mekele_2022_R2C2_14500_15000_12000_12500_jpg.rf.01f737492d3e2f3857f7b8652c360ad6.jpg,1
tyrol-w2-17-_png_jpg.rf.950f27bca99b904b4532a0411a9edff2.jpg,1
Mekele_2022_R2C1_10000_10500_15500_16000-Copy_jpg.rf.0f12f5ab8a893279ff296a8637459cb4.jpg,1
tyrol-w2-27-_png_jpg.rf.f4eb808f5db64b2e57d57d48273a940c.jpg,1
Mekele_2022_R2C1_10000_10500_13000_13500-Copy_jpg.rf.c3acfd4a0f9aab7624342745a5397092.jpg,1
Kherson_2022_V2_R3C6_500_1000_4500_5000_jpg.rf.077eb126c77c2126311466fc4026a57e.jpg,1
tyrol-w11-60-_png_jpg.rf.5590bdd9557c10313b5f4379a96fead2.jpg,1
tyrol-w11-68-_png_jpg.rf.90fa6809e6923ee84fcef97e624b05ea.jpg,1
tyrol-w18-41-_png_jpg.rf.7cf589e6b0fbfdb172ad0888e2ea4c3d.jpg,1
Mekele_2022_R2C2_9000_9500_10000_10500_jpg.rf.9fc1d7335a11eaedee63396319485023.jpg,1
Mekele_2022_R2C2_16000_16500_7000_7500_jpg.rf.f93dcec61d600642b3f011657a57a74e.jpg,1
Mekele_2022_R1C1_16000_16500_1500_2000_jpg.rf.db997a6f783702ccc2dc0d041b033d30.jpg,1
tyrol-w18-11-_png_jpg.rf.e0bb7ad932f5d8341a2646eb2a446260.jpg,1
tyrol-w11-37-_png_jpg.rf.b02520619213abbfc6982222169dbe03.jpg,1
Mekele_2022_R1C2_11500_12000_11000_11500_jpg.rf.c6997b748d59537e782ca4421f490a20.jpg,1
tyrol-w2-20-_png_jpg.rf.f37ff839a1fc1b94afa47aab1e42d274.jpg,1
Mekele_2022_R2C1_10000_10500_12500_13000-Copy_jpg.rf.ce93399496c8de4864058278b8b1f22b.jpg,1
Mekele_2022_R2C2_8000_8500_2000_2500_jpg.rf.839abee1ddee81fb32d8cccebce99bb7.jpg,1
Mekele_2022_R2C2_8500_9000_2500_3000_jpg.rf.962e034d8bfcc62bcf59a01a12b14a79.jpg,1
tyrol-w18-26-_png_jpg.rf.c9bcd1b628e5fcb4e5cacdace0ecac46.jpg,1
Mekele_2022_R2C2_8500_9000_500_1000_jpg.rf.1680f34899bc38b246defd342df4fa75.jpg,1
Mekele_2021_V3_1_R1C1_15000_15500_1000_1500_jpg.rf.90b374f75a323b03646012c15459a969.jpg,1
tyrol-w20-36-_png_jpg.rf.d317fead5da498a39805c1e72b23cce5.jpg,0
tyrol-w2-18-_png_jpg.rf.c984add4f337064cc1ec32dc8c187e28.jpg,1
Mekele_2022_R1C1_16000_16500_3500_4000_jpg.rf.ced2299fa3c9ff5b7183257caa0278de.jpg,1
Mekele_2021_V3_1_R1C1_14500_15000_5000_5500_jpg.rf.e2463df8d7eb9db4cace483200a15122.jpg,1
Mekele_2022_R2C2_8000_8500_2500_3000_jpg.rf.483113c98abd2ce898cc25049d85b758.jpg,1
Mekele_2022_R2C1_10000_10500_8000_8500-Copy_jpg.rf.7efc30c7a3cf7434f84dade57909a33e.jpg,1
Mekele_2021_V3_1_R1C1_1500_2000_11500_12000_jpg.rf.9cbff27008b6d63b86fabf06456b0b0c.jpg,1
tyrol-w18-17-_png_jpg.rf.b90cefdee830b5be1ef5a9db116f7f57.jpg,0
tyrol-w18-14-_png_jpg.rf.c67b81e937ae694b84793e9f4b0352ec.jpg,1
tyrol-w18-15-_png_jpg.rf.e2620e197d26851c586d482881e5436a.jpg,1
Mekele_2021_V3_1_R1C1_12500_13000_12000_12500_jpg.rf.f1fc7920ad0272c84c6f0cf32ac9b542.jpg,1
Mekele_2022_R2C2_16000_16500_11500_12000_jpg.rf.479737e64495dd2c3bdd1a4f7c033cdf.jpg,1
tyrol-w2-26-_png_jpg.rf.711852f934f42d3ffed4432932e756fd.jpg,0
Mekele_2021_V3_1_R1C1_1500_2000_15000_15500_jpg.rf.1775ac336563adf264fdb64c8097a5ac.jpg,1
tyrol-w20-30-_png_jpg.rf.35360f662e579c47f7e9c3efa66c8275.jpg,0
Kherson_2022_V2_R3C6_2000_2500_11500_12000_jpg.rf.7698bbbc547c73cba0873269d073db10.jpg,1
Mekele_2021_V3_1_R1C1_13000_13500_10500_11000_jpg.rf.415fc21ea375994465d576ddb735c00a.jpg,1
Mekele_2022_R2C2_8000_8500_3500_4000_jpg.rf.08ec2642bbf7f733b884749b893a16d2.jpg,1
tyrol-w18-37-_png_jpg.rf.983013cbe009610d0804b08f40e4f0a6.jpg,1
Mekele_2021_V3_1_R1C1_12500_13000_11500_12000_jpg.rf.0ea43053daabba8f06d14c21783b0209.jpg,1
Mekele_2021_V3_1_R1C1_13000_13500_11500_12000_jpg.rf.2c47c4182f3b5809022810774f355b60.jpg,1
tyrol-w18-18-_png_jpg.rf.77c29bb45ef0ed7b0628a94f82e2c53f.jpg,1
tyrol-w2-35-_png_jpg.rf.da540594a4f5134f2ec42ba7b9ace601.jpg,1
Mekele_2022_R2C2_15000_15500_10000_10500_jpg.rf.2cf90353c94fc2d582669b3548232fd8.jpg,1
tyrol-w20-4-_png_jpg.rf.cc3b7b609d957b49082835e4608efc5d.jpg,0
Mekele_2022_R2C1_10500_11000_13000_13500-Copy_jpg.rf.edc752ea5dbd8e7d20e94a5848e27df9.jpg,1
Mekele_2022_R2C2_14000_14500_12500_13000_jpg.rf.1b15e193e2943cd7a81f307e48a8896d.jpg,1
Mekele_2022_R2C2_14000_14500_11000_11500_jpg.rf.1585878e5b16698d3eb4df4c0ed8e25d.jpg,1
tyrol-w20-20-_png_jpg.rf.3f59479d06eaeeac8c554cabae8a1a50.jpg,0
tyrol-w2-3-_png_jpg.rf.f942f6a21cf0467e4284d8267eddbc35.jpg,0
tyrol-w20-2-_png_jpg.rf.0a66782766ba17e13449ac1a564e2ffe.jpg,0
tyrol-w18-29-_png_jpg.rf.0e4f2485c5671161138c8a41b56968c1.jpg,1
Mekele_2022_R2C1_11000_11500_13500_14000_jpg.rf.241ccb7473a6db0b00283aca02786e89.jpg,1
Mekele_2021_V3_1_R1C1_15500_16000_0_500_jpg.rf.286e93e149fe3c264621ae243af85997.jpg,1
Mekele_2021_V3_1_R1C1_2500_3000_11000_11500_jpg.rf.3adf70810bff7830f3a5c536b2ac6663.jpg,1
Mekele_2022_R2C2_9000_9500_2000_2500_jpg.rf.98a8559c4f3366467796b89a6e235f14.jpg,1
tyrol-w20-46-_png_jpg.rf.ad081a397d8cff0cb2050a28ce4d5283.jpg,0
tyrol-w20-41-_png_jpg.rf.1672b6ae717c448440cdfb07eb34f345.jpg,0
Mekele_2021_V3_1_R1C1_15000_15500_7500_8000_jpg.rf.68b598830cc7cc792824b4c32b9f89f6.jpg,1
tyrol-w18-38-_png_jpg.rf.dea7f0f9cb630ee297e133bd0790b82e.jpg,1
tyrol-w18-2-_png_jpg.rf.dc69cbc2ad6aca4d54739292849c0938.jpg,1
tyrol-w2-33-_png_jpg.rf.24b2a943679c49e3666725098fca9ddc.jpg,1
Mekele_2021_V3_1_R1C1_13000_13500_9000_9500_jpg.rf.f41eb1b81f9d50bdb99dd50c9f76fb92.jpg,1
Mekele_2021_V3_1_R1C1_1500_2000_5500_6000_jpg.rf.4fc49a15eb24f694feadfa7c05a9d713.jpg,1
Mekele_2021_V3_1_R1C1_1500_2000_6000_6500_jpg.rf.f77b7e918bbbc5653ccbeafd8dd47441.jpg,1
Mekele_2021_V3_1_R1C1_1500_2000_8500_9000_jpg.rf.5a03dab72343707acd53b1b8e1bae419.jpg,1
Mekele_2021_V3_1_R1C1_1500_2000_9000_9500_jpg.rf.2e87e0bcf19421f0999a62ed05ee0aed.jpg,1
tyrol-w18-42-_png_jpg.rf.1869161058c3205671c5568b7fcf72be.jpg,1
Mekele_2022_R2C2_15000_15500_14500_15000_jpg.rf.d32171bc3549adb3b0dc826bfd93a67b.jpg,1
Mekele_2022_R2C2_15500_16000_11000_11500_jpg.rf.c7b44ae7306358054eece45fe8795304.jpg,1
Mekele_2021_V3_1_R1C1_15000_15500_6500_7000_jpg.rf.ee9cfa7351b636aa99b9a872c66931ce.jpg,1
Mekele_2021_V3_1_R1C1_2000_2500_6500_7000_jpg.rf.ac8aa5f300461c08f41b747353a6c5c1.jpg,1
tyrol-w18-54-_png_jpg.rf.985d62ac72458cf11c608249bf83a363.jpg,1
Mekele_2021_V3_1_R1C1_2000_2500_14000_14500_jpg.rf.32b7ddabacb7b98835bbfa2dd154d93e.jpg,1
tyrol-w18-50-_png_jpg.rf.a4ee638dcf656ca4ee072479c8053f7c.jpg,1
tyrol-w18-53-_png_jpg.rf.a331b4c0dd0dbfd439792cd7975db1c3.jpg,1
Mekele_2021_V3_1_R1C1_2000_2500_6000_6500_jpg.rf.c99b4dbc9e9d30512320d19ab252f956.jpg,1
Mekele_2021_V3_1_R1C1_2000_2500_3500_4000_jpg.rf.822e87b6f77350da5d90f33fe95211e3.jpg,1
Mekele_2021_V3_1_R1C1_2000_2500_13500_14000_jpg.rf.63e89bc90855e369d741b63e16ef87c0.jpg,1
tyrol-w18-48-_png_jpg.rf.d71ba7d6a7d86a8d16cf1ebd77a6ab6b.jpg,0
Mekele_2021_V3_1_R1C1_3500_4000_13000_13500_jpg.rf.30b827c75f755930ff95dcc78b78db81.jpg,1
tyrol-w18-72-_png_jpg.rf.5a02f749e58f68dbf00829052a518708.jpg,1
Mekele_2021_V3_1_R1C1_500_1000_14500_15000_jpg.rf.ec05f26ffcab09201826ba62d2352717.jpg,1
Mekele_2021_V3_1_R1C1_3500_4000_12500_13000_jpg.rf.1fbe60453ea0801e71e78df22ca49b7e.jpg,1
tyrol-w18-92-_png_jpg.rf.8118e4a3df2c83fcc28afea6c72a1064.jpg,0
tyrol-w18-94-_png_jpg.rf.1659b8792bf4b6afd3548b4e88208a38.jpg,0
tyrol-w18-96-_png_jpg.rf.878e4aeb402fde80cd08d5deb44f8ab5.jpg,1
Mekele_2021_V3_1_R1C1_500_1000_5500_6000_jpg.rf.0fab4040a746a8dfa33e3179580626b5.jpg,1
Mekele_2021_V3_1_R1C1_3500_4000_12000_12500_jpg.rf.0f29d622fb7b761f06b7ec3d16108ddc.jpg,1
Mekele_2021_V3_1_R1C1_500_1000_10000_10500_jpg.rf.549fc338e344dc5fa239769b95dbbf52.jpg,1
tyrol-w18-59-_png_jpg.rf.1d6505ecbb4a0214e1ac6e486c1f4d9c.jpg,0
Mekele_2021_V3_1_R1C1_3000_3500_5500_6000_jpg.rf.4c1de4855eb8680b354f647baa791c3a.jpg,1
tyrol-w18-93-_png_jpg.rf.c45939f9f2085233abc03b507a8ffeb9.jpg,1
tyrol-w18-57-_png_jpg.rf.431dd6636a942143e81d7c061a90f14a.jpg,1
Mekele_2021_V3_1_R1C1_500_1000_14000_14500_jpg.rf.1a2f2c03618874795ffd7972fc211f63.jpg,1
Kherson_2022_V2_R4C3_7500_8000_7000_7500-Copy_jpg.rf.780ccc99d06abbe1f25da089c2e2681d.jpg,1
Kherson_2022_V2_R4C4_14500_15000_4000_4500_jpg.rf.050e51dc4b9c4c8c94f3bb8ce17105ce.jpg,1
Kherson_2022_V2_R4C9_4000_4500_4000_4500-Copy_jpg.rf.d2fe6433d34b694e8c7ab787fa97f4e7.jpg,1
tyrol-w13-79-_png_jpg.rf.c415e70d449b097e191415e71bc8e724.jpg,0
Kherson_2022_V2_R4C4_15000_15500_0_500_jpg.rf.f7f8f2a3c360c97242d988185b4de2e9.jpg,1
Kherson_2022_V2_R4C3_9500_10000_7000_7500-Copy_jpg.rf.41f7ebad913f8808aac6a9a5478b1580.jpg,1
tyrol-w13-22-_png_jpg.rf.8c988fefff2c8c9f1495cc41f1091b00.jpg,0
Kherson_2022_V2_R4C4_11000_11500_8000_8500-Copy_jpg.rf.7663e7eb45262a48f9de8df4bf1cd6e2.jpg,1
tyrol-w13-8-_png_jpg.rf.470695fcd919371fe7e27974bc58823f.jpg,0
Kherson_2022_V2_R4C3_9500_10000_7500_8000-Copy_jpg.rf.28538e21d1eba74d829299532a34ebca.jpg,1
tyrol-w13-47-_png_jpg.rf.fbe4a437fb0a150f5220f9b3a5558db4.jpg,1
Kherson_2022_V2_R4C9_4000_4500_3000_3500-Copy_jpg.rf.0c0289e62c957b10067116c8e80a366d.jpg,1
tyrol-w13-77-_png_jpg.rf.069477e422df6684e82b4f6552b872ac.jpg,0
tyrol-w13-54-_png_jpg.rf.135bb8383b996f3cd9154a8a79153b31.jpg,0
Kherson_2022_V2_R4C4_11500_12000_8000_8500-Copy_jpg.rf.19aec164311e392f3996719d8f7d8cfc.jpg,1
Kherson_2022_V2_R4C3_16000_16500_7500_8000_jpg.rf.2b72f8f213eb1a2355fc99fd44486697.jpg,1
tyrol-w13-63-_png_jpg.rf.2ef2f1934b414554524dc84252db4053.jpg,1
Kherson_2022_V2_R4C3_16000_16500_4500_5000_jpg.rf.636925ac88ba428cce274cf44d822ff1.jpg,1
tyrol-w13-24-_png_jpg.rf.caacefcc374f9684f2ab833779e05608.jpg,0
Kherson_2022_V2_R4C4_11500_12000_9000_9500-Copy_jpg.rf.e0646336e21bf827d9ee9e33b7b78f6c.jpg,1
tyrol-w13-14-_png_jpg.rf.270f1d4756b15214d0fdcb69884de252.jpg,0
Kherson_2022_V2_R4C4_14500_15000_5500_6000_jpg.rf.7313d2948541dd1a7fefd5bc30de6b48.jpg,1
tyrol-w13-40-_png_jpg.rf.17eb1d19794ce2b58ed16201c8751dac.jpg,0
Kherson_2022_V2_R4C4_11500_12000_10000_10500_jpg.rf.35a550ff43199d4928e4bfc11f86c8b2.jpg,1
tyrol-w13-48-_png_jpg.rf.a5c0d42c744ef304fb96d4d57be3dcda.jpg,1
Kherson_2022_V2_R4C4_11500_12000_0_500-Copy_jpg.rf.c9ab6ad08c1ca591f8f52512d4a1463f.jpg,1
tyrol-w13-78-_png_jpg.rf.79a9cf3d709288cd43356382bd07cfda.jpg,0
Kherson_2022_V2_R4C4_14500_15000_4500_5000_jpg.rf.13d1a22655a2ff5d5ec7b0ab7c01c9f1.jpg,1
Kherson_2022_V2_R4C4_500_1000_6000_6500-Copy-Copy_jpg.rf.b916bd6aa0c94de2c6decf8913ec1cf1.jpg,1
Kherson_2022_V2_R4C3_15500_16000_6000_6500_jpg.rf.b42d2bdf4136629322392c8b852d7f87.jpg,1
Kherson_2022_V2_R4C4_11500_12000_11500_12000-Copy_jpg.rf.0466bfcd6157d6b7f38359b877197531.jpg,1
tyrol-w13-5-_png_jpg.rf.1b38691b86930d65072c71b78c85141c.jpg,0
tyrol-w13-49-_png_jpg.rf.611461346426c9cd2598d02f78b5847c.jpg,0
tyrol-w15-61-_png_jpg.rf.75767f8cbc205f8b85fb43604b5319ab.jpg,1
tyrol-w15-62-_png_jpg.rf.d2726530c636a92a2e8e450484018255.jpg,0
Kherson_2022_V2_R4C9_3500_4000_8500_9000-Copy_jpg.rf.f26d7510a0e837ad7f444c0680fb9be5.jpg,1
tyrol-w13-97-_png_jpg.rf.ea223da1a76abc07e87b445b2bee7836.jpg,1
Kherson_2022_V2_R4C4_13500_14000_1500_2000_jpg.rf.54868b8b8ec7a84b30b979d96481de62.jpg,1
tyrol-w15-20-_png_jpg.rf.b8e16ca4c2a6a3ca85b57df1c86d09c4.jpg,0
tyrol-w13-80-_png_jpg.rf.9cc7c4a22bd6a83727a219abd4d4a14c.jpg,1
Kherson_2022_V2_R4C4_12000_12500_4000_4500_jpg.rf.85df58bfe7bbc15af2d2ae0e18baf6c4.jpg,1
tyrol-w13-95-_png_jpg.rf.5ea62ae757722a09f9206335a922a270.jpg,1
tyrol-w13-98-_png_jpg.rf.7bc6c4683b42e69aa1094991788139c7.jpg,1
tyrol-w13-51-_png_jpg.rf.376815a920fe0909a2c314d6f4d9a5f1.jpg,0
Kherson_2022_V2_R4C4_4000_4500_14500_15000-Copy-Copy_jpg.rf.e73dfdb662ff43f6925ca24eaf9b3ee8.jpg,1
Kherson_2022_V2_R4C4_11500_12000_12000_12500_jpg.rf.59dd36349bf8a6f8983bc5a69a19e18e.jpg,1
Kherson_2022_V2_R4C4_500_1000_6500_7000-Copy-Copy_jpg.rf.5d2bd1407a9cdb23dcb07d2b37d00a3f.jpg,1
Kherson_2022_V2_R4C3_15500_16000_8000_8500_jpg.rf.5c9ca3e736f415c01bd661d1fdf31657.jpg,1
tyrol-w13-10-_png_jpg.rf.8ab7e3b6b17716fb4dbfca613284f30e.jpg,0
tyrol-w13-11-_png_jpg.rf.93740702ef0c7f4dd4b97745aa893bf0.jpg,0
tyrol-w13-43-_png_jpg.rf.a83fbed4bec157f637d83b421aa6b842.jpg,0
Kherson_2022_V2_R4C4_11000_11500_10000_10500-Copy_jpg.rf.bcf1b8ceea7ff0dfdb43ff80b197af50.jpg,1
tyrol-w13-66-_png_jpg.rf.06c98e4b2b0e9e1046cfbf5fcb80fbe7.jpg,1
Kherson_2022_V2_R4C4_11500_12000_4000_4500-Copy_jpg.rf.5f0b574d3528298185549b6d6b772782.jpg,1
Kherson_2022_V2_R4C4_11500_12000_4500_5000-Copy_jpg.rf.e879ebaa7862c1567cef29343af32134.jpg,1
Kherson_2022_V2_R4C4_15000_15500_9500_10000_jpg.rf.b29a263225316b196f2fb1cdfbde6f6c.jpg,1
Kherson_2022_V2_R4C4_4000_4500_0_500-Copy-Copy_jpg.rf.38c1eb3ea7b7692c7a673df423ca8872.jpg,1
Kherson_2022_V2_R4C4_12500_13000_5500_6000_jpg.rf.6d51917a28c37d142040c42374561946.jpg,1
Kherson_2022_V2_R4C4_10500_11000_8000_8500-Copy_jpg.rf.78e81b0e4b33c2903f110e2ba9b9bd76.jpg,1
Kherson_2022_V2_R4C4_11000_11500_10500_11000-Copy_jpg.rf.82da03d6c27d03b6a9c817b79b736a43.jpg,1
Kherson_2022_V2_R4C3_15500_16000_8500_9000_jpg.rf.ba6912e28366f6379a7266cbdbd8cee7.jpg,1
Kherson_2022_V2_R4C4_15500_16000_7500_8000_jpg.rf.679a3323d8b6276a1fb967e7fd31c7f7.jpg,1
Kherson_2022_V2_R4C4_15500_16000_10000_10500_jpg.rf.d1ffb3ebb95a89362b39ae40dd64e294.jpg,1
tyrol-w15-29-_png_jpg.rf.bfdeb7e5476ee5b1c34c4efe2e21d6d9.jpg,1
tyrol-w13-44-_png_jpg.rf.d71056874cdd719a2c338cea600425a7.jpg,1
Kherson_2022_V2_R4C4_15500_16000_9000_9500_jpg.rf.ffedee4142e12e2206139ac8078c5c76.jpg,1
tyrol-w15-27-_png_jpg.rf.f7df615004b4e6f27276f090c2906f43.jpg,1
tyrol-w13-12-_png_jpg.rf.9e94dd7c6b5cae6a71956b20aa1be25d.jpg,0
Kherson_2022_V2_R4C4_14000_14500_12500_13000_jpg.rf.f5a8a4d2e768c4545a2d0c7cc4cde10c.jpg,1
Kherson_2022_V2_R4C8_7000_7500_13500_14000_jpg.rf.667cedd416abb0acb9d10660b14847f4.jpg,1
Kherson_2022_V2_R4C8_7000_7500_12500_13000_jpg.rf.a29c53a8a03fb342ba37d638906634c1.jpg,1
Kherson_2022_V2_R4C9_3500_4000_8000_8500-Copy_jpg.rf.5a5a2ca206ca273f6af1cf9015086278.jpg,1
tyrol-w15-26-_png_jpg.rf.84f050069ffec52265162bf6fa31cea0.jpg,0
Kherson_2022_V2_R4C4_14000_14500_14500_15000_jpg.rf.26a281521bf35946b579de83ba4ce8cc.jpg,1
Kherson_2022_V2_R4C4_16000_16500_10500_11000_jpg.rf.251b01b2c946f6ca03a841411dd88e95.jpg,1
tyrol-w13-67-_png_jpg.rf.f843ed0596d75da75b2dd3c9fe7fd62e.jpg,1
Kherson_2022_V2_R4C4_16000_16500_11000_11500_jpg.rf.1ec55cccacafcee7846d05ec80af9b26.jpg,1
Kherson_2022_V2_R4C4_4000_4500_6500_7000-Copy-Copy_jpg.rf.e2abeb8d74c5abffecbd73b00bcf8012.jpg,1
tyrol-w15-54-_png_jpg.rf.e5e8d89772282999501e46645fb5f089.jpg,0
tyrol-w13-9-_png_jpg.rf.3ad79d495c808742de0f378b84cbfbf5.jpg,0
tyrol-w13-82-_png_jpg.rf.93cf13d04bdf6860ff5e22aa5fbf159f.jpg,1
tyrol-w15-60-_png_jpg.rf.07adf7d46e8e1b50b68ceede41d7886e.jpg,0
tyrol-w15-4-_png_jpg.rf.13542c9fa97cf744de52c17363a19601.jpg,1
tyrol-w15-55-_png_jpg.rf.b2be5ea3a66da064d9044b8591ac391b.jpg,1
Kherson_2022_V2_R4C4_15000_15500_10000_10500_jpg.rf.bd543a52d22c8640efa433b57050bf49.jpg,1
Kherson_2022_V2_R4C9_1500_2000_16000_16500-Copy-Copy-Copy_jpg.rf.c283231ffe23c2e6a7035746f148a149.jpg,1
tyrol-w13-45-_png_jpg.rf.8ba38c7fbde414dc1b1da1d47314545f.jpg,0
tyrol-w13-94-_png_jpg.rf.72651caded2efe59ae3342227127bc6c.jpg,1
Kherson_2022_V2_R4C9_1500_2000_15500_16000-Copy-Copy-Copy_jpg.rf.71090f62902b97d13b56a3bca59a3778.jpg,1
Kherson_2022_V2_R4C4_14000_14500_5500_6000_jpg.rf.e70985f2bfe753d565d294a93015f250.jpg,1
Kherson_2022_V2_R4C9_2500_3000_9500_10000-Copy-Copy-Copy_jpg.rf.aa61c09050b5de69c3eff82d10eafd47.jpg,1
Kherson_2022_V2_R4C4_16000_16500_10000_10500_jpg.rf.47134bf8d6c5b37b96405831a0e1f76b.jpg,1
Kherson_2022_V2_R4C4_14000_14500_4500_5000_jpg.rf.c5692c3af1d660b6250a6e151d2fa395.jpg,1
Kherson_2022_V2_R4C4_11000_11500_12500_13000-Copy_jpg.rf.b12b02b5a198c477c93583a5a5f2076e.jpg,1
Kherson_2022_V2_R4C4_15000_15500_8500_9000_jpg.rf.b658f8f609e8d9637accee7faa726590.jpg,1
Kherson_2022_V2_R4C4_15000_15500_500_1000_jpg.rf.ff7dcd99d1430528fad18a5b93f7c754.jpg,1
tyrol-w15-63-_png_jpg.rf.c3180941f68e50a55d7cdd8ece3947bf.jpg,0
tyrol-w14-1-_png_jpg.rf.6834af9e309c8c355793f62b2e6a24c8.jpg,0
Kherson_2022_V2_R4C4_14000_14500_5000_5500_jpg.rf.75c6c62928a92f0ed007e1ef47160960.jpg,1
tyrol-w13-73-_png_jpg.rf.fb794041a3e47f23b14d0e855cb4bf21.jpg,1
Kherson_2022_V2_R4C9_3500_4000_6500_7000-Copy_jpg.rf.16a57bfd5a1429c6ebb040b2881a65f7.jpg,1
Kherson_2022_V2_R4C4_6500_7000_12500_13000-Copy-Copy_jpg.rf.52e1c588fd84d094ead8202d2a279544.jpg,1
tyrol-w13-84-_png_jpg.rf.91c69e1eb56ef4ab227605c1c3ec1b93.jpg,1
Kherson_2022_V2_R4C9_2000_2500_12000_12500-Copy-Copy-Copy_jpg.rf.18aba092b15980685c24caa148f49590.jpg,1
tyrol-w15-47-_png_jpg.rf.d8aa87324c8cbb38f2800df748a8683b.jpg,0
tyrol-w13-68-_png_jpg.rf.d9b1dd492058104df3de955b7cabb5a2.jpg,1
Kherson_2022_V2_R4C4_14000_14500_6000_6500_jpg.rf.6a95d0525dcba36a0ab7fa0311d86976.jpg,1
Kherson_2022_V2_R4C4_500_1000_7000_7500-Copy-Copy_jpg.rf.d881d79ebe3d6f5cee1049d9b48fa9a0.jpg,1
Kherson_2022_V2_R4C9_3500_4000_7500_8000-Copy_jpg.rf.e1cd216908aad1e5a9ed88da91221eaf.jpg,1
tyrol-w13-93-_png_jpg.rf.1bacf1e57cb5749a67b2ccf52022a469.jpg,1
Kherson_2022_V2_R4C4_16000_16500_8000_8500_jpg.rf.634e921be2f6278bc6e587711399388d.jpg,1
tyrol-w15-49-_png_jpg.rf.49f015dd20f56add1fc2592375f8d122.jpg,0
tyrol-w14-100-_png_jpg.rf.46360fb9d12c33825df1fef671018c9d.jpg,0
tyrol-w13-75-_png_jpg.rf.eff1f99f711ef9dac447702f49645f00.jpg,1
Kherson_2022_V2_R4C4_2000_2500_14500_15000-Copy-Copy_jpg.rf.6a14fe170be933c484c760bccd82b8b8.jpg,1
Kherson_2022_V2_R4C4_14500_15000_10500_11000_jpg.rf.4aa0cddf36eb1f6be7dee38585dbe764.jpg,1
tyrol-w15-56-_png_jpg.rf.462b982b32fa1940143b46878caf4e82.jpg,0
tyrol-w15-57-_png_jpg.rf.0b999dfee86ef619d876349e3730d80f.jpg,0
Kherson_2022_V2_R4C9_3000_3500_8500_9000-Copy_jpg.rf.f4254cd0d01605dc70e417ae31c56092.jpg,1
tyrol-w13-72-_png_jpg.rf.b42790e1a9d28b53f0384ff916ac7ea7.jpg,1
Kherson_2022_V2_R4C4_14500_15000_1000_1500_jpg.rf.f65559f167c237146b8df3900bb728d3.jpg,1
tyrol-w13-99-_png_jpg.rf.194e4384accc3282649ea98b1e8c220f.jpg,1
tyrol-w15-30-_png_jpg.rf.bb98454bb3fd1e51ba1b5684604a86a6.jpg,0
Kherson_2022_V2_R4C9_2000_2500_11500_12000-Copy-Copy-Copy_jpg.rf.ff30e89c9a1b50505b78baf5dbab63d1.jpg,1
tyrol-w15-5-_png_jpg.rf.54fa486b1f7ff36cae924b3a2fbd870b.jpg,1
Kherson_2022_V2_R4C4_14500_15000_10000_10500_jpg.rf.711ca7af1e18c34f1d7a5bcbb1fc50dc.jpg,1
tyrol-w15-6-_png_jpg.rf.00b439b227b194364a4692b45ee0ea05.jpg,1
Kherson_2022_V2_R4C8_7000_7500_15500_16000_jpg.rf.5d768ef21a27f8d4e100454b8688a634.jpg,1
Kherson_2022_V2_R4C4_6000_6500_16000_16500-Copy-Copy_jpg.rf.cd3babbd3d7b6ec5383482a52a78b64e.jpg,1
tyrol-w15-50-_png_jpg.rf.28350719e3476e67d347e05f650a2560.jpg,0
Kherson_2022_V2_R4C8_7000_7500_8000_8500_jpg.rf.94442b115a5fec483927352c2c4c8090.jpg,1
Kherson_2022_V2_R4C4_2000_2500_8000_8500-Copy-Copy_jpg.rf.e79d83c42a10932aca2654d44341597a.jpg,1
tyrol-w13-81-_png_jpg.rf.70a35528c3379e6f7dafa51884971431.jpg,1
tyrol-w14-12-_png_jpg.rf.1d8ab5dfc7c75ad2561389bdd91e814a.jpg,0
Kherson_2022_V2_R4C8_7500_8000_10500_11000_jpg.rf.5ca1fa1ef3d15f280fc51724177981d2.jpg,1
tyrol-w15-34-_png_jpg.rf.a0be7e4b8a65e973d8f7efa72b950812.jpg,1
Kherson_2022_V2_R4C4_6500_7000_14000_14500-Copy-Copy_jpg.rf.c8f3a024e5daf1fd702fb00e92313cce.jpg,1
Kherson_2022_V2_R4C8_7500_8000_13500_14000_jpg.rf.ff4206764da50f9d3d469e937e89defd.jpg,1
tyrol-w15-53-_png_jpg.rf.ade835bfeefba2905ef0d353f4ed52c5.jpg,1
Kherson_2022_V2_R4C9_2000_2500_13000_13500-Copy-Copy-Copy_jpg.rf.f3b72db1117d63048c2eec7a6111fa5b.jpg,1
Kherson_2022_V2_R4C9_1000_1500_14500_15000-Copy-Copy-Copy_jpg.rf.3c086e088c3bc6299dd1d35e02b59b18.jpg,1
tyrol-w13-74-_png_jpg.rf.af03eb0d137274e7e7d96b06299e732d.jpg,1
tyrol-w15-36-_png_jpg.rf.211cdc2a83bc730aab2bc01f2db854ed.jpg,0
Kherson_2022_V2_R4C8_7000_7500_10000_10500_jpg.rf.4860a99c90ed1175e2110241d5a86e8f.jpg,1
tyrol-w15-40-_png_jpg.rf.215c5b4b3a020f02e7f54c1935456021.jpg,1
Kherson_2022_V2_R4C8_8000_8500_12500_13000_jpg.rf.dc99245c042230abac2430b539e6e196.jpg,1
tyrol-w15-39-_png_jpg.rf.0683601cf9f8708c985b905adc6e2bcc.jpg,0
Kherson_2022_V2_R4C8_7000_7500_11500_12000_jpg.rf.64460dff958f754223b7f84680750160.jpg,1
tyrol-w13-96-_png_jpg.rf.e989dbc38b1dbd6455bbf868b835161e.jpg,1
Kherson_2022_V2_R4C8_7000_7500_14500_15000_jpg.rf.86008fe4f1b6feeca2a2253c3ab1acb5.jpg,1
Kherson_2022_V2_R4C9_1500_2000_14000_14500-Copy-Copy-Copy_jpg.rf.c6dfc440bae3a49863443004378b84d1.jpg,1
Kherson_2022_V2_R4C8_8000_8500_13500_14000_jpg.rf.e3f8882bc5bc568a31b15e443338e79a.jpg,1
Kherson_2022_V2_R4C8_7500_8000_10000_10500_jpg.rf.719b9f19b2624525ec5da326ab71f4b0.jpg,1
tyrol-w15-46-_png_jpg.rf.9bbe5b73f1540f80b6616b9d22c76f99.jpg,0
Kherson_2022_V2_R4C8_7500_8000_14000_14500_jpg.rf.e8a8ae7179b915b77a1d25912d252ef8.jpg,1
Kherson_2022_V2_R4C9_1500_2000_15000_15500-Copy-Copy-Copy_jpg.rf.45c94c5d15a975a414850f755dfee648.jpg,1
tyrol-w15-42-_png_jpg.rf.c7833ec7e391f90f826c91173c255572.jpg,1
tyrol-w15-35-_png_jpg.rf.8b4ca420283b1e5005306c7d47339e6c.jpg,1
Kherson_2022_V2_R4C9_1000_1500_15500_16000-Copy-Copy-Copy_jpg.rf.3604dbc95ff239c7b842fb801d3d5b3f.jpg,1
tyrol-w15-44-_png_jpg.rf.c12492a8faf560e1b42b05aecbdce6b8.jpg,1
tyrol-w15-43-_png_jpg.rf.bc1bf727274c4158b314743e48b6a442.jpg,1
Tripoli_2022_R2C1_9500_10000_500_1000_jpg.rf.87c5f3a5436b8e755ace064e841ce5af.jpg,1
Mykolaiv_2022_A_1_R4C5_0_500_2500_3000_jpg.rf.fe7d47c6705b607c25246461c7b62c8a.jpg,1
tyrol-w28-46-_png_jpg.rf.6c0d9b69742354c93d41d473ea596561.jpg,1
Tripoli_2022_R2C3_12000_12500_9000_9500_jpg.rf.fdbacc8e686ad01e54281c0cc957dc6b.jpg,1
tyrol-w30-70-_png_jpg.rf.876c92326159dc3e1793a460b2ed7798.jpg,1
Tripoli_2022_R2C3_13000_13500_8000_8500_jpg.rf.aad9370df5c4cbecab30aecbc0e7dbb4.jpg,1
tyrol-w30-7-_png_jpg.rf.55b6a2d2f349963b443cfb0da30f50ad.jpg,1
Mykolaiv_2022_A_1_R4C5_13500_14000_4000_4500_jpg.rf.d53a1fac81402200bff111a469c0bd72.jpg,1
Mykolaiv_2022_A_1_R4C5_500_1000_6000_6500_jpg.rf.6f3aa2fa93faaa616c284e24668801e4.jpg,1
Mykolaiv_2022_A_1_R5C3_6500_7000_10000_10500_jpg.rf.76746c0a3395fb033c7ddee9849a672a.jpg,1
tyrol-w30-73-_png_jpg.rf.1a7b94b30d0b6cb392aeadde0e2e8dd2.jpg,1
Tripoli_2022_R2C3_15000_15500_5000_5500_jpg.rf.40611663587d859fddf31b32a871593e.jpg,1
Tripoli_2022_R2C3_15000_15500_1500_2000_jpg.rf.b8197b704fe277eeee3226845439205f.jpg,1
Mykolaiv_2022_A_1_R4C4_16000_16500_15000_15500_jpg.rf.2f63efce074dc173d29f0545b05db7d4.jpg,1
Mykolaiv_2022_A_1_R4C5_1500_2000_3000_3500_jpg.rf.d1598fa0fc9114243345a55ef16bb1f9.jpg,1
tyrol-w3-66-_png_jpg.rf.6c828f9164ba79cd5b800055a9e4d609.jpg,1
Mykolaiv_2022_A_1_R4C4_16000_16500_8500_9000_jpg.rf.3800385665793b7e71822fb57ae63a2a.jpg,1
tyrol-w28-27-_png_jpg.rf.5b4153dcdaed3a8cfd207d120db9a461.jpg,1
tyrol-w28-26-_png_jpg.rf.9cd53f75084a5a588878db628a6bf275.jpg,1
Mykolaiv_2022_A_1_R4C4_16000_16500_9000_9500_jpg.rf.dd8a71a289aef0a81ab239ca3ce338f2.jpg,1
tyrol-w29-25-_png_jpg.rf.b9edc4c62fd49decc615c7a532673b2c.jpg,0
tyrol-w28-48-_png_jpg.rf.8f4914693aa98c3d31e7904d54f4e5ad.jpg,0
tyrol-w27-89-_png_jpg.rf.758c878f9066f37e3683f7d59aa79bb9.jpg,0
Tripoli_2022_R2C3_13000_13500_7500_8000_jpg.rf.b58c201c70c851a858c49dd9f1cc1916.jpg,1
tyrol-w28-4-_png_jpg.rf.605bc6ec113fd1a77e6641e24832da63.jpg,0
Tripoli_2022_R1C2_12500_13000_6500_7000_jpg.rf.e21ea37d3dccfff9d38cfe7b1a43642d.jpg,1
Mykolaiv_2022_A_1_R4C5_0_500_500_1000_jpg.rf.0eed82cdf2afcb4bc572986cc08d7119.jpg,1
Mykolaiv_2022_A_1_R4C5_0_500_3000_3500_jpg.rf.f3c26bf37966bfbabf757390d5029736.jpg,1
Mykolaiv_2022_A_1_R4C5_9000_9500_6000_6500_jpg.rf.6b77b197cfe100d8680ca3558325be83.jpg,1
tyrol-w29-26-_png_jpg.rf.3ccab63ab322a7ab4ce2362167132bb1.jpg,1
Tripoli_2022_R2C1_7500_8000_10500_11000_jpg.rf.8cc5993a37b5153e4bd8da70b00fbbd0.jpg,1
tyrol-w28-40-_png_jpg.rf.4bcde0e4c49e5772f567493e8932bb9f.jpg,1
tyrol-w28-41-_png_jpg.rf.a64b91b14ec345a8fb4f804646b67131.jpg,1
tyrol-w30-77-_png_jpg.rf.54f476f0c140f2aa2e7e63ae74cf1cfe.jpg,1
Tripoli_2022_R2C3_15500_16000_8500_9000_jpg.rf.aaf5c655091ebbdcec7aed26bf3cdf85.jpg,1
tyrol-w30-74-_png_jpg.rf.fb114eea4f12f7acbfccdd5309a2fd8f.jpg,1
tyrol-w28-30-_png_jpg.rf.9ada75cdc882a95a7ee4866028e06c84.jpg,1
Mykolaiv_2022_A_1_R4C4_3500_4000_13000_13500_jpg.rf.a14e856e8d6d14000da93e044f289ad0.jpg,1
tyrol-w28-3-_png_jpg.rf.ae424f2a862dc267872c17a625d98e7e.jpg,0
tyrol-w28-42-_png_jpg.rf.82f4146015ec5627ba9f2dcbaa81adf1.jpg,1
Mykolaiv_2022_A_1_R4C5_12500_13000_4000_4500_jpg.rf.a45ccb88d204a7ab2af1b2b26b000b14.jpg,1
Mykolaiv_2022_A_1_R4C5_12500_13000_5000_5500_jpg.rf.a5f828076f7f0f41a64e1f65880094f5.jpg,1
tyrol-w29-23-_png_jpg.rf.8343ee1db379f8da7c1eec52f81a81dd.jpg,1
Mykolaiv_2022_A_1_R4C4_16000_16500_9500_10000_jpg.rf.3f4b028f27cdf50497129f9f646fd7ed.jpg,1
Mykolaiv_2022_A_1_R4C5_13000_13500_5000_5500_jpg.rf.1a0fb1b1e8b459c12fbd6cf2746e651a.jpg,1
Mykolaiv_2022_A_1_R4C5_9500_10000_6000_6500_jpg.rf.8ad182bfc12fe45da633521171c8f66b.jpg,1
Tripoli_2022_R2C3_15000_15500_8000_8500_jpg.rf.630f39d085024c7a558303d83f30777a.jpg,1
Mykolaiv_2022_A_1_R4C4_3500_4000_0_500_jpg.rf.9b52ac80c54a9cf563b3bd95a10d1d68.jpg,1
tyrol-w27-87-_png_jpg.rf.9f6d6416ef54555c6bd0d156e6e912eb.jpg,0
Mykolaiv_2022_A_1_R4C4_13000_13500_11000_11500_jpg.rf.d99d74e3150ee25fa93cb47cebea5823.jpg,1
tyrol-w28-35-_png_jpg.rf.2f67ae2a000647dead0eae280ae21103.jpg,1
Mykolaiv_2022_A_1_R4C4_500_1000_5500_6000_jpg.rf.a5503246fc9132e2322efa0bf61e1730.jpg,1
Tripoli_2022_R1C2_12000_12500_2000_2500_jpg.rf.49c6c5e68e38c1803a18e38029ef2efc.jpg,1
Mykolaiv_2022_A_1_R5C2_10000_10500_7000_7500_jpg.rf.5e84a939d59afcc1bcdd314e0ca8e35b.jpg,1
tyrol-w29-24-_png_jpg.rf.290c881652e363178e4a9140a3c9cc27.jpg,0
tyrol-w28-50-_png_jpg.rf.07c08ff627a573d41ff093c5191c7f14.jpg,1
Mykolaiv_2022_A_1_R5C2_11000_11500_2500_3000_jpg.rf.7021a81573ffeeb6a380d13aaf5b26c8.jpg,1
tyrol-w28-5-_png_jpg.rf.c10d761176b893d422034bd465c5188b.jpg,0
Mykolaiv_2022_A_1_R4C4_6500_7000_11500_12000_jpg.rf.aa246757b69a40eeccdf46eb3bc6aecc.jpg,1
tyrol-w28-33-_png_jpg.rf.efe86c4e175d25ccdfb743389c8f3f04.jpg,1
Tripoli_2022_R1C2_13000_13500_16000_16500_jpg.rf.3d6c1f0db8cb9ba5b74b7557618b9651.jpg,1
Mykolaiv_2022_A_1_R5C2_12500_13000_3000_3500_jpg.rf.ab5be095543b0746d9ac3750c5df45bb.jpg,1
Tripoli_2022_R1C2_12500_13000_12000_12500_jpg.rf.f70a6d8b11413077ffa333a94043e1d3.jpg,1
Mykolaiv_2022_A_1_R4C4_6500_7000_14000_14500_jpg.rf.2fa45c183771a3167c2dc47d916c8ec9.jpg,1
Mykolaiv_2022_A_1_R5C2_12500_13000_4000_4500_jpg.rf.4c190d6a5e46e63dee324249bceccd34.jpg,1
tyrol-w28-53-_png_jpg.rf.be3b7526708d63040811e04ac30d22f9.jpg,1
Mykolaiv_2022_A_1_R4C4_7000_7500_12500_13000_jpg.rf.130617f18e3b44b5385876a3a7520f12.jpg,1
tyrol-w28-37-_png_jpg.rf.ec7713b9737c167c6cbcafb4c90bf9fc.jpg,0
Tripoli_2022_R2C3_12000_12500_7000_7500_jpg.rf.7e326826a85f8a3b94f3b3273b20e99e.jpg,1
Mykolaiv_2022_A_1_R5C3_6000_6500_12000_12500_jpg.rf.9ad9410c3e1b599b51390cc9dd85bdcd.jpg,1
tyrol-w28-54-_png_jpg.rf.a2b63093bf05307446b501a0e44257fe.jpg,1
Tripoli_2022_R2C1_8000_8500_10000_10500_jpg.rf.5ceed5beeddc774c6b84264ebac7a830.jpg,1
Tripoli_2022_R2C3_16000_16500_5500_6000_jpg.rf.e9bc9b3c370c56a6d6cf882c2bcf0b6a.jpg,1
Mykolaiv_2022_A_1_R5C2_12500_13000_2500_3000_jpg.rf.61df260760ddeaed9c1ffc97ff309cb6.jpg,1
Tripoli_2022_R2C3_1500_2000_3500_4000_jpg.rf.d9756f3c8f9f3360b0ee1eab67348bcc.jpg,1
Mykolaiv_2022_A_1_R5C3_6000_6500_12500_13000_jpg.rf.96029602922be05b49dd315f4b745d4b.jpg,1
tyrol-w27-90-_png_jpg.rf.bc76e488226dfcb0858a7cfec3db100c.jpg,0
Mykolaiv_2022_A_1_R4C4_16000_16500_14000_14500_jpg.rf.f44be10105541a1e0c5ca001a52ccd2f.jpg,1
tyrol-w28-55-_png_jpg.rf.9fd4b95c5879f339ef931192ca5cf59b.jpg,1
tyrol-w28-24-_png_jpg.rf.7ca95dc3e1bdd5eb9bc3ee8b47cf8b60.jpg,1
tyrol-w3-67-_png_jpg.rf.cb5a858df883127fc74f2fe2e16c4d2e.jpg,1
Mykolaiv_2022_A_1_R5C4_0_500_13500_14000_jpg.rf.8077057b5d4bf55633db2568086ab0c0.jpg,1
tyrol-w3-68-_png_jpg.rf.f8552c0390c74d6dbdcb17cfead38b60.jpg,1
tyrol-w28-25-_png_jpg.rf.27e864a161a01f0461ebe3ead6b83366.jpg,0
tyrol-w3-74-_png_jpg.rf.735dfcad378d32c3657bef50d5f1d1c9.jpg,1
Tripoli_2022_R1C2_6000_6500_13000_13500_jpg.rf.5842bef26e3f0316f674c14a2e81d9aa.jpg,1
Mykolaiv_2022_A_1_R4C4_16000_16500_11500_12000_jpg.rf.192af36c4e789bb28b7b33e7361f5663.jpg,1
tyrol-w29-28-_png_jpg.rf.ae3db280a2b2f1fccbe77780d344eb04.jpg,1
tyrol-w27-98-_png_jpg.rf.e24861aa3857689e4450478ff0265b31.jpg,1
tyrol-w28-56-_png_jpg.rf.f09f71b6aee8df6af613ee059f9593fd.jpg,0
Tripoli_2022_R2C1_8000_8500_10500_11000_jpg.rf.cef94ff92010d70548215ee97ae1cbf2.jpg,1
tyrol-w3-75-_png_jpg.rf.112c44f913d8860ddd49f74220dec294.jpg,1
Tripoli_2022_R2C3_3000_3500_7500_8000_jpg.rf.0460615e9cd7d7b74bba96ce302e24cf.jpg,1
tyrol-w29-35-_png_jpg.rf.4e9edf355b586137408fa5236c2c4982.jpg,1
Mykolaiv_2022_A_1_R5C4_0_500_11500_12000_jpg.rf.8f9ba07d9a3edb3c1bb280b60a5b0a06.jpg,1
Tripoli_2022_R1C2_13500_14000_1500_2000_jpg.rf.5a715247395f08c1eb7bcfc6f7d6c823.jpg,1
Tripoli_2022_R1C2_14000_14500_6500_7000_jpg.rf.aec6885d2a12b1fe2a14ea719c88dab0.jpg,1
tyrol-w29-31-_png_jpg.rf.3f31a967014e187f1924d8c319582524.jpg,1
Mykolaiv_2022_A_1_R5C4_0_500_11000_11500_jpg.rf.9306ec714092ed6e07c673dde948b53f.jpg,1
Tripoli_2022_R1C2_6000_6500_5000_5500_jpg.rf.0d85740e7318cde7b277b4587ebd679d.jpg,1
tyrol-w30-87-_png_jpg.rf.05b884c9995b55d5c5c58de8e138bed1.jpg,1
tyrol-w3-76-_png_jpg.rf.3d2928d2674dcb19c6ca2b8a6e0c3810.jpg,1
Mykolaiv_2022_A_1_R4C4_13500_14000_7000_7500_jpg.rf.c073ed5218b6033affbb48f64cb1d830.jpg,1
Mykolaiv_2022_A_1_R4C4_13500_14000_7500_8000_jpg.rf.deea269f6f26649ed519ee9bd5a018f4.jpg,1
Tripoli_2022_R2C1_8500_9000_1000_1500_jpg.rf.194b13195f07c27e56cbee7f70c62b09.jpg,1
tyrol-w30-81-_png_jpg.rf.5037048a4f0477c279cd1cfac1feba97.jpg,1
Mykolaiv_2022_A_1_R5C3_6500_7000_13500_14000_jpg.rf.8856c6086791a1bda8da18ddcbd01ee7.jpg,1
tyrol-w27-96-_png_jpg.rf.e589395cf4806ba60d548bd140cd1910.jpg,1
tyrol-w28-60-_png_jpg.rf.e6a4148b212ff1c1b49f13e6c3e7bea7.jpg,1
Tripoli_2022_R2C3_4000_4500_13500_14000_jpg.rf.5ce14fe59e49bc937d5374d051a47247.jpg,1
tyrol-w28-62-_png_jpg.rf.99800df616104a20eef84dc174c86776.jpg,1
tyrol-w3-70-_png_jpg.rf.18e0df7b7486d2951e6be857749ef595.jpg,1
tyrol-w27-93-_png_jpg.rf.86d7aa1f6d594f60738f3447c8aa8a30.jpg,1
Tripoli_2022_R2C3_2500_3000_13500_14000_jpg.rf.96b5b5fa28e0a11bc62c5efbcd7f144b.jpg,1
Tripoli_2022_R2C3_2000_2500_5500_6000_jpg.rf.cc7d18bff5c3c14038c758f87989797b.jpg,1
Tripoli_2022_R1C2_14500_15000_11000_11500_jpg.rf.dd1b0e30a6f658942d29015a42e9b5c8.jpg,1
tyrol-w29-37-_png_jpg.rf.30cb3f1d916fbbaad7b0a114fc5f1a7d.jpg,1
Tripoli_2022_R1C2_6000_6500_5500_6000_jpg.rf.48e458bff3bb35c8609619826247178f.jpg,1
tyrol-w3-73-_png_jpg.rf.0b6c0818c4ea222f048cb22fc24e623f.jpg,1
tyrol-w27-91-_png_jpg.rf.9145f1959ef432c7ef34bb08aff3f537.jpg,0
tyrol-w28-59-_png_jpg.rf.adcacd5d1d999aa9a8628d4314c86db1.jpg,1
tyrol-w30-82-_png_jpg.rf.28c206875422d530d98e3ad4f7cca46d.jpg,1
Mykolaiv_2022_A_1_R5C3_8500_9000_10000_10500_jpg.rf.68d92a077585509b0fe40e1f6a3ab6e3.jpg,1
Tripoli_2022_R2C3_3000_3500_15500_16000_jpg.rf.92e96ab3f3562d91bb3ae1f735090ebb.jpg,1
tyrol-w28-6-_png_jpg.rf.08d73adb600a9937fec6453fe30a0d05.jpg,0
Tripoli_2022_R2C3_3000_3500_14000_14500_jpg.rf.a7c45cb56cafc0fd9c2e7a7bd119c6f5.jpg,1
tyrol-w30-84-_png_jpg.rf.d39e47aaf45ddba8eed3ad3e9e580613.jpg,1
tyrol-w28-64-_png_jpg.rf.c1ae9849956ff512c1cf6befd876705c.jpg,1
tyrol-w29-3-_png_jpg.rf.185373092dbfac7bca1326f263993a87.jpg,1
Mykolaiv_2022_A_1_R5C3_8500_9000_9500_10000_jpg.rf.68536c38ce1eed224fbe3ca677403ded.jpg,1
Tripoli_2022_R2C1_9000_9500_2500_3000_jpg.rf.f732b046b117bd08c92a9f19d6c57591.jpg,1
Mykolaiv_2022_A_1_R5C4_0_500_15500_16000_jpg.rf.29e60caae37f6fe7e0ffd95751a6299e.jpg,1
Tripoli_2022_R2C1_9000_9500_1000_1500_jpg.rf.b370509d6e0df1a75e0aa4c45da1ca64.jpg,1
Mykolaiv_2022_A_1_R5C4_0_500_6500_7000_jpg.rf.df93233e40e6e332cf0f0c3fa7f3b291.jpg,1
Mykolaiv_2022_A_1_R5C4_0_500_15000_15500_jpg.rf.ffc157a2297db22bc83f19824ac1d85a.jpg,1
tyrol-w29-29-_png_jpg.rf.62e16a440b019fce2e713b5fac703c97.jpg,1
Tripoli_2022_R1C2_14500_15000_5000_5500_jpg.rf.99af9f8446d918e54360cd45dadfa3cc.jpg,1
tyrol-w3-71-_png_jpg.rf.2fd4dcc226444eda02d8f7fa6be1bbf4.jpg,1
Mykolaiv_2022_A_1_R5C4_0_500_10000_10500_jpg.rf.c9b868b54f60c9f1b485b23bd747f676.jpg,1
Mykolaiv_2022_A_1_R4C4_13500_14000_12500_13000_jpg.rf.73e604bc7e036f77fde155b130950ca2.jpg,1
Mykolaiv_2022_A_1_R4C4_13500_14000_11500_12000_jpg.rf.80c0c9abc9cbd6944ead8f32db115437.jpg,1
tyrol-w27-94-_png_jpg.rf.d53389d2e012daf3ded2b2f3bca7cae8.jpg,1
Tripoli_2022_R2C3_4000_4500_15000_15500_jpg.rf.dbd638c89735228ca20256472c7ce356.jpg,1
Tripoli_2022_R1C2_15500_16000_16000_16500_jpg.rf.e89bc035c07062a0aec486ed78411fe7.jpg,1
tyrol-w3-72-_png_jpg.rf.43af81452ab64ba9a333637ebe4924b9.jpg,1
tyrol-w27-99-_png_jpg.rf.47d647caa09d9baa559961c28ec66c5f.jpg,1
Tripoli_2022_R2C3_3000_3500_14500_15000_jpg.rf.83c1903f8ed27fce1acfc9c6c305ec55.jpg,1
Tripoli_2022_R1C2_15500_16000_14000_14500_jpg.rf.975e395ffad9bf3baa814b55ee3a521b.jpg,1
tyrol-w28-1-_png_jpg.rf.9ef762f98596a8fcd612450927804e19.jpg,0
Mykolaiv_2022_A_1_R4C4_14000_14500_12500_13000_jpg.rf.68f4da11e48db0aa913792ae11f252e9.jpg,1
Mykolaiv_2022_A_1_R4C4_14500_15000_10500_11000_jpg.rf.fa2ad462905449564719218274f0c959.jpg,1
Mykolaiv_2022_A_1_R4C4_14500_15000_7500_8000_jpg.rf.062279bee040d9a3bb69fcf6c9f268f5.jpg,1
tyrol-w28-10-_png_jpg.rf.1788c7206c57c9750a734751ea5b6f3b.jpg,1
Mykolaiv_2022_A_1_R4C4_13000_13500_12000_12500_jpg.rf.92338dccfbac7bba3afce8cd34e7b9c9.jpg,1
Mekele_2022_R4C2_10000_10500_4500_5000_jpg.rf.a190274485284ed6303da4f57ca45a62.jpg,1
Mekele_2022_R4C2_10500_11000_5000_5500_jpg.rf.188787fa1567112a52e51b1f6fcc5719.jpg,1
Mekele_2022_R4C2_6000_6500_14000_14500_jpg.rf.88d9cf79774d36a77acd8ef386be7d54.jpg,1
Mekele_2022_R4C2_1000_1500_5500_6000_jpg.rf.229aa004cfc877fdb39727b896b57e9b.jpg,1
tyrol-w22-19-_png_jpg.rf.4caa9df7f4d63cd74e7ab286de24ae2d.jpg,1
tyrol-w22-30-_png_jpg.rf.de27312077baac7cec1575aa4a5af943.jpg,1
tyrol-w22-1-_png_jpg.rf.47b6c35c57e3eff8f37d74a1cf91b7a3.jpg,1
Mekele_2022_R4C2_8000_8500_7000_7500_jpg.rf.18f08540b4e6531dfea17279c44043c0.jpg,1
tyrol-w22-31-_png_jpg.rf.5d9589472aa08696bd47b2ef42e73ac2.jpg,1
Mekele_2022_R4C1_5500_6000_11500_12000_jpg.rf.d36214d288096b018e3d5587f09b723a.jpg,1
tyrol-w22-52-_png_jpg.rf.9b6000b0596544d8c87f7085f00acc4b.jpg,0
tyrol-w22-51-_png_jpg.rf.c35c71fa23b35df3a45e8b8a07d485c2.jpg,0
Mekele_2022_R4C2_8000_8500_6500_7000_jpg.rf.7a7d6b5b6e13c07d3e9d23187051ded1.jpg,1
Mekele_2022_R4C2_0_500_1000_1500_jpg.rf.dbaf78d94b5e9266bb8858547a7640b2.jpg,1
Mekele_2022_R4C2_8000_8500_9500_10000_jpg.rf.2d5e2769cb4a5854570d773dd8fff3cc.jpg,1
Mekele_2022_R4C2_0_500_1500_2000_jpg.rf.c575d6e2731b1833dbd7a5759851af73.jpg,1
tyrol-w22-15-_png_jpg.rf.0505067415cf892594f8a48c02eb9daa.jpg,1
Mekele_2022_R4C2_0_500_2000_2500_jpg.rf.1df17428f801c54d840b78db65c453aa.jpg,1
tyrol-w22-26-_png_jpg.rf.fb4e07f6cb0bc2287ff0c4938ff1de55.jpg,1
tyrol-w22-10-_png_jpg.rf.0ed1f28334312debfbd7952f4e5ba7e4.jpg,0
Mekele_2022_R4C2_12000_12500_3500_4000_jpg.rf.f607b16a7989ffcb761ab7ef9b68d8a9.jpg,1
Mekele_2022_R4C2_16000_16500_8000_8500_jpg.rf.afba24889c1d39883a8f90219c6471e7.jpg,1
tyrol-w22-100-_png_jpg.rf.961a193eb0c772346d713df15e074987.jpg,1
Mekele_2022_R4C2_11000_11500_3000_3500_jpg.rf.028c04a2e8ae24fd669c4a37fe4fc88e.jpg,1
tyrol-w22-27-_png_jpg.rf.86080b16b6062b8e35b320cb07951583.jpg,1
Mekele_2022_R4C2_11500_12000_3000_3500_jpg.rf.369003d78e5b24fdf089ae46f6d3e6c7.jpg,1
Mekele_2022_R4C2_11500_12000_2500_3000_jpg.rf.7b450cc94173108014f5a969a0f7181d.jpg,1
Mekele_2022_R4C2_14000_14500_3500_4000_jpg.rf.459c4f856555cf0d50a6a1b31388a24f.jpg,1
Mekele_2022_R4C2_5500_6000_14000_14500_jpg.rf.084beb8740b095d2eccc6717a13bed72.jpg,1
Mekele_2022_R4C2_14500_15000_8500_9000_jpg.rf.6be6f987c0f83c66b5309260947e2e6e.jpg,1
Mekele_2022_R4C2_12000_12500_3000_3500_jpg.rf.6c1e06a7fe92c59a02501d24ab6bd0cc.jpg,1
tyrol-w22-23-_png_jpg.rf.b79abfc46c9e0b6f1546012b5e63770b.jpg,1
Mekele_2022_R4C2_5500_6000_13000_13500_jpg.rf.20bc82b2855b880d210860da37203ee1.jpg,1
tyrol-w22-32-_png_jpg.rf.49aa1842e9700e59077678bf85d79a57.jpg,1
tyrol-w22-36-_png_jpg.rf.1b3aabc920f9a7750c879eedee98e16a.jpg,1
Mekele_2022_R4C1_8000_8500_1000_1500_jpg.rf.447dd50e7cd183f00879c5ef243b3d72.jpg,1
tyrol-w22-13-_png_jpg.rf.cbdfea2297c20f9ae8c5c6d5a7a1dc27.jpg,1
tyrol-w22-33-_png_jpg.rf.e7f343968b5815c72e2f9bd60edeef0f.jpg,1
Mekele_2022_R4C2_6000_6500_14500_15000_jpg.rf.cb7b306977f0669a2a2e24bc3b14b491.jpg,1
tyrol-w22-24-_png_jpg.rf.d9bf230dd3ccf23e8ae46b8c59481d64.jpg,1
tyrol-w22-37-_png_jpg.rf.f3569aae08ef61bf86f8183e7846dfbb.jpg,0
tyrol-w22-42-_png_jpg.rf.6f456e35ebe8e5e446aa93f51d9ccb6d.jpg,0
Mekele_2022_R4C1_7500_8000_14500_15000_jpg.rf.fa303bdef5c645e180190440f78fac72.jpg,1
Mekele_2022_R4C2_5500_6000_14500_15000_jpg.rf.f0fc99ff50e085276d52fc02e39db110.jpg,1
Mekele_2022_R4C2_7500_8000_7500_8000_jpg.rf.b5289a30403a6e694a1739d8b8e920c1.jpg,1
tyrol-w22-49-_png_jpg.rf.d110ec5968174611bb8df4594c7c39e4.jpg,1
Mekele_2022_R4C2_6000_6500_15000_15500_jpg.rf.932fc98238d9d499c55cde9ed3beaf8f.jpg,1
tyrol-w22-35-_png_jpg.rf.a17a11172f4d78b061be53675fd7b45c.jpg,1
tyrol-w22-40-_png_jpg.rf.2a1ce826f55fcce10280e3dc83691687.jpg,1
Mekele_2022_R4C2_6500_7000_7500_8000_jpg.rf.526feae7a7b0bdde6377ce45903436cd.jpg,1
tyrol-w22-53-_png_jpg.rf.472999eb97260db202ba73bbbf7c56de.jpg,1
tyrol-w22-47-_png_jpg.rf.5e46c1eefa5c329e8cb3a50bd28378bf.jpg,1
Mekele_2022_R4C2_8000_8500_6000_6500_jpg.rf.63ffab5b20bcc497f42eecc3fc40f1be.jpg,1
tyrol-w22-48-_png_jpg.rf.a67ea7b4fcac4f26ec47fb1334e62b1d.jpg,1
tyrol-w22-38-_png_jpg.rf.160431b19e49f56ee8d1a81b3e48f76d.jpg,1
Mekele_2022_R4C2_8500_9000_12500_13000_jpg.rf.066ce827444b35d37042a574bcf4db76.jpg,1
Mekele_2022_R4C2_7000_7500_9500_10000_jpg.rf.3296b2ca181b1cdab9547a29bde7f712.jpg,1
Mekele_2022_R4C2_500_1000_4500_5000_jpg.rf.04189b7c4e32ef81cffa191e84299e41.jpg,1
Mekele_2022_R4C2_7500_8000_7000_7500_jpg.rf.9f5b9cccb0f494233f765f02b2fc9a47.jpg,1
swiss_IMG_8713_JPG_jpg.rf.6959e9dbddd42f9fb2beb698404976c5.jpg,1
Mekele_2022_R4C2_14500_15000_8000_8500_jpg.rf.887ad7971792adad49f7bc156a56a54a.jpg,1
tyrol-w22-45-_png_jpg.rf.094af2bb2c155742d8984d0caca19fe5.jpg,1
tyrol-w22-43-_png_jpg.rf.d4737ab96d1047666574b4712cd73a99.jpg,0
Mekele_2022_R4C2_7500_8000_9000_9500_jpg.rf.ab23a7e4ee2cce8058e80846b42c96eb.jpg,1
Mekele_2022_R4C2_8500_9000_13000_13500_jpg.rf.dc847d62138569f79a0238c282776029.jpg,1
Mekele_2022_R4C2_6000_6500_2000_2500_jpg.rf.ce00b1d0d926fa16de993b2c64296e01.jpg,1
Mekele_2022_R4C2_6000_6500_13500_14000_jpg.rf.df39e557d67d8e46ae3a785c356db6b1.jpg,1
tyrol-w22-46-_png_jpg.rf.e46da99af15959d2bd2dfe14729730fc.jpg,1
Mekele_2022_R4C2_6500_7000_12500_13000_jpg.rf.a83f15fcfe2d5b0a6d7b76b1e59b6550.jpg,1
Mekele_2022_R4C2_7500_8000_6500_7000_jpg.rf.da8452cb9e51115e302ec72a4ad8d742.jpg,1
Mekele_2022_R4C2_6000_6500_13000_13500_jpg.rf.921cd8c7ed40d05a13d017473dcea88e.jpg,1
Mekele_2022_R4C2_7500_8000_1000_1500_jpg.rf.e6428c78090ba37cabcde1422a7b3afc.jpg,1
Mekele_2022_R4C2_5500_6000_2500_3000_jpg.rf.f1e8a4bc827ae05a23fc9f96acddae07.jpg,1
tyrol-w22-74-_png_jpg.rf.26a5c4728d89254e722d007e68aff7a4.jpg,1
Mekele_2022_R4C3_12000_12500_7500_8000_jpg.rf.e5001e7bfec25e3ac3a9d00f9ad171ac.jpg,1
tyrol-w22-88-_png_jpg.rf.44c858cd1d71c9136d00751aea771c44.jpg,0
tyrol-w22-89-_png_jpg.rf.1115e9731ee7445e56451a2b3b675c93.jpg,0
tyrol-w22-85-_png_jpg.rf.0572d111e290b8e8b5aaa369b69cf32c.jpg,0
tyrol-w22-86-_png_jpg.rf.e5011c2d5a2e2fe3a1f83156665cc5be.jpg,0
Mekele_2022_R4C3_8500_9000_3000_3500_jpg.rf.76f6f7e4665c218dea8b42a3b4e73241.jpg,1
Mekele_2022_R5C1_0_500_11500_12000_jpg.rf.6d5ddf8ef053dd15807d0ddc17546e67.jpg,1
Mekele_2022_R4C3_7500_8000_6000_6500_jpg.rf.afb3933dae3a3c03309879872e2c0aed.jpg,1
Mekele_2022_R4C3_7500_8000_5500_6000_jpg.rf.c8fad9673b833c504343920baff61da3.jpg,1
Mekele_2022_R4C3_11500_12000_7000_7500_jpg.rf.3f9dcdf6c6337f26421aa8e45746dbf9.jpg,1
tyrol-w22-70-_png_jpg.rf.a195f3b7d47b2366c173cc2373feea86.jpg,1
tyrol-w22-84-_png_jpg.rf.5766bed793d74fe07574d13dee1dfb7a.jpg,1
Mekele_2022_R5C1_0_500_13500_14000_jpg.rf.9abae8054f081c82b1b16d3f28b25797.jpg,1
tyrol-w22-96-_png_jpg.rf.d4d9e467414e4e0a2d7fe4a4212a06c0.jpg,0
tyrol-w22-82-_png_jpg.rf.ebb39dc603b6404dbbdb2cee3776c5ac.jpg,1
tyrol-w22-95-_png_jpg.rf.00e43fb8ff91de8ddbcb7c3a623cf0c3.jpg,0
Mekele_2022_R5C1_10000_10500_10500_11000_jpg.rf.525e30dd41431dcac367e46a24ee36d3.jpg,1
Mekele_2022_R4C3_8500_9000_2500_3000_jpg.rf.55db4e682c7b91efab68b414003d0d31.jpg,1
Mekele_2022_R5C1_0_500_13000_13500_jpg.rf.de0c1219a89fc2590b3fc7b77bfe772e.jpg,1
Mekele_2022_R5C1_10000_10500_10000_10500_jpg.rf.fb910f062524da18ecba0f4b19a1bc99.jpg,1
Mykolaiv_2022_A_1_R4C3_13000_13500_12000_12500_jpg.rf.0da6e604ad9bb7dce0b6479f27daa879.jpg,1
tyrol-w18-78-_png_jpg.rf.ae45572c1f0fbcfb15dc63eb83395c9e.jpg,0
tyrol-w22-76-_png_jpg.rf.16da056beb788c7e2007dae89d9de751.jpg,0
Mekele_2022_R4C3_6500_7000_9500_10000_jpg.rf.a04e6b10e2ebe682bfc723099f5eca6c.jpg,1
tyrol-w22-11-_png_jpg.rf.c2d6f6692ace1937d8e5daed2fb29f98.jpg,1
Mykolaiv_2022_A_1_R3C4_0_500_13500_14000_jpg.rf.e89c58871976dcee9a742f509717dee2.jpg,1
tyrol-w22-79-_png_jpg.rf.5e318b34367bcd0c7ebcc1ea53166269.jpg,0
Mekele_2022_R4C3_5500_6000_3000_3500_jpg.rf.bbc44681a0c5a4f7bfd431b3cb91e560.jpg,1
Mekele_2022_R5C1_1000_1500_2500_3000_jpg.rf.f0043290ad24d92d139ed983b83d96c9.jpg,1
tyrol-w19-20-_png_jpg.rf.a041490c4667f0c1265bb3bb0ccf5965.jpg,0
Mekele_2022_R4C3_8000_8500_6000_6500_jpg.rf.babae2fc979e8c34e7253b1477851c9c.jpg,1
Mekele_2022_R4C3_7000_7500_6000_6500_jpg.rf.52ba1df2f9f77be8581698b1560e97b0.jpg,1
tyrol-w22-90-_png_jpg.rf.666cd12f8f5f73418ca7cf60d1123ebd.jpg,1
tyrol-w22-72-_png_jpg.rf.165792a26b557f12303de17f4e919aa0.jpg,1
Mekele_2022_R5C1_1000_1500_9000_9500_jpg.rf.8fdf549290e4145cbb2bb43770336c2d.jpg,1
Tripoli_2022_R3C2_3000_3500_12500_13000_jpg.rf.f60179a0e88d815ad6a00768011b82ce.jpg,1
tyrol-w16-51-_png_jpg.rf.0e0fff0956279e90b82d7e34ac775272.jpg,1
Mekele_2022_R4C3_7000_7500_6500_7000_jpg.rf.80a26ecd72873fc016cdad38852802f9.jpg,1
tyrol-w17-53-_png_jpg.rf.353895b16af3c55214881b3844ae6c9b.jpg,1
tyrol-w22-75-_png_jpg.rf.2d3b3d561e6a8a1c044e42f99d2f3b46.jpg,1
Mekele_2022_R5C1_10000_10500_11000_11500_jpg.rf.86c2bb57acb450b1ee5d352498646b61.jpg,1
Mekele_2022_R4C3_7000_7500_7000_7500_jpg.rf.80d5c037aead4795fc9057d46ed796e5.jpg,1
tyrol-w22-8-_png_jpg.rf.afd24a704e61c527f67a98648e83b27b.jpg,1
Mekele_2022_R5C1_0_500_8500_9000_jpg.rf.21190b87b1750dfd1fccb583755908b9.jpg,1
tyrol-w22-91-_png_jpg.rf.4443646387e9bb1f42fe5e4f0866d0d2.jpg,1
tyrol-w22-94-_png_jpg.rf.4f1ea967d4a8895a5a8dc8fcd6c7dbaa.jpg,0
Tripoli_2022_R1C2_9500_10000_4000_4500_jpg.rf.03db0f4765309d47c9df999a38f79eb9.jpg,1
Mekele_2022_R5C1_1000_1500_13500_14000_jpg.rf.253f976b95294c24ca80f9b729b6bfa7.jpg,1
Mekele_2022_R5C1_1000_1500_13000_13500_jpg.rf.779cd0810bce461f404cabb340a32099.jpg,1
tyrol-w17-49-_png_jpg.rf.9b82e37276af3b9cec12b782d8d02335.jpg,1
Tripoli_2022_R2C3_8000_8500_6500_7000_jpg.rf.dae6e6869d0eb4c01c6dfd94af64bcdb.jpg,1
Mekele_2022_R5C1_1000_1500_16000_16500_jpg.rf.df992ee24a38bb853b6faa15a41d7b46.jpg,1
Tripoli_2022_R3C2_9500_10000_16000_16500_jpg.rf.ffbd8adaf1ac59193ce9f37cb0a2971b.jpg,1
tyrol-w22-93-_png_jpg.rf.42b286f71634fb5cc4c08f94fed289a5.jpg,0
Mekele_2022_R5C1_0_500_9500_10000_jpg.rf.d4fbaad07f6095fbbacede033bbca5f2.jpg,1
tyrol-w23-1-_png_jpg.rf.3cef19e7e3ac161084afcd9336f6a8be.jpg,1
Mekele_2022_R5C1_0_500_9000_9500_jpg.rf.3ab587ebe8ccb5af29d3ff036bed74ff.jpg,1
Mekele_2022_R5C1_1000_1500_14500_15000_jpg.rf.a3ce8f7698968bfb62e20eed35b76825.jpg,1
Tripoli_2022_R1C1_14000_14500_3000_3500_jpg.rf.b3bbcbee44f86f4f7b371b4c890bf359.jpg,1
Donetsk_2022_R5C8_12500_13000_4500_5000-Copy_jpg.rf.583f6f953a88a8842b8e10aa726fe6f1.jpg,1
Donetsk_2022_R5C9_13500_14000_3500_4000_jpg.rf.ea733e266c08ab2c733d0215c7ac3895.jpg,1
Donetsk_2022_R5C9_1500_2000_500_1000_jpg.rf.a35fcae11b42225168cbb5e8ca9d7553.jpg,1
Donetsk_2022_R5C9_2000_2500_1000_1500_jpg.rf.edb3d747e1d89a47a7462fe1ec812907.jpg,1
austin20-21-_png_jpg.rf.d9838013595baad48a79bd3f44483e47.jpg,1
Donetsk_2022_R5C8_12500_13000_3500_4000-Copy_jpg.rf.d1f624be437fdbc5b5768f6be5a6891e.jpg,1
Donetsk_2022_R5C8_13000_13500_2500_3000_jpg.rf.e804f2aacb902a072eaa25ce0b23dcc6.jpg,1
Donetsk_2022_R5C8_12500_13000_4000_4500-Copy_jpg.rf.780c3ef0fcccab9b753b9b28cce9dbbb.jpg,1
austin20-36-_png_jpg.rf.8dd5ff3d8d9db174dd40c850b4564dac.jpg,1
austin20-27-_png_jpg.rf.c9717e764b612bca45854ffb27205779.jpg,1
austin20-26-_png_jpg.rf.2b0a6fa928a1b9b323e33a2914053e8f.jpg,1
Donetsk_2022_R5C9_7000_7500_14500_15000_jpg.rf.8df8f205e56eb289612450984e02fca1.jpg,1
Donetsk_2022_R5C9_7000_7500_500_1000_jpg.rf.9fb83c23e0ffbfe65a9d0057921a8633.jpg,1
austin20-33-_png_jpg.rf.ba92122d46c8c1deb73aa855fe5c9a04.jpg,1
austin20-38-_png_jpg.rf.ad04979e48be3ffa20d1cba4298e5d46.jpg,1
Donetsk_2022_R5C9_7500_8000_8000_8500_jpg.rf.0cbd936fa384a45b9502c4f0b518c404.jpg,1
austin20-35-_png_jpg.rf.3e5f25ea09fe4f0fc8e53f32bc4c6f9e.jpg,1
Donetsk_2022_R5C9_6000_6500_0_500_jpg.rf.aeccc7fd5fa7c961ea4a165c7c82fa0a.jpg,1
Donetsk_2022_R5C9_7000_7500_7000_7500_jpg.rf.e70c3779067cedc70edf8eec7f0051de.jpg,1
Donetsk_2022_R5C9_5500_6000_10500_11000_jpg.rf.06b70a1813c3c1b1269ed9b6d5b1d2a1.jpg,1
austin20-37-_png_jpg.rf.f5d3ee55e82070110e8abbde4afbb584.jpg,1
Donetsk_2022_R6C2_13500_14000_14000_14500_jpg.rf.1e0db9ff1fc504d5604ff2ba4c8a2cd6.jpg,1
Donetsk_2022_R5C9_2000_2500_12000_12500_jpg.rf.2342a9edf67b3c84036168a6db5c6aea.jpg,1
Donetsk_2022_R5C9_7500_8000_5500_6000_jpg.rf.930ac3a65876669faac59a97f2d70171.jpg,1
austin20-39-_png_jpg.rf.f0b9252b4a3af849902779a61c1f9b56.jpg,1
austin20-40-_png_jpg.rf.552d402b79b20885888d230b03bc09a5.jpg,1
Donetsk_2022_R5C9_7000_7500_7500_8000_jpg.rf.a62dc22ef86bb0b8d32e0f5bd1ea96d1.jpg,1
austin20-32-_png_jpg.rf.bd22594350ae70a1ba765cce38bdc60c.jpg,1
austin20-4-_png_jpg.rf.68f1e7b330ecd6683d587e146d024f0e.jpg,1
Donetsk_2022_R6C2_14000_14500_13500_14000_jpg.rf.e8166a90b8e691487cf5d777cc5c6584.jpg,1
Donetsk_2022_R6C2_13500_14000_13000_13500_jpg.rf.96b2c0b0c782bf7a63f34551cbd12ce6.jpg,1
Donetsk_2022_R6C2_14000_14500_14500_15000_jpg.rf.a4a0b94ed7a00aac0ec97a74f7fdb269.jpg,1
Donetsk_2022_R6C2_3000_3500_12500_13000_jpg.rf.2c7e9d85f7accea8153e158336811392.jpg,1
austin20-49-_png_jpg.rf.c8e91d4fa709a39fa9111408de47add0.jpg,1
Donetsk_2022_R6C2_14500_15000_1500_2000_jpg.rf.4b965a065249425673fdd6d985503f74.jpg,1
Donetsk_2022_R6C2_15000_15500_12000_12500_jpg.rf.b32f386aa7d51aebae6e275d03c1ef13.jpg,1
austin20-46-_png_jpg.rf.7d52093e544d8458f7d50a872f3fbfdd.jpg,1
Donetsk_2022_R6C3_0_500_8000_8500_jpg.rf.51ae662348c319dfc47740ec6c000d12.jpg,1
austin20-51-_png_jpg.rf.359fcec8edb1873329916231805fe716.jpg,1
Donetsk_2022_R5C8_12500_13000_14500_15000_jpg.rf.5e13fa8a4cafb311b339aeecb174c108.jpg,1
Donetsk_2022_R6C2_13500_14000_14500_15000_jpg.rf.17d5d8e51e52f393d03c8222cf8f0d9a.jpg,1
austin20-5-_png_jpg.rf.26d3ccbbf3a5f5a7536b33e55aad94b0.jpg,1
Donetsk_2022_R6C2_14500_15000_2500_3000_jpg.rf.9fd0da417e8814342b35845a23995a71.jpg,1
Donetsk_2022_R6C2_15000_15500_12500_13000_jpg.rf.e2f83ccd48e57f4b2b5153564894d69a.jpg,1
Donetsk_2022_R5C8_12500_13000_15000_15500-Copy_jpg.rf.cbf8327899e312932d16c6545204648c.jpg,1
Donetsk_2022_R6C2_14000_14500_12500_13000_jpg.rf.0265885ecfc34dfdcf1caa412e637621.jpg,1
okutama_04_90_014_png_jpg.rf.dec3024e0c1329e9c7ef80d78cd0c7e9.jpg,1
austin20-52-_png_jpg.rf.7bbc9fa12a27c6d98cd3f7b543318254.jpg,1
Donetsk_2022_R2C10_13500_14000_500_1000_jpg.rf.07484b63dcd4171d97fc9206d8834ff9.jpg,1
tyrol-w7-20-_png_jpg.rf.f545437ab366b7079b12df489fc9bca0.jpg,0
tyrol-w3-11-_png_jpg.rf.eb6fc7459a5ac77b9be8e114b4512d95.jpg,0
Donetsk_2022_R2C10_14000_14500_1500_2000_jpg.rf.456131e2e1f137a1df0038dc291822df.jpg,1
Mekele_2022_R5C1_5000_5500_15000_15500_jpg.rf.da14dd6fceb2a30b7ae51c50f3ce1597.jpg,1
Donetsk_2022_R1C9_5000_5500_15000_15500_jpg.rf.2e44ae1014c19bee568508bf64c395cc.jpg,1
Donetsk_2022_R2C10_13500_14000_2500_3000_jpg.rf.d1c33b150a73b345fa9059d34e0700c8.jpg,1
tyrol-w29-48-_png_jpg.rf.e877ba00b0124972bfe5cc867c4c2415.jpg,1
tyrol-w23-16-_png_jpg.rf.65bff1bf24ac48cc1d837f9adb6e20db.jpg,1
tyrol-w6-61-_png_jpg.rf.80c66d3f4584aea27bcc79d154c54f5b.jpg,1
Mekele_2022_R5C1_500_1000_10000_10500_jpg.rf.7180ff89ee3fb821ad6d522b8fa683d8.jpg,1
tyrol-w23-18-_png_jpg.rf.f8d99a1b66c7e419dc4ff4e321f9dae9.jpg,1
tyrol-w28-18-_png_jpg.rf.04aafb6f93efe1babe0562decc7b3e8b.jpg,1
tyrol-w23-25-_png_jpg.rf.5df83cc13041538ba1b62904ffb702d9.jpg,1
Mekele_2022_R5C1_500_1000_8500_9000_jpg.rf.628db1fb6f002964975c74e5e1d47a36.jpg,1
Mekele_2022_R5C1_500_1000_7500_8000_jpg.rf.97c0d9557f1da27c2c2bced5ca1a40ce.jpg,1
Donetsk_2022_R1C9_4500_5000_14000_14500_jpg.rf.34dbf730e576266156bb854af2bff54a.jpg,1
Donetsk_2022_R1C9_5000_5500_14000_14500_jpg.rf.746866a44589d0e2811c53b123e14ac0.jpg,1
tyrol-w29-53-_png_jpg.rf.c9becaf62b8575607a2e74c33914249d.jpg,1
Donetsk_2022_R1C8_11000_11500_11000_11500_jpg.rf.f584063bfaf3693d2ba476e78e29c8c3.jpg,1
tyrol-w28-89-_png_jpg.rf.23cfeae060afa559fdb098193203d61c.jpg,1
Mekele_2022_R5C1_6500_7000_12500_13000_jpg.rf.f539509c4962996b0b6b6e49a0510f37.jpg,1
Mekele_2022_R5C1_500_1000_9000_9500_jpg.rf.07fccb1ddf47aa4583a3cd5ef8756a04.jpg,1
tyrol-w23-26-_png_jpg.rf.9db2bf8e760a77bb0978d8e27e8d4665.jpg,1
Donetsk_2022_R2C10_15000_15500_0_500_jpg.rf.34f05057428e9d2990942e350b2a3fb9.jpg,1
tyrol-w23-28-_png_jpg.rf.c88bfef32e8b421cd3aa8189b166afc9.jpg,1
Donetsk_2022_R1C9_5500_6000_14000_14500_jpg.rf.a204261b7fad85af1f7c63ee59aa77fb.jpg,1
Mekele_2022_R6C3_8000_8500_5000_5500_jpg.rf.562b64dad866208e195e522540caa115.jpg,1
Donetsk_2022_R2C10_15000_15500_2500_3000_jpg.rf.842c92b5d2f999f2221cccbf7f719741.jpg,1
Donetsk_2022_R1C8_11000_11500_11500_12000_jpg.rf.604130a0af81bd12fbd976ec8b153a19.jpg,1
tyrol-w26-5-_png_jpg.rf.c0afaa6c4ad896360fef0ecc536ad7fc.jpg,0
tyrol-w23-29-_png_jpg.rf.7e2e8d4ff26a24dc380126e31083d7fb.jpg,0
tyrol-w23-20-_png_jpg.rf.1b96111f2a43b9a0726fed83838d338a.jpg,1
tyrol-w8-18-_png_jpg.rf.d0915d3d00202104287aa789fd820be4.jpg,0
Mekele_2022_R5C1_500_1000_15500_16000_jpg.rf.0472c3118a7acf708b927e1a1a915e0e.jpg,1
Donetsk_2022_R1C8_10500_11000_3000_3500_jpg.rf.63239128ebf6982e83ca5fcf5b777b0b.jpg,1
Mekele_2022_R5C1_500_1000_13000_13500_jpg.rf.2482e2d3c12c22ed2dfb15cd786ffff9.jpg,1
tyrol-w8-66-_png_jpg.rf.f40b104632496a705d2f50cc3c2594df.jpg,1
tyrol-w23-24-_png_jpg.rf.90880948de9e72cff71d37a85d526aa7.jpg,1
Mekele_2022_R6C3_16000_16500_7500_8000_jpg.rf.c1075619433003f77c2ae67cd66e6c15.jpg,1
tyrol-w27-92-_png_jpg.rf.4caf087c0a51f739bf7fbe06b1456852.jpg,0
Donetsk_2022_R1C8_10500_11000_11500_12000_jpg.rf.d989bce8e7071f16f33d0f1d36ac46bf.jpg,1
tyrol-w4-100-_png_jpg.rf.e6e20373955d7c7c632dc3811fb403f6.jpg,1
Mekele_2022_R5C1_500_1000_13500_14000_jpg.rf.4049d122b6534a0079b81442452afa07.jpg,1
Donetsk_2022_R1C9_2000_2500_5000_5500_jpg.rf.40e9eaa82605654b571ec539bd94667a.jpg,1
tyrol-w23-30-_png_jpg.rf.3dc29844f4d24c0a6c6bc73190f88669.jpg,1
Mekele_2022_R5C1_500_1000_5000_5500_jpg.rf.3010aa28b4f9de89e983754cbb2e3a5d.jpg,1
Mekele_2022_R7C3_2500_3000_5500_6000_jpg.rf.e084ec06c743a0486d42ce07bb3d99a6.jpg,1
Donetsk_2022_R2C10_11000_11500_16000_16500_jpg.rf.5428c56abc9f45de18d0550acd47af49.jpg,1
tyrol-w23-50-_png_jpg.rf.66ee666d3e1b7d2f5f7da7663f97625e.jpg,1
Mekele_2022_R5C2_4000_4500_500_1000_jpg.rf.84bbbcf73dc08fdb8d79da7fc066dbc2.jpg,1
Donetsk_2022_R2C10_14500_15000_5000_5500_jpg.rf.8c070b6273c7a72ad1bfff5fc0c294ad.jpg,1
Mekele_2022_R5C1_500_1000_14000_14500_jpg.rf.c6ca194030990962ca04871b886ecca0.jpg,1
Donetsk_2022_R2C10_15000_15500_4500_5000_jpg.rf.1007cd53280bb18771731a87c55a43fa.jpg,1
Donetsk_2022_R2C10_12000_12500_6000_6500_jpg.rf.4fba463083d4d956e0ed0bda6dacf1cf.jpg,1
tyrol-w30-24-_png_jpg.rf.6cb3592fb5d1c79af0cb6210ace4e914.jpg,1
Donetsk_2022_R1C9_6000_6500_14000_14500_jpg.rf.b32b1ca3b57f78022fecb5d9d2fc635d.jpg,1
tyrol-w30-76-_png_jpg.rf.d6424464c3a820706b9b2884786681a4.jpg,1
tyrol-w23-31-_png_jpg.rf.02c5eb7e9f19125430ada47b8f5bf740.jpg,1
tyrol-w23-32-_png_jpg.rf.7611aed42e316b1a3b8a7279d7b64960.jpg,1
Mekele_2022_R6C1_1000_1500_0_500_jpg.rf.855ebf04644fc2857182b081662a83ac.jpg,1
Mekele_2022_R5C2_4000_4500_0_500_jpg.rf.93afe826c9d0f262ad6e9516e7ae5f81.jpg,1
tyrol-w23-22-_png_jpg.rf.be23a1cbe9d329d4d30414fc533a9f7d.jpg,1
Donetsk_2022_R2C10_11000_11500_15000_15500_jpg.rf.f9c0644f957b840b63d7557adba66344.jpg,1
Mekele_2022_R6C1_7500_8000_2500_3000_jpg.rf.38c51bb0249c0d5c87838fe318f805d5.jpg,1
Donetsk_2022_R1C8_12000_12500_11000_11500_jpg.rf.89d65a12048fe55138fb0f18e6dd3785.jpg,1
tyrol-w24-13-_png_jpg.rf.cace6383065acaabee1c9bb944308764.jpg,0
Mekele_2022_R5C2_1000_1500_500_1000_jpg.rf.05f6125dad5b2554bd3f7865bfc5138e.jpg,1
tyrol-w23-35-_png_jpg.rf.246af2f0fa4572c47c603c2b12b49e65.jpg,0
Mekele_2022_R5C2_1000_1500_0_500_jpg.rf.509c78851804deadd9b6aee5369e901e.jpg,1
Mekele_2022_R5C2_2000_2500_2000_2500_jpg.rf.64a53a58a7414302edc9cdf124439661.jpg,1
tyrol-w23-59-_png_jpg.rf.942a63b47ce662120795c0cec94cc4d0.jpg,1
Mekele_2022_R5C2_0_500_500_1000_jpg.rf.390ecf4a9c0c2909580a6bc3f0c111c4.jpg,1
austin16-1-_png_jpg.rf.f9778fdd8affbeb90eb3ebfeb301e458.jpg,1
tyrol-w23-48-_png_jpg.rf.9a8a4a16c12948629ffe8f2f254cae9a.jpg,1
Donetsk_2022_R1C9_4000_4500_11500_12000_jpg.rf.760938fcf445bc18f887aed36eeea04d.jpg,1
tyrol-w26-58-_png_jpg.rf.9504a6cb9fc5a589a4dd3297274c9636.jpg,1
Mekele_2022_R5C1_4000_4500_16000_16500_jpg.rf.2b2f3a8bed8302f6ab0c34962f4466aa.jpg,1
austin16-10-_png_jpg.rf.bdf1f4e7a69ce9bac21199bc024097d0.jpg,1
Donetsk_2022_R1C8_12000_12500_3500_4000_jpg.rf.d650ac31d9f77460f8fcdffcdf7ccf1b.jpg,1
Mekele_2022_R5C3_3000_3500_7000_7500_jpg.rf.2fc493e6feb6f0b301d7fd5168de1966.jpg,1
Donetsk_2022_R2C10_15500_16000_500_1000_jpg.rf.1e50b3ba4cfd9f64f630d4ad202aef9e.jpg,1
Donetsk_2022_R1C8_15000_15500_500_1000_jpg.rf.83779ea9a9ffba2261c3ee369a06c450.jpg,1
Mekele_2022_R5C2_4500_5000_0_500_jpg.rf.ec3072bae0a49461d964eb6be4380718.jpg,1
Mekele_2022_R5C3_10500_11000_5500_6000_jpg.rf.634126189a87c37e77f1db00f14c822d.jpg,1
Donetsk_2022_R1C8_12000_12500_5000_5500_jpg.rf.f42f235ff8aa9cb231f6724c59a99567.jpg,1
tyrol-w23-3-_png_jpg.rf.3429e674b1c62d191cc90dce4c2e06cd.jpg,1
tyrol-w27-16-_png_jpg.rf.c476444365d4fcae561177d096660e15.jpg,0
Mekele_2022_R5C2_1000_1500_1000_1500_jpg.rf.cb22471f7d6563649dae4fa0de599c92.jpg,1
Mekele_2022_R5C2_1000_1500_1500_2000_jpg.rf.fc63da945fda555604f4fc6517c54c19.jpg,1
tyrol-w23-49-_png_jpg.rf.533209870dfacdc444095b439b4abf22.jpg,1
tyrol-w23-5-_png_jpg.rf.dc962402793d523923b68d7b89bc5482.jpg,1
Donetsk_2022_R1C8_16000_16500_4500_5000_jpg.rf.e01c9d6f72182f2ed0beef0b90d19704.jpg,1
Mekele_2022_R5C1_11500_12000_2500_3000_jpg.rf.83821aa2d690eb5500ea165c1a0c0147.jpg,1
tyrol-w23-42-_png_jpg.rf.910e2fd412cf75555f42ab20ae261d29.jpg,0
tyrol-w25-40-_png_jpg.rf.18116bbabb8667f87ed42b6f8abc2135.jpg,1
Donetsk_2022_R1C8_16000_16500_4000_4500_jpg.rf.2e24f4abdc6ffae9c52f748d430fc1fc.jpg,1
tyrol-w25-88-_png_jpg.rf.a0ad2cd391b55b456f1dfb5d40fa55bc.jpg,1
Mekele_2022_R6C3_12000_12500_6000_6500_jpg.rf.0f1a5b004707878700ed84a55cd03bd7.jpg,1
tyrol-w23-53-_png_jpg.rf.373fec91690dadcd7540fc055791655d.jpg,1
Mekele_2022_R5C1_1500_2000_8000_8500_jpg.rf.5bde66ee1befa3c3d1565d55ba9d61cf.jpg,1
tyrol-w23-12-_png_jpg.rf.6a1a611340abe91897670cd1cedbc3f4.jpg,1
Tripoli_2022_R2C3_6500_7000_12000_12500_jpg.rf.34e968edba505aef9bef20e191afb379.jpg,1
Donetsk_2022_R2C10_13500_14000_1000_1500_jpg.rf.00f9898a78b705f3ad76f58ee00396e4.jpg,1
Donetsk_2022_R1C8_11500_12000_11500_12000_jpg.rf.f5298e73dcfff9b23441c00aba4e4727.jpg,1
Mekele_2022_R6C3_12500_13000_5500_6000_jpg.rf.387c8e21b95361f5a1ca41aa301844c0.jpg,1
austin16-100-_png_jpg.rf.4e070725caab66ba6d4e458ef3a85987.jpg,0
tyrol-w23-57-_png_jpg.rf.7b183a31b4052338debfc13b1cbbd3d0.jpg,1
Mekele_2022_R5C1_1500_2000_14000_14500_jpg.rf.c7aa91b5e43a8cc8be9ab46eb523804c.jpg,1